UDI,Product ID,Type,Air temperature [K],Process temperature [K],Rotational speed [rpm],Torque [Nm],Tool wear [min],Machine failure,TWF,Temperature Difference,Mechanical Load Proxy,Torque Speed Ratio
1,M14860,M,298.1,308.6,1551.0,42.8,0.0,0,0,10.5,66382.79999999999,0.027577319587628865
2,L47181,L,298.2,308.7,1408.0,46.3,3.0,0,0,10.5,65190.399999999994,0.03286018452803406
3,L47182,L,298.1,308.5,1498.0,49.4,5.0,0,0,10.399999999999977,74001.2,0.03295530353569046
4,L47183,L,298.2,308.6,1433.0,39.5,7.0,0,0,10.400000000000034,56603.5,0.027545327754532774
5,L47184,L,298.2,308.7,1408.0,40.0,9.0,0,0,10.5,56320.0,0.028388928317955996
6,M14865,M,298.1,308.6,1425.0,41.9,11.0,0,0,10.5,59707.5,0.029382889200561008
7,L47186,L,298.1,308.6,1558.0,42.4,14.0,0,0,10.5,66059.2,0.027196921103271328
8,L47187,L,298.1,308.6,1527.0,40.2,16.0,0,0,10.5,61385.4,0.026308900523560212
9,M14868,M,298.3,308.7,1667.0,28.6,18.0,0,0,10.399999999999977,47676.200000000004,0.017146282973621103
10,M14869,M,298.5,309.0,1741.0,28.0,21.0,0,0,10.5,48748.0,0.016073478760045924
11,H29424,H,298.4,308.9,1782.0,23.9,24.0,0,0,10.5,42589.799999999996,0.013404374649467189
12,H29425,H,298.6,309.1,1423.0,44.3,29.0,0,0,10.5,63038.899999999994,0.03110955056179775
13,M14872,M,298.6,309.1,1339.0,51.1,34.0,0,0,10.5,68422.90000000001,0.03813432835820896
14,M14873,M,298.6,309.2,1742.0,30.0,37.0,0,0,10.599999999999966,52260.0,0.01721170395869191
15,L47194,L,298.6,309.2,2035.0,19.6,40.0,0,0,10.599999999999966,39886.0,0.00962671905697446
16,L47195,L,298.6,309.2,1542.0,48.4,42.0,0,0,10.599999999999966,74632.8,0.03136746597537265
17,M14876,M,298.6,309.2,1311.0,46.6,44.0,0,0,10.599999999999966,61092.6,0.03551829268292683
18,M14877,M,298.7,309.2,1410.0,45.6,47.0,0,0,10.5,64296.0,0.032317505315379164
19,H29432,H,298.8,309.2,1306.0,54.5,50.0,0,0,10.399999999999977,71177.0,0.041698546289211935
20,M14879,M,298.9,309.3,1632.0,32.5,55.0,0,0,10.400000000000034,53040.0,0.019902020820575628
21,H29434,H,298.9,309.3,1375.0,42.7,58.0,0,0,10.400000000000034,58712.50000000001,0.03103197674418605
22,L47201,L,298.8,309.3,1450.0,44.8,63.0,0,0,10.5,64959.99999999999,0.03087525844245348
23,M14882,M,298.9,309.3,1581.0,30.7,65.0,0,0,10.400000000000034,48536.7,0.01940581542351454
24,L47203,L,299.0,309.4,1758.0,25.7,68.0,0,0,10.399999999999977,45180.6,0.014610574189880614
25,M14884,M,299.0,309.4,1561.0,37.3,70.0,0,0,10.399999999999977,58225.299999999996,0.023879641485275285
26,L47205,L,299.0,309.5,1861.0,23.3,73.0,0,0,10.5,43361.3,0.01251342642320086
27,L47206,L,299.1,309.5,1503.0,39.0,75.0,0,0,10.399999999999977,58617.0,0.025930851063829786
28,H29441,H,299.1,309.4,1811.0,24.6,77.0,0,0,10.299999999999955,44550.600000000006,0.013576158940397352
29,L47208,L,299.1,309.4,1439.0,44.2,82.0,0,0,10.299999999999955,63603.8,0.030694444444444448
30,L47209,L,299.0,309.4,1693.0,30.1,84.0,0,0,10.399999999999977,50959.3,0.017768595041322315
31,M14890,M,299.1,309.5,1339.0,48.2,86.0,0,0,10.399999999999977,64539.8,0.03597014925373135
32,L47211,L,299.0,309.4,1798.0,25.5,89.0,0,0,10.399999999999977,45849.0,0.014174541411895497
33,L47212,L,299.0,309.4,1419.0,48.3,91.0,0,0,10.399999999999977,68537.7,0.03401408450704225
34,L47213,L,298.9,309.3,1665.0,32.5,93.0,0,0,10.400000000000034,54112.5,0.019507803121248498
35,M14894,M,298.8,309.1,1559.0,34.7,95.0,0,0,10.300000000000011,54097.3,0.022243589743589746
36,M14895,M,298.8,309.2,1452.0,48.6,98.0,0,0,10.399999999999977,70567.2,0.033448038540949764
37,M14896,M,298.9,309.2,1581.0,36.7,101.0,0,0,10.300000000000011,58022.700000000004,0.023198482932996208
38,L47217,L,298.8,309.1,1439.0,39.2,104.0,0,0,10.300000000000011,56408.8,0.027222222222222224
39,H29452,H,298.9,309.2,1379.0,50.7,106.0,0,0,10.300000000000011,69915.3,0.03673913043478261
40,L47219,L,298.8,309.1,1350.0,52.5,111.0,0,0,10.300000000000011,70875.0,0.038860103626943004
41,L47220,L,298.8,309.1,1362.0,45.4,113.0,0,0,10.300000000000011,61834.799999999996,0.03330887747615554
42,L47221,L,300.1,309.1,1368.0,50.8,115.0,0,0,9.0,69494.4,0.03710737764791819
43,M14902,M,298.8,309.1,1368.0,49.1,117.0,0,0,10.300000000000011,67168.8,0.03586559532505479
44,H29457,H,298.8,309.2,1372.0,48.5,120.0,0,0,10.399999999999977,66542.0,0.035324107793153675
45,M14904,M,298.8,309.1,1472.0,47.5,125.0,0,0,10.300000000000011,69920.0,0.032247114731839784
46,L47225,L,298.8,309.1,1489.0,49.1,128.0,0,0,10.300000000000011,73109.90000000001,0.03295302013422819
47,M14906,M,298.7,309.0,1843.0,25.8,130.0,0,0,10.300000000000011,47549.4,0.013991323210412148
48,L47227,L,298.8,309.1,1418.0,46.3,133.0,0,0,10.300000000000011,65653.4,0.03262861169837914
49,H29462,H,298.8,309.2,1425.0,53.9,135.0,0,0,10.399999999999977,76807.5,0.037798036465638146
50,M14909,M,298.9,309.2,1412.0,44.1,140.0,0,0,10.300000000000011,62269.200000000004,0.031210191082802548
51,L47230,L,298.9,309.1,2861.0,4.6,143.0,1,0,10.200000000000045,13160.599999999999,0.0016072676450034939
52,L47231,L,298.9,309.1,1383.0,54.9,145.0,0,0,10.200000000000045,75926.7,0.039667630057803466
53,H29466,H,298.8,309.0,1497.0,43.8,147.0,0,0,10.199999999999989,65568.59999999999,0.029238985313751666
54,L47233,L,298.7,309.0,1565.0,35.1,152.0,0,0,10.300000000000011,54931.5,0.022413793103448276
55,L47234,L,298.7,309.0,1691.0,30.1,154.0,0,0,10.300000000000011,50899.100000000006,0.017789598108747046
56,L47235,L,298.8,309.1,1512.0,40.7,156.0,0,0,10.300000000000011,61538.4,0.026900198281559817
57,L47236,L,298.8,309.1,1477.0,42.4,158.0,0,0,10.300000000000011,62624.799999999996,0.02868741542625169
58,L47237,L,298.8,309.1,1513.0,40.3,160.0,0,0,10.300000000000011,60973.899999999994,0.026618229854689562
59,M14918,M,298.8,309.0,1661.0,29.5,162.0,0,0,10.199999999999989,48999.5,0.017749699157641397
60,L47239,L,298.8,309.1,1378.0,54.4,165.0,0,0,10.300000000000011,74963.2,0.03944887599709935
61,L47240,L,298.8,309.1,1393.0,52.6,167.0,0,0,10.300000000000011,73271.8,0.03773314203730273
62,M14921,M,298.8,309.0,1592.0,38.2,169.0,0,0,10.199999999999989,60814.4,0.023979912115505337
63,L47242,L,298.8,309.0,1829.0,22.9,172.0,0,0,10.199999999999989,41884.1,0.012513661202185791
64,M14923,M,298.9,309.0,1812.0,25.9,174.0,0,0,10.100000000000023,46930.799999999996,0.014285714285714285
65,L47244,L,299.0,309.1,1523.0,38.6,177.0,0,0,10.100000000000023,58787.8,0.025328083989501312
66,L47245,L,299.0,309.1,1394.0,45.1,179.0,0,0,10.100000000000023,62869.4,0.03232974910394265
67,M14926,M,298.9,308.9,1679.0,28.7,181.0,0,0,10.0,48187.299999999996,0.017083333333333332
68,H29481,H,298.8,308.9,1466.0,44.1,184.0,0,0,10.099999999999966,64650.6,0.030061349693251534
69,L47248,L,298.8,308.9,1527.0,32.4,189.0,0,0,10.099999999999966,49474.799999999996,0.021204188481675393
70,L47249,L,298.9,309.0,1410.0,65.7,191.0,1,0,10.100000000000023,92637.0,0.046562721474131825
71,M14930,M,298.9,309.0,1924.0,22.6,193.0,0,0,10.100000000000023,43482.4,0.011740259740259742
72,L47251,L,298.9,309.1,1452.0,45.5,196.0,0,0,10.200000000000045,66066.0,0.03131452167928424
73,L47252,H,298.9,309.1,1369.0,44.4,198.0,0,0,10.200000000000045,60783.6,0.03240875912408759
74,L47253,L,299.0,309.1,1592.0,35.0,200.0,0,0,10.100000000000023,55720.0,0.02197112366603892
75,L47254,L,298.9,309.0,1601.0,32.3,202.0,0,0,10.100000000000023,51712.299999999996,0.02016229712858926
76,L47255,L,298.8,308.9,1379.0,46.7,204.0,0,0,10.099999999999966,64399.3,0.03384057971014493
77,L47256,L,298.8,308.9,1461.0,47.9,206.0,0,0,10.099999999999966,69981.9,0.03276333789329685
78,L47257,L,298.8,308.9,1455.0,41.3,208.0,1,1,10.099999999999966,60091.49999999999,0.028365384615384612
79,L47258,L,298.8,308.9,1398.0,51.5,0.0,0,0,10.099999999999966,71997.0,0.0368120085775554
80,L47259,L,298.8,308.9,1402.0,37.9,2.0,0,0,10.099999999999966,53135.799999999996,0.027013542409123306
81,H29494,H,298.8,308.8,1445.0,49.9,4.0,0,0,10.0,72105.5,0.03450899031811895
82,L47261,L,298.9,308.9,1450.0,47.5,9.0,0,0,10.0,68875.0,0.03273604410751206
83,L47262,L,298.9,308.9,1453.0,40.8,11.0,0,0,10.0,59282.399999999994,0.028060522696011003
84,L47263,L,299.0,309.0,1469.0,40.1,13.0,0,0,10.0,58906.9,0.027278911564625852
85,L47264,L,298.9,308.9,1422.0,47.6,15.0,0,0,10.0,67687.2,0.033450456781447646
86,M14945,M,299.0,309.0,1804.0,26.8,17.0,0,0,10.0,48347.200000000004,0.014847645429362882
87,H29500,H,299.0,309.0,1436.0,43.9,20.0,0,0,10.0,63040.4,0.030549756437021573
88,L47267,L,299.0,309.0,1544.0,31.8,25.0,0,0,10.0,49099.200000000004,0.02058252427184466
89,M14948,M,299.0,309.0,1419.0,45.2,27.0,0,0,10.0,64138.8,0.03183098591549296
90,M14949,M,298.9,308.9,1487.0,39.5,30.0,0,0,10.0,58736.5,0.026545698924731184
91,L47270,L,298.9,308.9,1753.0,25.8,33.0,0,0,10.0,45227.4,0.014709236031927024
92,L47271,L,298.9,308.9,1830.0,24.9,35.0,0,0,10.0,45567.0,0.013599126160567994
93,M14952,M,298.9,308.9,1727.0,27.1,37.0,0,0,10.0,46801.700000000004,0.01568287037037037
94,L47273,L,299.1,309.0,1450.0,43.0,40.0,0,0,9.899999999999977,62350.0,0.029634734665747762
95,L47274,L,299.0,308.9,1622.0,31.9,42.0,0,0,9.899999999999977,51741.799999999996,0.019654959950708564
96,M14955,M,299.0,309.0,1351.0,52.2,44.0,0,0,10.0,70522.2,0.038609467455621306
97,M14956,M,299.0,309.0,1575.0,35.3,47.0,0,0,10.0,55597.49999999999,0.022398477157360406
98,M14957,M,298.9,308.9,1750.0,29.9,50.0,0,0,10.0,52325.0,0.017075956596230724
99,L47278,L,298.9,308.8,1529.0,32.7,53.0,0,0,9.900000000000034,49998.3,0.021372549019607844
100,L47279,L,298.8,308.8,1523.0,44.4,55.0,0,0,10.0,67621.2,0.029133858267716535
101,L47280,L,298.8,308.9,1852.0,25.0,57.0,0,0,10.099999999999966,46300.0,0.013491635186184566
102,L47281,L,298.8,308.8,1991.0,20.7,59.0,0,0,10.0,41213.7,0.01039156626506024
103,L47282,L,298.8,308.8,1555.0,40.6,61.0,0,0,10.0,63133.0,0.02609254498714653
104,M14963,M,298.8,308.8,1441.0,40.5,63.0,0,0,10.0,58360.5,0.02808599167822469
105,L47284,L,298.8,308.7,1450.0,43.4,66.0,0,0,9.899999999999977,62930.0,0.02991040661612681
106,L47285,L,298.8,308.7,1591.0,31.1,68.0,0,0,9.899999999999977,49480.100000000006,0.019535175879396984
107,L47286,L,298.8,308.7,1445.0,48.5,70.0,0,0,9.899999999999977,70082.5,0.03354080221300138
108,M14967,M,298.8,308.8,1497.0,46.8,72.0,0,0,10.0,70059.59999999999,0.031241655540720958
109,H29522,H,298.9,308.8,1621.0,32.7,75.0,0,0,9.900000000000034,53006.700000000004,0.020160295930949448
110,L47289,L,298.9,308.7,1572.0,34.1,80.0,0,0,9.800000000000011,53605.200000000004,0.02167832167832168
111,L47290,L,298.8,308.6,1872.0,22.5,82.0,0,0,9.800000000000011,42120.0,0.01201281366791244
112,H29525,H,298.7,308.6,1499.0,43.5,84.0,0,0,9.900000000000034,65206.5,0.029
113,M14972,M,298.8,308.7,1498.0,39.5,89.0,0,0,9.899999999999977,59171.0,0.026350900600400268
114,M14973,M,298.8,308.6,1486.0,41.9,92.0,0,0,9.800000000000011,62263.4,0.028177538668459987
115,L47294,L,298.8,308.6,1680.0,29.4,95.0,0,0,9.800000000000011,49392.0,0.017489589530041642
116,L47295,L,298.8,308.6,1431.0,45.7,97.0,0,0,9.800000000000011,65396.700000000004,0.031913407821229055
117,L47296,L,298.9,308.7,1564.0,34.1,99.0,0,0,9.800000000000011,53332.4,0.021789137380191694
118,L47297,L,298.8,308.6,1599.0,33.0,101.0,0,0,9.800000000000011,52767.0,0.020625
119,M14978,M,298.8,308.6,1707.0,28.1,103.0,0,0,9.800000000000011,47966.700000000004,0.016451990632318503
120,L47299,L,298.7,308.5,1467.0,40.7,106.0,0,0,9.800000000000011,59706.9,0.02772479564032698
121,L47300,L,298.9,308.7,1433.0,44.7,108.0,0,0,9.800000000000011,64055.100000000006,0.031171548117154814
122,L47301,L,298.9,308.7,1558.0,41.2,110.0,0,0,9.800000000000011,64189.600000000006,0.026427196921103274
123,L47302,L,299.0,308.8,1310.0,50.7,112.0,0,0,9.800000000000011,66417.0,0.03867276887871854
124,L47303,L,298.9,308.7,1546.0,43.4,114.0,0,0,9.800000000000011,67096.4,0.028054298642533934
125,L47304,L,298.9,308.7,1727.0,29.4,116.0,0,0,9.800000000000011,50773.799999999996,0.017013888888888887
126,L47305,L,298.9,308.6,1560.0,32.2,118.0,0,0,9.700000000000045,50232.00000000001,0.020627802690582963
127,L47306,L,299.0,308.6,1329.0,60.5,120.0,0,0,9.600000000000023,80404.5,0.04548872180451128
128,L47307,L,298.9,308.6,1413.0,46.5,122.0,0,0,9.700000000000045,65704.5,0.03288543140028288
129,L47308,L,299.0,310.1,1587.0,38.6,124.0,0,0,11.100000000000023,61258.200000000004,0.02430730478589421
130,L47309,L,298.9,308.5,1559.0,34.3,126.0,0,0,9.600000000000023,53473.7,0.021987179487179487
131,L47310,L,298.8,308.4,1473.0,41.1,128.0,0,0,9.599999999999966,60540.3,0.027883310719131617
132,L47311,L,298.8,308.4,1737.0,27.7,130.0,0,0,9.599999999999966,48114.9,0.015937859608745684
133,M14992,M,298.7,308.4,1441.0,43.2,132.0,0,0,9.699999999999989,62251.200000000004,0.02995839112343967
134,M14993,M,298.7,308.4,1430.0,49.6,135.0,0,0,9.699999999999989,70928.0,0.03466107617051013
135,L47314,L,298.8,308.4,1369.0,53.0,138.0,0,0,9.599999999999966,72557.0,0.03868613138686131
136,M14995,M,298.8,308.5,1711.0,28.5,140.0,0,0,9.699999999999989,48763.5,0.01664719626168224
137,H29550,H,298.7,308.5,1420.0,45.7,143.0,0,0,9.800000000000011,64894.00000000001,0.03216045038705138
138,L47317,L,298.7,308.6,1297.0,55.3,148.0,0,0,9.900000000000034,71724.09999999999,0.0426040061633282
139,H29552,H,298.8,308.6,1449.0,49.4,150.0,0,0,9.800000000000011,71580.59999999999,0.03406896551724138
140,L47319,L,298.8,308.6,1268.0,55.8,155.0,0,0,9.800000000000011,70754.4,0.04397163120567376
141,L47320,L,298.8,308.6,1511.0,36.1,157.0,0,0,9.800000000000011,54547.1,0.023875661375661376
142,L47321,L,298.7,308.5,1544.0,35.2,159.0,0,0,9.800000000000011,54348.8,0.0227831715210356
143,M15002,M,298.6,308.4,1778.0,28.2,161.0,0,0,9.799999999999955,50139.6,0.015851602023608767
144,H29557,H,298.6,308.4,1407.0,50.5,164.0,0,0,9.799999999999955,71053.5,0.03586647727272727
145,M15004,M,298.6,308.4,1391.0,42.4,169.0,0,0,9.799999999999955,58978.4,0.03045977011494253
146,L47325,L,298.5,308.4,1513.0,33.6,172.0,0,0,9.899999999999977,50836.8,0.022192866578599736
147,H29560,H,298.5,308.4,1612.0,36.1,174.0,0,0,9.899999999999977,58193.200000000004,0.022380657160570368
148,L47327,L,298.4,308.4,1515.0,40.1,179.0,0,0,10.0,60751.5,0.02645118733509235
149,M15008,M,298.3,308.3,1379.0,48.0,181.0,0,0,10.0,66192.0,0.034782608695652174
150,L47329,L,298.4,308.3,1473.0,39.9,184.0,0,0,9.900000000000034,58772.7,0.027069199457259156
151,L47330,L,298.4,308.3,1422.0,42.7,186.0,0,0,9.900000000000034,60719.4,0.03000702740688686
152,M15011,M,298.4,308.2,1463.0,37.6,188.0,0,0,9.800000000000011,55008.8,0.02568306010928962
153,M15012,M,298.4,308.2,1584.0,41.0,191.0,0,0,9.800000000000011,64944.0,0.025867507886435333
154,L47333,L,298.4,308.2,1850.0,27.0,194.0,0,0,9.800000000000011,49950.0,0.014586709886547812
155,L47334,L,298.4,308.2,1528.0,36.2,196.0,0,0,9.800000000000011,55313.600000000006,0.023675604970569
156,H29569,H,298.4,308.2,1987.0,19.8,198.0,0,0,9.800000000000011,39342.6,0.009959758551307847
157,M15016,M,298.4,308.1,1495.0,46.0,203.0,0,0,9.700000000000045,68770.0,0.03074866310160428
158,H29571,H,298.4,308.2,1478.0,43.5,206.0,0,0,9.800000000000011,64293.0,0.029411764705882353
159,M15018,M,298.4,308.2,1499.0,40.0,211.0,0,0,9.800000000000011,59960.0,0.02666666666666667
160,L47339,L,298.4,308.2,1471.0,47.0,214.0,0,0,9.800000000000011,69137.0,0.03192934782608696
161,L47340,L,298.4,308.2,1282.0,60.7,216.0,1,0,9.800000000000011,77817.40000000001,0.04731098986749805
162,L47341,L,298.3,308.1,1412.0,52.3,218.0,1,0,9.800000000000011,73847.59999999999,0.03701344656758669
163,L47342,M,298.3,308.1,1586.0,35.5,0.0,0,0,9.800000000000011,56303.0,0.02236925015752993
164,M15023,M,298.4,308.2,1468.0,43.8,2.0,0,0,9.800000000000011,64298.399999999994,0.029816201497617423
165,M15024,M,298.5,308.3,1440.0,43.6,5.0,0,0,9.800000000000011,62784.0,0.030256766134628733
166,L47345,L,298.5,308.4,1733.0,26.0,8.0,0,0,9.899999999999977,45058.0,0.014994232987312572
167,H29580,H,298.4,308.2,1612.0,32.6,10.0,0,0,9.800000000000011,52551.200000000004,0.020210787352758837
168,H29581,H,298.4,308.3,1458.0,42.9,15.0,0,0,9.900000000000034,62548.2,0.02940370116518163
169,L47348,L,298.4,308.3,1433.0,62.3,20.0,1,0,9.900000000000034,89275.9,0.04344490934449093
170,L47349,L,298.4,308.3,1318.0,59.1,22.0,0,0,9.900000000000034,77893.8,0.04480667172100076
171,M15030,M,298.4,308.2,1610.0,35.0,24.0,0,0,9.800000000000011,56350.0,0.021725636250775917
172,L47351,L,298.2,308.1,1462.0,50.8,27.0,0,0,9.900000000000034,74269.59999999999,0.03472317156527683
173,M15032,M,298.1,308.0,1924.0,20.8,29.0,0,0,9.899999999999977,40019.200000000004,0.010805194805194806
174,M15033,M,298.2,308.0,1591.0,33.7,32.0,0,0,9.800000000000011,53616.700000000004,0.021168341708542714
175,L47354,L,298.2,308.1,1306.0,58.3,35.0,0,0,9.900000000000034,76139.8,0.04460596786534047
176,L47355,L,298.2,308.1,1382.0,43.5,37.0,0,0,9.900000000000034,60117.0,0.031453362255965296
177,L47356,L,298.2,308.1,1618.0,34.7,39.0,0,0,9.900000000000034,56144.600000000006,0.021432983323038914
178,L47357,L,298.2,308.2,1988.0,21.4,41.0,0,0,10.0,42543.2,0.010759175465057818
179,L47358,L,298.2,308.2,1436.0,50.2,43.0,0,0,10.0,72087.2,0.0349338900487126
180,L47359,L,298.2,308.3,1304.0,49.8,45.0,0,0,10.100000000000023,64939.2,0.03816091954022988
181,L47360,L,298.2,308.3,1475.0,49.9,47.0,0,0,10.100000000000023,73602.5,0.03380758807588076
182,H29595,H,298.2,308.3,1824.0,24.2,49.0,0,0,10.100000000000023,44140.799999999996,0.01326027397260274
183,M15042,M,298.1,308.2,1342.0,48.1,54.0,0,0,10.099999999999966,64550.200000000004,0.03581533879374535
184,L47363,L,298.1,308.2,1485.0,40.7,57.0,0,0,10.099999999999966,60439.50000000001,0.027388963660834455
185,L47364,L,298.2,308.2,1667.0,30.6,59.0,0,0,10.0,51010.200000000004,0.018345323741007197
186,L47365,L,298.2,308.2,1446.0,38.2,61.0,0,0,10.0,55237.200000000004,0.02639944713199724
187,L47366,L,298.1,308.3,1301.0,56.0,63.0,0,0,10.199999999999989,72856.0,0.043010752688172046
188,L47367,L,298.2,308.4,1379.0,43.1,65.0,0,0,10.199999999999989,59434.9,0.031231884057971015
189,L47368,L,298.3,308.5,1606.0,33.6,67.0,0,0,10.199999999999989,53961.600000000006,0.0209085252022402
190,M15049,M,298.3,308.4,1539.0,43.4,69.0,0,0,10.099999999999966,66792.59999999999,0.02818181818181818
191,L47370,L,298.2,308.4,1477.0,49.9,72.0,0,0,10.199999999999989,73702.3,0.03376184032476319
192,L47371,L,298.2,308.4,1666.0,34.6,74.0,0,0,10.199999999999989,57643.600000000006,0.020755848830233955
193,H29606,H,298.2,308.4,1398.0,51.8,76.0,0,0,10.199999999999989,72416.4,0.037026447462473196
194,H29607,H,298.2,308.4,1678.0,34.6,81.0,0,0,10.199999999999989,58058.8,0.02060750446694461
195,M15054,M,298.2,308.5,2678.0,10.7,86.0,1,0,10.300000000000011,28654.6,0.003994027622247107
196,L47375,L,298.3,308.5,1453.0,42.9,89.0,0,0,10.199999999999989,62333.7,0.029504814305364512
197,H29610,H,298.3,308.6,1432.0,49.5,91.0,0,0,10.300000000000011,70884.0,0.03454291695743196
198,M15057,M,298.4,308.6,1527.0,40.9,96.0,0,0,10.200000000000045,62454.299999999996,0.026767015706806282
199,L47378,L,298.4,308.7,1588.0,35.0,99.0,0,0,10.300000000000011,55580.0,0.022026431718061675
200,L47379,L,298.4,308.6,1433.0,47.1,101.0,0,0,10.200000000000045,67494.3,0.03284518828451883
201,L47380,L,298.4,308.6,1609.0,35.0,103.0,0,0,10.200000000000045,56315.0,0.021739130434782608
202,L47381,L,298.3,308.5,1575.0,41.2,105.0,0,0,10.199999999999989,64890.00000000001,0.026142131979695435
203,M15062,M,298.4,308.5,1636.0,35.7,107.0,0,0,10.100000000000023,58405.200000000004,0.021808185705558952
204,L47383,L,298.4,308.5,1490.0,37.9,110.0,0,0,10.100000000000023,56471.0,0.025419181757209926
205,L47384,L,298.4,308.5,1741.0,32.8,112.0,0,0,10.100000000000023,57104.799999999996,0.018828932261768083
206,M15065,M,298.5,308.6,1344.0,53.0,114.0,0,0,10.100000000000023,71232.0,0.03940520446096654
207,L47386,L,298.5,308.7,1609.0,35.3,117.0,0,0,10.199999999999989,56797.7,0.021925465838509316
208,M15067,M,298.4,308.7,1421.0,60.7,119.0,1,0,10.300000000000011,86254.7,0.04268635724331927
209,L47388,L,298.4,308.6,1591.0,36.7,122.0,0,0,10.200000000000045,58389.700000000004,0.02305276381909548
210,L47389,L,298.4,308.6,1477.0,44.0,108.0,0,0,10.200000000000045,64988.0,0.029769959404600813
211,L47390,L,298.4,308.7,1523.0,36.1,126.0,0,0,10.300000000000011,54980.3,0.023687664041994752
212,L47391,L,298.5,308.7,1575.0,33.9,128.0,0,0,10.199999999999989,53392.5,0.021510152284263957
213,H29626,H,298.4,308.7,1344.0,52.9,130.0,0,0,10.300000000000011,71097.59999999999,0.03933085501858736
214,L47393,L,298.4,308.7,1386.0,44.9,135.0,0,0,10.300000000000011,62231.4,0.032372025955299207
215,M15074,M,298.3,308.6,1589.0,37.1,137.0,0,0,10.300000000000011,58951.9,0.023333333333333334
216,L47395,L,298.3,308.6,1548.0,40.3,140.0,0,0,10.300000000000011,62384.399999999994,0.02601678502259522
217,L47396,L,298.3,308.6,1499.0,38.3,142.0,0,0,10.300000000000011,57411.7,0.02553333333333333
218,L47397,L,298.3,308.5,1664.0,31.6,144.0,0,0,10.199999999999989,52582.4,0.018978978978978978
219,L47398,L,298.3,308.6,1447.0,38.1,146.0,0,0,10.300000000000011,55130.700000000004,0.026312154696132597
220,M15079,M,298.3,308.5,1434.0,46.2,148.0,0,0,10.199999999999989,66250.8,0.03219512195121951
221,L47400,L,298.3,308.5,1416.0,52.7,151.0,0,0,10.199999999999989,74623.2,0.037191249117854625
222,H29635,H,298.4,308.5,1827.0,24.3,153.0,0,0,10.100000000000023,44396.1,0.013293216630196936
223,L47402,L,298.4,308.6,1304.0,45.0,158.0,0,0,10.200000000000045,58680.0,0.034482758620689655
224,L47403,L,298.4,308.6,1569.0,34.4,160.0,0,0,10.200000000000045,53973.6,0.021910828025477707
225,L47404,L,298.3,308.6,1584.0,29.3,162.0,0,0,10.300000000000011,46411.200000000004,0.018485804416403784
226,L47405,L,298.3,308.5,1362.0,53.8,164.0,0,0,10.199999999999989,73275.59999999999,0.03947175348495965
227,L47406,L,298.3,308.4,1329.0,49.2,166.0,0,0,10.099999999999966,65386.8,0.03699248120300752
228,L47407,L,298.3,308.5,1539.0,36.1,168.0,0,0,10.199999999999989,55557.9,0.023441558441558444
229,M15088,M,298.3,308.5,1629.0,37.1,170.0,0,0,10.199999999999989,60435.9,0.02276073619631902
230,L47409,L,298.3,308.5,1538.0,32.2,173.0,0,0,10.199999999999989,49523.600000000006,0.02092267706302794
231,L47410,L,298.3,308.6,1570.0,34.8,175.0,0,0,10.300000000000011,54635.99999999999,0.022151495862507954
232,L47411,L,298.3,308.4,1408.0,43.1,177.0,0,0,10.099999999999966,60684.8,0.03058907026259759
233,L47412,L,298.2,308.4,1424.0,47.6,179.0,0,0,10.199999999999989,67782.40000000001,0.033403508771929824
234,L47413,L,298.2,308.4,1512.0,34.9,181.0,0,0,10.199999999999989,52768.799999999996,0.02306675479180436
235,L47414,L,298.2,308.4,1478.0,42.9,183.0,0,0,10.199999999999989,63406.2,0.02900608519269777
236,M15095,M,298.1,308.3,1680.0,33.7,185.0,0,0,10.199999999999989,56616.00000000001,0.02004759071980964
237,L47416,L,298.1,308.3,1495.0,38.7,188.0,0,0,10.199999999999989,57856.50000000001,0.025868983957219253
238,M15097,M,298.0,308.1,1552.0,36.6,190.0,0,0,10.100000000000023,56803.200000000004,0.023567289117836447
239,L47418,L,297.9,308.1,1393.0,50.3,193.0,0,0,10.200000000000045,70067.9,0.0360832137733142
240,L47419,L,298.0,308.2,1611.0,30.6,195.0,0,0,10.199999999999989,49296.600000000006,0.018982630272952855
241,M15100,M,298.0,308.1,1339.0,51.6,197.0,0,0,10.100000000000023,69092.40000000001,0.038507462686567163
242,L47421,L,298.0,308.1,1777.0,24.3,200.0,0,0,10.100000000000023,43181.1,0.013667041619797525
243,L47422,L,298.0,308.2,1348.0,58.8,202.0,1,0,10.199999999999989,79262.4,0.043587842846553
244,L47423,L,298.0,308.2,1442.0,44.1,204.0,0,0,10.199999999999989,63592.200000000004,0.030561330561330563
245,M15104,M,298.0,308.2,1395.0,49.1,206.0,0,0,10.199999999999989,68494.5,0.03517191977077364
246,M15105,L,297.9,308.1,1627.0,31.4,209.0,0,0,10.200000000000045,51087.799999999996,0.019287469287469286
247,L47426,L,297.9,308.1,1585.0,33.5,212.0,0,0,10.200000000000045,53097.5,0.02112232030264817
248,L47427,L,298.0,308.2,1469.0,45.5,214.0,0,0,10.199999999999989,66839.5,0.030952380952380953
249,L47428,L,298.0,308.3,1362.0,56.8,216.0,1,0,10.300000000000011,77361.59999999999,0.041672780630961116
250,L47429,L,298.0,308.3,1405.0,56.2,218.0,1,0,10.300000000000011,78961.0,0.03997155049786629
251,L47430,L,298.0,308.3,1662.0,32.7,0.0,0,0,10.300000000000011,54347.4,0.019663259170174384
252,M15111,M,298.0,308.2,1466.0,42.6,2.0,0,0,10.199999999999989,62451.6,0.02903885480572597
253,L47432,L,298.0,308.2,1620.0,35.8,5.0,0,0,10.199999999999989,57995.99999999999,0.022085132634176434
254,L47433,L,298.0,308.2,1357.0,48.2,7.0,0,0,10.199999999999989,65407.4,0.03549337260677467
255,L47434,L,298.0,308.2,1514.0,37.9,9.0,0,0,10.199999999999989,57380.6,0.025016501650165016
256,L47435,L,298.0,308.2,1489.0,40.4,11.0,0,0,10.199999999999989,60155.6,0.027114093959731543
257,L47436,L,298.1,308.3,1331.0,63.0,13.0,0,0,10.199999999999989,83853.0,0.0472972972972973
258,L47437,L,298.0,308.0,1615.0,29.5,15.0,0,0,10.0,47642.5,0.018254950495049504
259,L47438,L,298.1,308.2,1482.0,37.9,17.0,0,0,10.099999999999966,56167.799999999996,0.025556304787592715
260,M15119,M,298.1,308.2,1420.0,63.9,19.0,1,0,10.099999999999966,90738.0,0.04496833216045039
261,M15120,M,298.2,308.3,1522.0,49.1,22.0,0,0,10.100000000000023,74730.2,0.032239001969796455
262,L47441,L,298.1,308.2,1654.0,32.1,25.0,0,0,10.099999999999966,53093.4,0.019395770392749246
263,M15122,M,298.1,308.2,1736.0,26.8,27.0,0,0,10.099999999999966,46524.8,0.015428900402993667
264,M15123,L,298.0,308.1,1587.0,32.3,30.0,0,0,10.100000000000023,51260.1,0.020340050377833752
265,L47444,L,298.1,308.2,1390.0,47.5,33.0,0,0,10.099999999999966,66025.0,0.03414809489575845
266,L47445,L,298.0,308.1,1454.0,37.1,35.0,0,0,10.100000000000023,53943.4,0.025498281786941582
267,H29680,H,298.0,308.1,1440.0,43.7,37.0,0,0,10.100000000000023,62928.00000000001,0.03032616238723109
268,L47447,L,297.9,308.0,1954.0,21.1,42.0,0,0,10.100000000000023,41229.4,0.010792838874680308
269,H29682,H,297.9,308.0,1800.0,24.8,44.0,0,0,10.100000000000023,44640.0,0.01377012770682954
270,L47449,L,298.0,308.0,1524.0,37.0,49.0,0,0,10.0,56388.0,0.024262295081967214
271,H29684,H,298.0,308.0,1520.0,39.6,51.0,0,0,10.0,60192.0,0.026035502958579884
272,M15131,M,298.1,308.1,1452.0,40.8,56.0,0,0,10.0,59241.6,0.02807983482450103
273,L47452,L,298.1,308.1,1484.0,40.4,59.0,0,0,10.0,59953.6,0.027205387205387205
274,L47453,L,298.1,308.0,1426.0,46.0,61.0,0,0,9.899999999999977,65596.0,0.0322354590049054
275,L47454,L,298.1,308.0,1652.0,28.5,63.0,0,0,9.899999999999977,47082.0,0.017241379310344827
276,L47455,L,298.0,308.0,1401.0,54.7,65.0,0,0,10.0,76634.7,0.03901569186875892
277,M15136,M,298.0,307.9,1750.0,26.6,67.0,0,0,9.899999999999977,46550.0,0.015191319246145061
278,H29691,H,298.0,308.0,1479.0,50.7,70.0,0,0,10.0,74985.3,0.03425675675675676
279,M15138,H,298.0,308.0,1620.0,29.4,75.0,0,0,10.0,47628.0,0.01813695249845774
280,L47459,L,298.0,308.1,1819.0,23.4,78.0,0,0,10.100000000000023,42564.6,0.012857142857142857
281,M15140,M,298.1,308.1,1456.0,43.7,80.0,0,0,10.0,63627.200000000004,0.029993136582017847
282,L47461,L,298.1,308.0,1626.0,36.5,83.0,0,0,9.899999999999977,59349.0,0.022433927473878304
283,M15142,M,298.1,308.1,1390.0,49.8,85.0,0,0,10.0,69222.0,0.035801581595974116
284,L47463,L,298.2,308.2,1469.0,43.0,88.0,0,0,10.0,63167.0,0.029251700680272108
285,L47464,L,298.2,308.3,2051.0,19.2,90.0,0,0,10.100000000000023,39379.2,0.00935672514619883
286,L47465,L,298.2,308.3,1568.0,36.0,92.0,0,0,10.100000000000023,56448.0,0.022944550669216062
287,L47466,L,298.2,308.3,1589.0,33.2,94.0,0,0,10.100000000000023,52754.8,0.02088050314465409
288,L47467,L,298.2,308.3,1805.0,31.6,96.0,0,0,10.100000000000023,57038.0,0.017497231450719825
289,H29702,H,298.2,308.4,1385.0,42.2,98.0,0,0,10.199999999999989,58447.00000000001,0.03044733044733045
290,L47469,L,298.1,308.4,1436.0,46.7,103.0,0,0,10.299999999999955,67061.2,0.032498260264439804
291,L47470,L,298.1,308.4,1438.0,45.6,105.0,0,0,10.299999999999955,65572.8,0.03168867268936762
292,L47471,L,298.0,308.3,1473.0,42.6,107.0,0,0,10.300000000000011,62749.8,0.028900949796472186
293,L47472,L,298.1,308.4,1335.0,40.2,109.0,0,0,10.299999999999955,53667.00000000001,0.030089820359281438
294,H29707,H,298.1,308.5,1392.0,44.8,111.0,0,0,10.399999999999977,62361.6,0.0321608040201005
295,M15154,M,298.1,308.5,1372.0,51.1,116.0,0,0,10.399999999999977,70109.2,0.037217771303714495
296,M15155,M,298.1,308.6,1716.0,30.7,119.0,0,0,10.5,52681.2,0.017880023296447292
297,L47476,L,298.0,308.5,1395.0,46.2,122.0,0,0,10.5,64449.00000000001,0.033094555873925506
298,L47477,L,298.0,308.5,1713.0,25.3,124.0,0,0,10.5,43338.9,0.014760793465577597
299,H29712,H,297.9,308.5,2129.0,18.7,126.0,0,0,10.600000000000023,39812.299999999996,0.008779342723004695
300,M15159,M,297.8,308.3,1567.0,35.6,131.0,0,0,10.5,55785.200000000004,0.022704081632653063
301,L47480,L,297.8,308.4,1622.0,38.3,134.0,0,0,10.599999999999966,62122.6,0.02359827479975354
302,L47481,L,297.7,308.4,1740.0,27.1,136.0,0,0,10.699999999999989,47154.0,0.01556576680068926
303,H29716,H,297.8,308.4,1512.0,35.1,138.0,0,0,10.599999999999966,53071.200000000004,0.023198942498347655
304,M15163,M,297.8,308.4,1479.0,40.1,143.0,0,0,10.599999999999966,59307.9,0.027094594594594595
305,L47484,L,297.8,308.4,1737.0,27.5,146.0,0,0,10.599999999999966,47767.5,0.015822784810126583
306,L47485,L,297.8,308.4,2129.0,19.2,148.0,0,0,10.599999999999966,40876.799999999996,0.009014084507042254
307,L47486,L,297.8,308.4,1374.0,47.1,150.0,0,0,10.599999999999966,64715.4,0.034254545454545454
308,M15167,M,297.8,308.4,1579.0,36.6,152.0,0,0,10.599999999999966,57791.4,0.023164556962025316
309,L47488,L,297.9,308.5,1305.0,47.2,155.0,0,0,10.600000000000023,61596.00000000001,0.03614088820826953
310,M15169,M,297.9,308.5,1449.0,40.8,157.0,0,0,10.600000000000023,59119.2,0.02813793103448276
311,H29724,H,298.0,308.6,1526.0,41.8,160.0,0,0,10.600000000000023,63786.799999999996,0.02737393582187295
312,M15171,M,298.0,308.6,1453.0,44.1,165.0,0,0,10.600000000000023,64077.3,0.03033012379642366
313,L47492,L,297.9,308.6,1468.0,36.0,168.0,0,0,10.700000000000045,52848.0,0.02450646698434309
314,L47493,L,298.0,308.6,1313.0,50.8,170.0,0,0,10.600000000000023,66700.4,0.03866057838660578
315,M15174,M,297.9,308.5,1300.0,53.0,172.0,0,0,10.600000000000023,68900.0,0.04073789392774789
316,L47495,L,297.9,308.4,1646.0,40.6,175.0,0,0,10.5,66827.6,0.024650880388585306
317,L47496,L,297.8,308.4,1714.0,33.2,177.0,0,0,10.599999999999966,56904.8,0.01935860058309038
318,L47497,L,297.8,308.4,1685.0,28.4,179.0,0,0,10.599999999999966,47854.0,0.016844602609727165
319,L47498,L,297.8,308.4,1512.0,39.9,181.0,0,0,10.599999999999966,60328.799999999996,0.026371447455386648
320,L47499,L,297.8,308.4,1612.0,32.1,183.0,0,0,10.599999999999966,51745.200000000004,0.019900805951642904
321,H29734,H,297.8,308.4,1550.0,38.2,185.0,0,0,10.599999999999966,59210.00000000001,0.02462927143778208
322,L47501,L,297.8,308.4,1518.0,32.5,190.0,0,0,10.599999999999966,49335.0,0.021395655036208033
323,L47502,L,297.8,308.5,1448.0,40.0,192.0,0,0,10.699999999999989,57920.0,0.027605244996549344
324,L47503,L,297.8,308.5,1561.0,46.3,194.0,0,0,10.699999999999989,72274.29999999999,0.02964148527528809
325,M15184,M,297.8,308.5,1488.0,40.1,196.0,0,0,10.699999999999989,59668.8,0.026930826057756884
326,L47505,L,297.8,308.5,1699.0,27.8,199.0,0,0,10.699999999999989,47232.200000000004,0.016352941176470587
327,L47506,L,297.7,308.5,1501.0,41.4,201.0,0,0,10.800000000000011,62141.4,0.027563249001331558
328,L47507,L,297.7,308.5,1373.0,56.7,203.0,1,0,10.800000000000011,77849.1,0.04126637554585153
329,H29742,H,297.6,308.4,1703.0,31.4,205.0,0,0,10.799999999999955,53474.2,0.018427230046948358
330,H29743,H,297.7,308.5,1720.0,29.9,210.0,0,0,10.800000000000011,51428.0,0.017373619988378847
331,M15190,M,297.6,308.4,1398.0,41.9,215.0,0,0,10.799999999999955,58576.2,0.029949964260185848
332,M15191,M,297.6,308.4,1391.0,51.9,218.0,0,0,10.799999999999955,72192.9,0.03728448275862069
333,M15192,M,297.6,308.3,1538.0,40.2,0.0,0,0,10.699999999999989,61827.600000000006,0.02612085769980507
334,L47513,L,297.5,308.2,1647.0,31.3,3.0,0,0,10.699999999999989,51551.1,0.01899271844660194
335,M15194,M,297.5,308.1,1469.0,44.8,5.0,0,0,10.600000000000023,65811.2,0.030476190476190473
336,L47515,L,297.4,308.1,1749.0,25.9,8.0,0,0,10.700000000000045,45299.1,0.014799999999999999
337,M15196,M,297.6,308.2,1995.0,20.5,10.0,0,0,10.599999999999966,40897.5,0.010270541082164329
338,L47517,L,297.6,308.3,1742.0,27.7,13.0,0,0,10.699999999999989,48253.4,0.015892139988525532
339,L47518,L,297.5,308.2,1563.0,38.2,15.0,0,0,10.699999999999989,59706.600000000006,0.024424552429667522
340,M15199,M,300.1,308.2,1713.0,32.2,17.0,0,0,8.099999999999966,55158.600000000006,0.018786464410735126
341,L47520,L,297.4,308.1,1474.0,39.4,20.0,0,0,10.700000000000045,58075.6,0.02671186440677966
342,M15201,M,297.4,308.2,1530.0,32.6,22.0,0,0,10.800000000000011,49878.0,0.021293272370999348
343,L47522,L,297.4,308.2,1471.0,46.5,25.0,0,0,10.800000000000011,68401.5,0.03158967391304348
344,L47523,L,297.5,308.3,1388.0,48.6,27.0,0,0,10.800000000000011,67456.8,0.03498920086393088
345,M15204,M,297.5,308.2,2448.0,13.8,29.0,0,0,10.699999999999989,33782.4,0.005634953042057983
346,L47525,L,297.5,308.3,1585.0,32.9,32.0,0,0,10.800000000000011,52146.5,0.020744010088272383
347,M15206,M,300.1,308.3,1459.0,45.2,34.0,0,0,8.199999999999989,65946.8,0.03095890410958904
348,L47527,L,297.5,308.3,1544.0,40.8,37.0,0,0,10.800000000000011,62995.2,0.02640776699029126
349,L47528,L,297.6,308.3,1617.0,31.7,39.0,0,0,10.699999999999989,51258.9,0.019592088998763905
350,L47529,L,297.6,308.3,1595.0,34.3,41.0,0,0,10.699999999999989,54708.49999999999,0.021491228070175436
351,H29764,H,297.6,308.3,1400.0,44.3,43.0,0,0,10.699999999999989,62019.99999999999,0.03162027123483226
352,M15211,M,297.6,308.4,1611.0,31.0,48.0,0,0,10.799999999999955,49941.0,0.019230769230769232
353,M15212,M,297.6,308.4,1507.0,46.0,51.0,0,0,10.799999999999955,69322.0,0.03050397877984085
354,H29767,H,297.5,308.3,1674.0,30.0,54.0,0,0,10.800000000000011,50220.0,0.01791044776119403
355,L47534,L,297.6,308.3,1658.0,34.3,59.0,0,0,10.699999999999989,56869.399999999994,0.020675105485232066
356,L47535,L,297.6,308.3,1623.0,36.9,61.0,0,0,10.699999999999989,59888.7,0.02272167487684729
357,M15216,M,297.6,308.4,1398.0,48.9,63.0,0,0,10.799999999999955,68362.2,0.03495353824160114
358,L47537,L,297.6,308.4,1517.0,34.2,66.0,0,0,10.799999999999955,51881.4,0.022529644268774705
359,M15218,M,297.6,308.3,1467.0,36.7,68.0,0,0,10.699999999999989,53838.9,0.025
360,M15219,M,297.6,308.3,1567.0,34.6,71.0,0,0,10.699999999999989,54218.200000000004,0.022066326530612246
361,M15220,M,297.5,308.3,1521.0,38.2,74.0,0,0,10.800000000000011,58102.200000000004,0.025098554533508545
362,L47541,L,297.5,308.3,1596.0,36.8,77.0,0,0,10.800000000000011,58732.799999999996,0.02304320601127113
363,H29776,H,297.6,308.3,1640.0,30.9,79.0,0,0,10.699999999999989,50676.0,0.01882998171846435
364,L47543,L,297.6,308.3,1438.0,47.8,84.0,0,0,10.699999999999989,68736.4,0.03321751216122307
365,L47544,L,297.6,308.4,1407.0,55.2,86.0,0,0,10.799999999999955,77666.40000000001,0.03920454545454546
366,L47545,L,297.6,308.4,1353.0,57.5,88.0,0,0,10.799999999999955,77797.5,0.042466765140324964
367,M15226,M,297.6,308.5,1552.0,40.9,90.0,0,0,10.899999999999977,63476.799999999996,0.026336123631680617
368,M15227,M,297.6,308.4,1569.0,38.3,93.0,0,0,10.799999999999955,60092.7,0.024394904458598723
369,L47548,L,297.5,308.4,1489.0,39.5,96.0,0,0,10.899999999999977,58815.5,0.026510067114093958
370,H29783,H,297.5,308.4,1587.0,36.1,98.0,0,0,10.899999999999977,57290.700000000004,0.022732997481108314
371,M15230,M,297.5,308.3,1622.0,37.2,103.0,0,0,10.800000000000011,60338.4,0.02292051756007394
372,L47551,L,297.5,308.4,1604.0,38.1,106.0,0,0,10.899999999999977,61112.4,0.023738317757009346
373,M15232,M,297.4,308.3,1405.0,51.7,108.0,0,0,10.900000000000034,72638.5,0.03677098150782362
374,L47553,L,297.4,310.1,1412.0,42.0,111.0,0,0,12.700000000000045,59304.0,0.029723991507430998
375,L47554,L,297.4,308.3,1431.0,43.0,113.0,0,0,10.900000000000034,61533.0,0.030027932960893854
376,L47555,L,297.4,308.2,1533.0,40.1,115.0,0,0,10.800000000000011,61473.3,0.026140808344198175
377,M15236,M,297.4,308.2,1401.0,51.9,117.0,0,0,10.800000000000011,72711.9,0.03701854493580599
378,M15237,M,297.4,308.2,1424.0,53.9,120.0,0,0,10.800000000000011,76753.59999999999,0.03782456140350877
379,L47558,L,297.3,308.2,1754.0,29.4,123.0,0,0,10.899999999999977,51567.6,0.016752136752136753
380,L47559,L,297.3,308.2,1754.0,26.8,125.0,0,0,10.899999999999977,47007.200000000004,0.015270655270655272
381,L47560,L,297.5,308.3,2564.0,12.8,127.0,1,0,10.800000000000011,32819.200000000004,0.004990253411306043
382,L47561,L,297.5,308.5,1546.0,40.4,129.0,0,0,11.0,62458.399999999994,0.026115061409179054
383,L47562,L,297.5,308.5,1335.0,48.0,131.0,0,0,11.0,64080.0,0.03592814371257485
384,M15243,M,297.5,308.6,1842.0,27.0,133.0,0,0,11.100000000000023,49734.0,0.01465002712967987
385,L47564,L,297.5,308.5,1712.0,26.8,136.0,0,0,11.0,45881.6,0.015645067133683598
386,M15245,M,297.6,308.6,1414.0,45.4,138.0,0,0,11.0,64195.6,0.03208480565371025
387,L47566,L,297.6,308.7,1319.0,50.9,141.0,0,0,11.099999999999966,67137.09999999999,0.03856060606060606
388,L47567,L,297.7,308.7,1249.0,60.4,143.0,0,0,11.0,75439.59999999999,0.04832
389,L47568,L,297.6,308.7,1455.0,48.2,145.0,0,0,11.099999999999966,70131.0,0.033104395604395605
390,M15249,M,297.6,308.7,1408.0,54.8,147.0,0,0,11.099999999999966,77158.4,0.038892831795599714
391,L47570,L,297.6,308.7,1460.0,46.7,150.0,0,0,11.099999999999966,68182.0,0.031964407939767285
392,L47571,L,297.6,308.6,1491.0,38.1,152.0,0,0,11.0,56807.1,0.025536193029490617
393,M15252,M,297.6,308.5,1490.0,43.4,154.0,0,0,10.899999999999977,64666.0,0.029107981220657275
394,M15253,M,297.5,308.4,1350.0,52.2,157.0,0,0,10.899999999999977,70470.0,0.038638045891931906
395,L47574,L,297.5,308.4,1528.0,39.9,160.0,0,0,10.899999999999977,60967.2,0.026095487246566382
396,L47575,L,297.4,308.3,1571.0,37.7,162.0,0,0,10.900000000000034,59226.700000000004,0.023982188295165397
397,L47576,L,297.4,308.3,1490.0,42.6,164.0,0,0,10.900000000000034,63474.0,0.028571428571428574
398,M15257,M,297.4,308.3,1774.0,28.9,166.0,0,0,10.900000000000034,51268.6,0.01628169014084507
399,H29812,H,297.4,308.3,1502.0,43.6,169.0,0,0,10.900000000000034,65487.200000000004,0.029008649367930805
400,L47579,L,297.4,308.4,1392.0,49.7,174.0,0,0,11.0,69182.40000000001,0.035678391959798994
401,L47580,L,297.4,308.5,2100.0,16.9,176.0,0,0,11.100000000000023,35490.0,0.008043788672060922
402,L47581,L,297.5,308.5,1722.0,30.4,178.0,0,0,11.0,52348.799999999996,0.017643644805571675
403,L47582,L,297.4,308.6,1678.0,32.3,180.0,0,0,11.200000000000045,54199.399999999994,0.01923764145324598
404,L47583,L,297.3,308.6,1273.0,59.8,182.0,0,0,11.300000000000011,76125.4,0.04693877551020408
405,L47584,L,297.3,308.6,1297.0,45.9,184.0,0,0,11.300000000000011,59532.299999999996,0.035362095531587055
406,L47585,L,297.3,308.5,1350.0,57.6,186.0,0,0,11.199999999999989,77760.0,0.04263508512213175
407,L47586,L,297.4,308.6,1439.0,51.9,188.0,0,0,11.200000000000045,74684.09999999999,0.036041666666666666
408,M15267,M,297.4,308.5,1600.0,42.1,190.0,0,0,11.100000000000023,67360.0,0.026296064959400376
409,M15268,M,297.4,308.6,1434.0,44.4,193.0,0,0,11.200000000000045,63669.6,0.030940766550522646
410,L47589,L,297.4,308.6,1459.0,41.3,196.0,0,0,11.200000000000045,60256.7,0.02828767123287671
411,M15270,M,297.5,308.6,1472.0,44.9,198.0,0,0,11.100000000000023,66092.8,0.030482009504412762
412,L47591,L,297.5,308.7,1429.0,44.3,201.0,0,0,11.199999999999989,63304.7,0.03097902097902098
413,L47592,L,297.5,308.6,1388.0,48.2,203.0,0,0,11.100000000000023,66901.6,0.03470122390208784
414,L47593,L,297.4,308.4,1573.0,34.5,205.0,0,0,11.0,54268.5,0.021918678526048285
415,L47594,L,297.4,308.4,1588.0,32.5,207.0,0,0,11.0,51610.0,0.020453115166771556
416,L47595,L,297.5,308.4,1511.0,42.8,209.0,0,0,10.899999999999977,64670.799999999996,0.028306878306878305
417,L47596,L,297.4,308.5,1495.0,37.8,211.0,0,0,11.100000000000023,56510.99999999999,0.025267379679144383
418,L47597,L,297.4,308.4,1394.0,50.1,213.0,0,0,11.0,69839.40000000001,0.035913978494623654
419,L47598,H,297.4,308.4,2151.0,17.7,0.0,0,0,11.0,38072.7,0.008224907063197026
420,M15279,M,297.3,308.3,1501.0,38.2,2.0,0,0,11.0,57338.200000000004,0.025432756324900135
421,M15280,M,297.3,308.3,1301.0,39.6,5.0,0,0,11.0,51519.6,0.030414746543778803
422,M15281,M,297.3,308.3,1657.0,31.1,8.0,0,0,11.0,51532.700000000004,0.018757539203860075
423,L47602,L,297.3,308.3,1333.0,55.2,11.0,0,0,11.0,73581.6,0.041379310344827586
424,L47603,L,297.3,308.3,1484.0,43.9,13.0,0,0,11.0,65147.6,0.02956228956228956
425,L47604,L,297.3,308.4,1430.0,45.7,15.0,0,0,11.099999999999966,65351.00000000001,0.031935709294199865
426,M15285,M,297.3,308.4,1665.0,28.9,17.0,0,0,11.099999999999966,48118.5,0.017346938775510204
427,L47606,L,297.4,308.5,1501.0,44.9,20.0,0,0,11.100000000000023,67394.9,0.029893475366178427
428,M15287,M,297.5,308.5,1496.0,42.2,22.0,0,0,11.0,63131.200000000004,0.028189712758851036
429,M15288,M,297.6,308.6,1595.0,36.9,25.0,0,0,11.0,58855.5,0.023120300751879697
430,L47609,L,297.5,308.6,1208.0,40.1,28.0,0,0,11.100000000000023,48440.8,0.03316790736145575
431,L47610,L,297.5,308.6,1596.0,37.1,30.0,0,0,11.100000000000023,59211.600000000006,0.023231058234189104
432,L47611,L,297.5,308.5,1446.0,41.9,32.0,0,0,11.0,60587.4,0.028956461644782307
433,M15292,M,297.6,308.5,1466.0,39.7,34.0,0,0,10.899999999999977,58200.200000000004,0.027062031356509884
434,M15293,M,297.6,308.5,1848.0,23.7,37.0,0,0,10.899999999999977,43797.6,0.012817739318550568
435,M15294,M,297.5,308.5,1484.0,44.7,40.0,0,0,11.0,66334.8,0.030101010101010104
436,L47615,L,297.4,308.3,1493.0,41.2,43.0,0,0,10.900000000000034,61511.600000000006,0.027576974564926374
437,L47616,L,297.3,308.3,1504.0,36.3,45.0,0,0,11.0,54595.2,0.024119601328903652
438,L47617,L,297.3,308.3,1538.0,38.5,47.0,0,0,11.0,59213.0,0.025016244314489927
439,L47618,L,297.4,308.4,1341.0,52.2,49.0,0,0,11.0,70000.2,0.038897168405365126
440,M15299,M,297.4,308.3,1535.0,34.6,51.0,0,0,10.900000000000034,53111.0,0.022526041666666666
441,L47620,L,297.4,308.5,1389.0,39.2,54.0,0,0,11.100000000000023,54448.8,0.028201438848920866
442,H29855,H,297.5,308.5,1393.0,46.6,56.0,0,0,11.0,64913.8,0.03342898134863702
443,L47622,L,297.4,308.5,1399.0,61.5,61.0,1,0,11.100000000000023,86038.5,0.04392857142857143
444,H29857,H,297.4,308.5,1469.0,45.1,63.0,0,0,11.100000000000023,66251.90000000001,0.03068027210884354
445,L47624,L,297.4,308.4,1582.0,37.2,68.0,0,0,11.0,58850.4,0.023499684144030322
446,L47625,L,297.5,308.6,1793.0,26.7,70.0,0,0,11.100000000000023,47873.1,0.01488294314381271
447,L47626,L,297.5,308.6,1452.0,39.0,72.0,0,0,11.100000000000023,56628.0,0.026841018582243633
448,M15307,M,297.6,308.7,1376.0,59.9,74.0,0,0,11.099999999999966,82422.4,0.04350036310820624
449,L47628,L,297.5,308.6,1552.0,44.9,77.0,0,0,11.100000000000023,69684.8,0.028911783644558917
450,L47629,L,297.6,308.7,1622.0,37.9,79.0,0,0,11.099999999999966,61473.799999999996,0.02335181762168823
451,M15310,M,297.6,308.7,1419.0,41.7,81.0,0,0,11.099999999999966,59172.3,0.029366197183098592
452,H29865,H,297.5,308.6,1440.0,46.1,84.0,0,0,11.100000000000023,66384.0,0.031991672449687716
453,M15312,M,297.4,308.6,1643.0,31.0,89.0,0,0,11.200000000000045,50933.0,0.018856447688564478
454,L47633,L,297.4,308.7,1510.0,36.2,92.0,0,0,11.300000000000011,54662.00000000001,0.023957643944407678
455,L47634,L,297.4,308.7,1468.0,46.6,94.0,0,0,11.300000000000011,68408.8,0.031722260040844115
456,L47635,L,297.4,308.7,1429.0,57.4,96.0,0,0,11.300000000000011,82024.59999999999,0.04013986013986014
457,H29870,H,297.3,308.7,1478.0,47.6,98.0,0,0,11.399999999999977,70352.8,0.03218390804597701
458,L47637,L,297.4,308.6,1276.0,53.6,103.0,0,0,11.200000000000045,68393.6,0.04197337509788567
459,L47638,L,297.3,308.6,1486.0,42.6,105.0,0,0,11.300000000000011,63303.6,0.028648285137861468
460,L47639,L,297.4,308.6,1476.0,42.3,107.0,0,0,11.200000000000045,62434.799999999996,0.02863913337846987
461,H29874,H,297.3,308.6,1431.0,42.0,109.0,0,0,11.300000000000011,60102.0,0.029329608938547486
462,L47641,L,297.4,308.7,1402.0,40.2,114.0,0,0,11.300000000000011,56360.4,0.028652886671418392
463,L47642,L,297.4,308.7,1433.0,43.4,116.0,0,0,11.300000000000011,62192.2,0.030264993026499303
464,L47643,L,297.4,308.7,2874.0,4.2,118.0,1,0,11.300000000000011,12070.800000000001,0.0014608695652173914
465,L47644,L,297.3,308.6,1511.0,35.7,120.0,0,0,11.300000000000011,53942.700000000004,0.023611111111111114
466,M15325,M,297.3,308.6,1456.0,42.9,122.0,0,0,11.300000000000011,62462.4,0.029444063143445436
467,L47646,L,297.2,308.5,1550.0,41.5,125.0,0,0,11.300000000000011,64325.0,0.02675693101225016
468,L47647,L,297.2,308.5,2182.0,16.5,127.0,0,0,11.300000000000011,36003.0,0.0075584058634906096
469,L47648,L,297.3,308.7,1619.0,31.6,129.0,0,0,11.399999999999977,51160.4,0.019506172839506175
470,M15329,M,297.3,308.8,1586.0,32.7,131.0,0,0,11.5,51862.200000000004,0.02060491493383743
471,H29884,H,297.3,308.8,1499.0,44.2,134.0,0,0,11.5,66255.8,0.02946666666666667
472,H29885,H,297.3,308.8,1419.0,42.4,139.0,0,0,11.5,60165.6,0.029859154929577462
473,M15332,M,297.4,309.0,1497.0,41.8,144.0,0,0,11.600000000000023,62574.6,0.027903871829105472
474,M15333,M,297.4,309.0,1520.0,37.0,147.0,0,0,11.600000000000023,56240.0,0.024326101249178174
475,L47654,L,297.4,309.1,1478.0,49.8,150.0,0,0,11.700000000000045,73604.4,0.033671399594320486
476,L47655,L,297.4,309.1,1380.0,41.1,152.0,0,0,11.700000000000045,56718.0,0.029761042722664735
477,L47656,L,297.4,309.0,1570.0,37.9,154.0,0,0,11.600000000000023,59503.0,0.024124761298535965
478,H29891,H,297.4,309.0,1468.0,41.4,156.0,0,0,11.600000000000023,60775.2,0.028182437031994554
479,L47658,L,297.4,309.0,1833.0,22.6,161.0,0,0,11.600000000000023,41425.8,0.01232279171210469
480,M15339,M,297.4,308.9,1323.0,57.3,163.0,0,0,11.5,75807.9,0.043277945619335345
481,L47660,L,297.4,309.0,1583.0,32.0,166.0,0,0,11.600000000000023,50656.0,0.020202020202020204
482,M15341,M,297.3,309.0,1556.0,39.5,168.0,0,0,11.699999999999989,61462.0,0.025369299935773925
483,L47662,L,297.3,309.0,1548.0,37.4,171.0,0,0,11.699999999999989,57895.2,0.024144609425435764
484,L47663,L,297.4,309.0,1324.0,56.9,173.0,0,0,11.600000000000023,75335.59999999999,0.04294339622641509
485,L47664,L,297.4,309.0,1568.0,33.7,175.0,0,0,11.600000000000023,52841.600000000006,0.021478648820905038
486,M15345,M,297.4,309.0,1685.0,30.7,177.0,0,0,11.600000000000023,51729.5,0.018208778173190984
487,M15346,M,297.4,309.1,1582.0,35.9,180.0,0,0,11.700000000000045,56793.799999999996,0.02267845862286797
488,M15347,M,297.4,309.1,1463.0,35.0,183.0,0,0,11.700000000000045,51205.0,0.02390710382513661
489,L47668,L,297.4,309.2,1584.0,42.8,186.0,0,0,11.800000000000011,67795.2,0.02700315457413249
490,M15349,M,297.5,309.2,1347.0,55.8,188.0,0,0,11.699999999999989,75162.59999999999,0.0413946587537092
491,L47670,L,297.4,309.2,1459.0,37.9,191.0,0,0,11.800000000000011,55296.1,0.02595890410958904
492,L47671,L,297.4,309.2,1420.0,45.6,193.0,0,0,11.800000000000011,64752.0,0.032090077410274455
493,L47672,L,297.5,309.3,1404.0,43.5,195.0,0,0,11.800000000000011,61074.0,0.03096085409252669
494,L47673,L,297.5,309.3,1470.0,38.8,197.0,0,0,11.800000000000011,57035.99999999999,0.02637661454792658
495,L47674,L,297.6,309.4,1326.0,49.8,199.0,0,0,11.799999999999955,66034.8,0.03752825923134891
496,H29909,H,297.5,309.3,1459.0,49.7,201.0,0,0,11.800000000000011,72512.3,0.03404109589041096
497,M15356,H,297.5,309.2,1530.0,40.0,206.0,0,0,11.699999999999989,61200.0,0.02612671456564337
498,L47677,L,297.4,309.0,1505.0,39.2,209.0,0,0,11.600000000000023,58996.00000000001,0.026029216467463482
499,L47678,L,297.5,309.1,1611.0,30.2,211.0,0,0,11.600000000000023,48652.2,0.018734491315136475
500,L47679,L,297.5,309.1,1515.0,35.1,213.0,0,0,11.600000000000023,53176.5,0.023153034300791558
501,M15360,M,297.5,309.2,1804.0,27.4,215.0,0,0,11.699999999999989,49429.6,0.015180055401662049
502,M15361,M,297.6,309.3,1464.0,46.2,218.0,0,0,11.699999999999989,67636.8,0.03153583617747441
503,L47682,L,297.6,309.2,1390.0,43.3,221.0,0,0,11.599999999999966,60186.99999999999,0.031128684399712434
504,M15363,M,297.6,309.2,1442.0,48.1,0.0,0,0,11.599999999999966,69360.2,0.03333333333333333
505,M15364,M,297.6,309.3,1529.0,41.9,3.0,0,0,11.699999999999989,64065.1,0.027385620915032678
506,L47685,L,297.6,309.3,1610.0,35.0,6.0,0,0,11.699999999999989,56350.0,0.021725636250775917
507,L47686,L,297.6,309.3,1543.0,34.3,8.0,0,0,11.699999999999989,52924.899999999994,0.02221502590673575
508,H29921,H,297.8,309.4,1445.0,48.2,10.0,0,0,11.599999999999966,69649.0,0.03333333333333333
509,L47688,L,297.7,309.3,1893.0,24.6,15.0,0,0,11.600000000000023,46567.8,0.012988384371700107
510,M15369,M,297.6,309.3,1415.0,41.3,17.0,0,0,11.699999999999989,58439.49999999999,0.029166666666666664
511,L47690,L,297.5,309.3,1564.0,37.5,20.0,0,0,11.800000000000011,58650.0,0.023961661341853034
512,L47691,L,297.5,309.3,1479.0,39.4,22.0,0,0,11.800000000000011,58272.6,0.02662162162162162
513,L47692,L,297.5,309.2,1426.0,44.8,24.0,0,0,11.699999999999989,63884.799999999996,0.03139453398738612
514,L47693,L,297.4,309.2,1428.0,38.8,26.0,0,0,11.800000000000011,55406.399999999994,0.027151854443666898
515,L47694,L,297.4,309.2,1620.0,33.2,28.0,0,0,11.800000000000011,53784.00000000001,0.020481184454040718
516,L47695,L,297.5,309.2,1715.0,28.0,30.0,0,0,11.699999999999989,48020.0,0.016317016317016316
517,L47696,L,297.5,309.3,1732.0,29.9,32.0,0,0,11.800000000000011,51786.799999999996,0.0172533179457588
518,M15377,M,297.5,309.4,1391.0,58.2,34.0,0,0,11.899999999999977,80956.2,0.04181034482758621
519,L47698,L,297.6,309.5,1924.0,20.6,37.0,0,0,11.899999999999977,39634.4,0.010701298701298703
520,M15379,M,297.7,309.5,2027.0,19.8,39.0,0,0,11.800000000000011,40134.6,0.009763313609467457
521,L47700,L,297.6,309.5,1617.0,36.2,42.0,0,0,11.899999999999977,58535.4,0.022373300370828186
522,L47701,L,297.5,309.4,1497.0,35.8,44.0,0,0,11.899999999999977,53592.6,0.023898531375166888
523,M15382,M,297.5,309.5,1448.0,43.7,46.0,0,0,12.0,63277.600000000006,0.03015873015873016
524,L47703,L,297.4,309.4,1401.0,45.9,49.0,0,0,12.0,64305.9,0.032738944365192583
525,L47704,L,297.4,309.4,1620.0,35.4,51.0,0,0,12.0,57348.0,0.021838371375694016
526,L47705,L,297.4,309.4,1466.0,45.5,53.0,0,0,12.0,66703.0,0.03101567825494206
527,L47706,L,297.6,309.5,1373.0,50.6,55.0,0,0,11.899999999999977,69473.8,0.036826783114992725
528,M15387,M,297.6,309.6,1592.0,35.8,57.0,0,0,12.0,56993.6,0.022473320778405522
529,M15388,M,297.5,309.5,1553.0,42.4,60.0,0,0,12.0,65847.2,0.027284427284427284
530,L47709,L,297.6,309.5,1569.0,36.2,63.0,0,0,11.899999999999977,56797.8,0.023057324840764334
531,M15390,M,297.6,309.5,1709.0,32.2,65.0,0,0,11.899999999999977,55029.8,0.01883040935672515
532,L47711,L,297.6,309.5,1549.0,34.9,68.0,0,0,11.899999999999977,54060.1,0.022516129032258064
533,L47712,L,297.5,309.4,1443.0,45.4,70.0,0,0,11.899999999999977,65512.2,0.0314404432132964
534,L47713,L,297.5,309.3,1675.0,29.8,72.0,0,0,11.800000000000011,49915.0,0.017780429594272076
535,L47714,L,297.5,309.3,1623.0,33.4,74.0,0,0,11.800000000000011,54208.2,0.020566502463054186
536,H29949,H,297.4,309.3,1365.0,52.4,76.0,0,0,11.900000000000034,71526.0,0.0383601756954612
537,L47716,L,297.4,309.3,1759.0,24.8,81.0,0,0,11.900000000000034,43623.200000000004,0.014090909090909091
538,H29951,H,297.4,309.3,1516.0,43.0,83.0,0,0,11.900000000000034,65188.0,0.028345418589321027
539,M15398,M,297.4,309.3,1499.0,36.8,88.0,0,0,11.900000000000034,55163.2,0.02453333333333333
540,M15399,M,297.4,309.3,1775.0,25.8,91.0,0,0,11.900000000000034,45795.0,0.014527027027027028
541,L47720,L,297.4,309.4,1473.0,45.5,94.0,0,0,12.0,67021.5,0.030868385345997285
542,L47721,L,297.4,309.4,1296.0,52.3,96.0,0,0,12.0,67780.8,0.040323824209714726
543,L47722,L,297.5,309.4,1803.0,24.7,98.0,0,0,11.899999999999977,44534.1,0.013691796008869179
544,H29957,H,297.5,309.3,1563.0,36.1,100.0,0,0,11.800000000000011,56424.3,0.023081841432225064
545,M15404,M,297.5,309.4,1831.0,26.6,105.0,0,0,11.899999999999977,48704.600000000006,0.014519650655021836
546,L47725,L,297.6,309.4,1958.0,22.1,108.0,0,0,11.799999999999955,43271.8,0.011281265952016336
547,L47726,L,297.5,309.4,1809.0,24.3,110.0,0,0,11.899999999999977,43958.700000000004,0.013425414364640884
548,M15407,M,297.5,309.4,1482.0,39.3,112.0,0,0,11.899999999999977,58242.6,0.02650033715441672
549,L47728,L,297.4,309.3,1332.0,53.2,115.0,0,0,11.900000000000034,70862.40000000001,0.0399099774943736
550,L47729,L,297.4,309.2,1437.0,40.4,117.0,0,0,11.800000000000011,58054.799999999996,0.028094575799721834
551,L47730,L,297.4,309.2,1698.0,29.4,119.0,0,0,11.800000000000011,49921.2,0.017304296645085343
552,L47731,L,297.4,309.2,1274.0,54.3,121.0,0,0,11.800000000000011,69178.2,0.04258823529411764
553,M15412,M,297.4,309.3,1622.0,35.0,123.0,0,0,11.900000000000034,56770.0,0.021565003080714726
554,M15413,M,297.4,309.3,1564.0,36.0,126.0,0,0,11.900000000000034,56304.0,0.023003194888178913
555,H29968,H,297.5,309.4,1368.0,45.3,129.0,0,0,11.899999999999977,61970.399999999994,0.03308984660336012
556,M15415,M,297.4,309.4,1539.0,42.2,134.0,0,0,12.0,64945.8,0.027402597402597404
557,L47736,L,297.5,309.4,1357.0,50.1,137.0,0,0,11.899999999999977,67985.7,0.036892488954344625
558,M15417,M,297.5,309.4,1433.0,48.3,139.0,0,0,11.899999999999977,69213.9,0.03368200836820084
559,L47738,L,297.5,309.4,1650.0,34.6,142.0,0,0,11.899999999999977,57090.0,0.020956995760145366
560,L47739,L,297.5,309.4,1503.0,40.6,144.0,0,0,11.899999999999977,61021.8,0.02699468085106383
561,L47740,L,297.5,309.4,1318.0,58.2,146.0,0,0,11.899999999999977,76707.6,0.04412433661865049
562,M15421,M,297.5,309.4,1678.0,34.4,148.0,0,0,11.899999999999977,57723.2,0.02048838594401429
563,L47742,L,297.6,309.5,1574.0,30.9,151.0,0,0,11.899999999999977,48636.6,0.01961904761904762
564,L47743,L,297.7,309.6,1529.0,35.2,153.0,0,0,11.900000000000034,53820.8,0.02300653594771242
565,H29978,H,297.6,309.6,1669.0,32.1,155.0,0,0,12.0,53574.9,0.019221556886227547
566,H29979,H,297.7,309.7,1570.0,35.8,160.0,0,0,12.0,56205.99999999999,0.022788033099936343
567,M15426,M,297.6,309.7,1541.0,33.7,165.0,0,0,12.099999999999966,51931.700000000004,0.021854734111543452
568,M15427,M,297.7,309.7,1680.0,30.2,168.0,0,0,12.0,50736.0,0.017965496728138013
569,L47748,L,297.8,309.7,1935.0,22.1,171.0,0,0,11.899999999999977,42763.5,0.011415289256198348
570,M15429,M,297.7,309.6,1596.0,35.2,173.0,0,0,11.900000000000034,56179.200000000004,0.022041327489041956
571,L47750,L,297.7,309.7,1498.0,41.0,176.0,0,0,12.0,61418.0,0.027351567711807873
572,M15431,M,297.8,309.8,1676.0,29.0,178.0,0,0,12.0,48604.0,0.0172927847346452
573,L47752,L,297.8,309.9,1351.0,49.0,181.0,0,0,12.099999999999966,66199.0,0.036242603550295856
574,L47753,H,297.9,309.9,1472.0,45.0,183.0,0,0,12.0,66240.0,0.03054989816700611
575,M15434,M,297.9,310.0,1439.0,41.7,185.0,0,0,12.100000000000023,60006.3,0.028958333333333336
576,M15435,M,297.9,309.9,1410.0,55.4,188.0,0,0,12.0,78114.0,0.03926293408929837
577,H29990,H,297.7,309.7,1440.0,51.1,191.0,0,0,12.0,73584.0,0.03546148507980569
578,L47757,L,297.7,309.7,1591.0,37.7,196.0,0,0,12.0,59980.700000000004,0.023680904522613067
579,L47758,L,297.8,309.8,1533.0,36.8,198.0,0,0,12.0,56414.399999999994,0.023989569752281614
580,M15439,M,297.8,309.7,1700.0,31.3,200.0,0,0,11.899999999999977,53210.0,0.018400940623162845
581,M15440,M,297.8,309.8,1798.0,25.5,203.0,0,0,12.0,45849.0,0.014174541411895497
582,L47761,L,297.8,309.7,1394.0,42.9,206.0,0,0,11.899999999999977,59802.6,0.03075268817204301
583,L47762,L,297.8,309.7,1341.0,49.2,208.0,0,0,11.899999999999977,65977.2,0.036661698956780925
584,H29997,H,297.7,309.6,1697.0,32.2,210.0,0,0,11.900000000000034,54643.4,0.018963486454652533
585,H29998,H,297.6,309.6,1419.0,48.2,215.0,0,0,12.0,68395.8,0.03394366197183099
586,L47765,L,297.6,309.5,2001.0,20.5,220.0,0,0,11.899999999999977,41020.5,0.01023976023976024
587,L47766,L,297.6,309.6,1501.0,49.8,222.0,1,0,12.0,74749.8,0.033155792276964045
588,H30001,H,297.6,309.5,1623.0,33.1,224.0,0,0,11.899999999999977,53721.3,0.02038177339901478
589,L47768,L,297.6,309.4,1628.0,33.4,229.0,0,0,11.799999999999955,54375.2,0.020503376304481277
590,L47769,L,297.6,309.4,1491.0,40.2,231.0,0,0,11.799999999999955,59938.200000000004,0.026943699731903487
591,L47770,L,297.5,309.4,1517.0,36.7,233.0,0,0,11.899999999999977,55673.9,0.02417654808959157
592,H30005,H,297.5,309.3,1525.0,41.7,235.0,0,0,11.800000000000011,63592.50000000001,0.027326343381389256
593,H30006,H,297.5,309.5,1668.0,27.9,240.0,0,0,12.0,46537.2,0.01671659676452966
594,L47773,L,297.5,309.6,1312.0,50.7,0.0,0,0,12.100000000000023,66518.40000000001,0.03861386138613861
595,H30008,H,297.6,310.1,1278.0,50.4,2.0,0,0,12.5,64411.2,0.039405785770132915
596,M15455,M,297.6,309.6,1330.0,53.1,7.0,0,0,12.0,70623.0,0.03989481592787378
597,M15456,M,297.6,309.6,1530.0,37.3,10.0,0,0,12.0,57068.99999999999,0.02436316133246244
598,H30011,H,297.6,309.6,1428.0,46.6,13.0,0,0,12.0,66544.8,0.03261021693491953
599,L47778,L,297.7,309.6,1480.0,47.9,18.0,0,0,11.900000000000034,70892.0,0.03234301147873059
600,H30013,H,297.7,309.7,1616.0,31.1,20.0,0,0,12.0,50257.600000000006,0.019233147804576377
601,L47780,L,297.8,309.7,1547.0,37.3,25.0,0,0,11.899999999999977,57703.1,0.024095607235142116
602,L47781,L,297.9,309.7,2194.0,16.8,27.0,0,0,11.800000000000011,36859.200000000004,0.0076537585421412304
603,L47782,L,297.9,309.8,2000.0,21.3,29.0,0,0,11.900000000000034,42600.0,0.010644677661169416
604,L47783,L,297.9,309.8,1336.0,71.6,31.0,1,0,11.900000000000034,95657.59999999999,0.053552729992520566
605,L47784,L,297.9,309.9,1542.0,33.8,33.0,0,0,12.0,52119.6,0.02190537913156189
606,M15465,M,297.9,309.8,1693.0,29.9,35.0,0,0,11.900000000000034,50620.7,0.01765053128689492
607,L47786,L,297.9,309.8,1461.0,50.5,38.0,0,0,11.900000000000034,73780.5,0.03454172366621067
608,M15467,M,298.0,309.9,1565.0,33.9,40.0,0,0,11.899999999999977,53053.5,0.02164750957854406
609,L47788,L,298.0,309.9,1403.0,47.7,43.0,0,0,11.899999999999977,66923.1,0.03397435897435898
610,L47789,L,298.1,309.9,1629.0,32.5,45.0,0,0,11.799999999999955,52942.5,0.019938650306748466
611,L47790,L,298.1,310.0,1534.0,33.7,47.0,0,0,11.899999999999977,51695.8,0.02195439739413681
612,L47791,L,298.1,310.0,1553.0,40.9,49.0,0,0,11.899999999999977,63517.7,0.026319176319176317
613,L47792,L,298.1,309.9,1563.0,32.8,51.0,0,0,11.799999999999955,51266.399999999994,0.02097186700767263
614,L47793,L,298.1,309.9,1634.0,30.0,53.0,0,0,11.799999999999955,49020.0,0.01834862385321101
615,M15474,M,298.0,309.9,1445.0,45.2,55.0,0,0,11.899999999999977,65314.00000000001,0.031258644536652835
616,L47795,L,298.1,309.9,1642.0,30.4,58.0,0,0,11.799999999999955,49916.799999999996,0.018502738892270238
617,H30030,H,298.1,309.9,1686.0,29.1,60.0,0,0,11.799999999999955,49062.600000000006,0.017249555423829284
618,M15477,H,298.1,310.0,1393.0,43.1,65.0,0,0,11.899999999999977,60038.3,0.03091822094691535
619,H30032,H,298.2,310.0,1433.0,44.2,68.0,0,0,11.800000000000011,63338.600000000006,0.03082287308228731
620,L47799,L,298.3,310.0,1507.0,44.7,73.0,0,0,11.699999999999989,67362.90000000001,0.02964190981432361
621,M15480,M,298.3,310.1,1389.0,49.6,75.0,0,0,11.800000000000011,68894.40000000001,0.035683453237410075
622,L47801,L,298.3,310.1,1408.0,45.3,78.0,0,0,11.800000000000011,63782.399999999994,0.032150461320085165
623,M15482,H,298.4,310.2,1725.0,32.0,80.0,0,0,11.800000000000011,55200.0,0.01853997682502897
624,L47803,L,298.4,310.1,1926.0,23.7,83.0,0,0,11.700000000000045,45646.2,0.012298910223144784
625,H30038,H,298.3,310.1,1509.0,37.6,85.0,0,0,11.800000000000011,56738.4,0.02490066225165563
626,L47805,L,298.3,310.1,1545.0,36.3,90.0,0,0,11.800000000000011,56083.49999999999,0.023479948253557568
627,L47806,H,298.4,310.1,1533.0,35.2,92.0,0,0,11.700000000000045,53961.600000000006,0.02294654498044329
628,L47807,L,298.4,310.1,1455.0,42.2,94.0,0,0,11.700000000000045,61401.00000000001,0.028983516483516485
629,M15488,M,298.4,310.1,1335.0,57.8,96.0,0,0,11.700000000000045,77163.0,0.043263473053892214
630,L47809,L,298.3,310.1,1523.0,45.9,99.0,0,0,11.800000000000011,69905.7,0.03011811023622047
631,L47810,L,298.3,310.0,1460.0,47.6,101.0,0,0,11.699999999999989,69496.0,0.03258042436687201
632,L47811,L,298.4,310.0,1554.0,37.3,103.0,0,0,11.600000000000023,57964.2,0.023987138263665594
633,H30046,H,298.3,310.0,1419.0,47.1,105.0,0,0,11.699999999999989,66834.90000000001,0.033169014084507044
634,L47813,L,298.3,310.0,1442.0,43.9,110.0,0,0,11.699999999999989,63303.799999999996,0.030422730422730422
635,L47814,L,298.3,309.9,1507.0,41.6,112.0,0,0,11.599999999999966,62691.200000000004,0.027586206896551724
636,L47815,L,298.3,310.0,1858.0,23.9,114.0,0,0,11.699999999999989,44406.2,0.012856374394835933
637,L47816,L,298.3,309.9,1463.0,43.9,116.0,0,0,11.599999999999966,64225.7,0.02998633879781421
638,L47817,L,298.2,309.7,1585.0,37.4,118.0,0,0,11.5,59279.0,0.023581336696090794
639,L47818,L,298.0,309.6,1536.0,37.3,120.0,0,0,11.600000000000023,57292.799999999996,0.02426805465191932
640,L47819,L,298.0,309.6,1403.0,51.3,122.0,0,0,11.600000000000023,71973.9,0.036538461538461534
641,M15500,M,297.9,309.6,1515.0,38.8,124.0,0,0,11.700000000000045,58781.99999999999,0.02559366754617414
642,L47821,L,297.9,309.5,1390.0,47.9,127.0,0,0,11.600000000000023,66581.0,0.03443565780014378
643,M15502,M,297.8,309.4,1226.0,58.7,129.0,0,0,11.599999999999966,71966.2,0.04784026079869601
644,M15503,M,297.8,309.4,1495.0,36.5,132.0,0,0,11.599999999999966,54567.5,0.024398395721925134
645,H30058,H,297.7,309.4,1608.0,30.2,135.0,0,0,11.699999999999989,48561.6,0.018769422001243007
646,L47825,L,297.7,309.4,1392.0,44.1,140.0,0,0,11.699999999999989,61387.200000000004,0.031658291457286436
647,M15506,M,297.7,309.4,1461.0,43.7,142.0,0,0,11.699999999999989,63845.700000000004,0.029890560875513
648,L47827,L,297.7,309.3,1559.0,36.9,145.0,0,0,11.600000000000023,57527.1,0.023653846153846154
649,H30062,H,297.7,309.3,1400.0,48.9,147.0,0,0,11.600000000000023,68460.0,0.034903640256959315
650,M15509,M,297.7,309.2,1732.0,28.8,152.0,0,0,11.5,49881.6,0.01661858049624928
651,L47830,L,297.6,309.2,1611.0,33.1,155.0,0,0,11.599999999999966,53324.100000000006,0.020533498759305213
652,L47831,L,297.6,309.1,1503.0,38.9,157.0,0,0,11.5,58466.7,0.025864361702127657
653,L47832,L,297.7,309.2,1391.0,44.5,159.0,0,0,11.5,61899.5,0.0319683908045977
654,L47833,L,297.8,309.3,2015.0,20.1,161.0,0,0,11.5,40501.5,0.009970238095238096
655,L47834,L,297.8,309.2,1683.0,30.9,163.0,0,0,11.399999999999977,52004.7,0.01834916864608076
656,L47835,L,297.7,309.1,1435.0,38.8,165.0,0,0,11.400000000000034,55677.99999999999,0.02701949860724234
657,M15516,M,297.7,309.1,1732.0,28.1,167.0,0,0,11.400000000000034,48669.200000000004,0.01621465666474322
658,L47837,L,297.7,309.2,1365.0,58.6,170.0,0,0,11.5,79989.0,0.04289897510980967
659,L47838,L,297.7,309.1,1562.0,36.8,172.0,0,0,11.400000000000034,57481.6,0.023544465770953295
660,L47839,L,297.6,309.1,1449.0,49.1,174.0,0,0,11.5,71145.90000000001,0.033862068965517245
661,M15520,M,297.7,309.2,1700.0,27.4,176.0,0,0,11.5,46580.0,0.01610817166372722
662,M15521,M,297.6,309.0,1503.0,45.6,179.0,0,0,11.399999999999977,68536.8,0.030319148936170215
663,M15522,M,297.6,308.9,1479.0,38.1,182.0,0,0,11.299999999999955,56349.9,0.025743243243243244
664,L47843,L,297.5,308.9,1469.0,44.0,185.0,0,0,11.399999999999977,64636.0,0.029931972789115645
665,L47844,L,297.5,308.9,1390.0,47.4,187.0,0,0,11.399999999999977,65886.0,0.03407620416966211
666,L47845,L,297.5,308.9,1729.0,28.1,189.0,0,0,11.399999999999977,48584.9,0.01624277456647399
667,L47846,L,297.5,309.0,1470.0,43.5,191.0,0,0,11.5,63945.0,0.02957171991842284
668,L47847,L,297.5,308.9,1459.0,48.5,193.0,0,0,11.399999999999977,70761.5,0.03321917808219178
669,L47848,L,297.5,308.9,1738.0,24.0,195.0,0,0,11.399999999999977,41712.0,0.013801035077630822
670,H30083,H,297.5,308.9,1471.0,37.7,197.0,0,0,11.399999999999977,55456.700000000004,0.025611413043478262
671,L47850,L,297.6,309.0,1822.0,25.4,202.0,0,0,11.399999999999977,46278.799999999996,0.013933077345035655
672,L47851,L,297.5,308.9,1554.0,34.8,204.0,0,0,11.399999999999977,54079.2,0.02237942122186495
673,M15532,M,297.6,308.9,1433.0,43.2,206.0,0,0,11.299999999999955,61905.600000000006,0.030125523012552304
674,L47853,L,297.6,308.9,1449.0,47.7,209.0,0,0,11.299999999999955,69117.3,0.03289655172413793
675,L47854,L,297.8,309.0,1456.0,41.2,0.0,0,0,11.199999999999989,59987.200000000004,0.028277282086479068
676,M15535,M,297.8,309.1,1424.0,45.5,2.0,0,0,11.300000000000011,64792.0,0.03192982456140351
677,H30090,H,297.9,309.2,1577.0,34.7,5.0,0,0,11.300000000000011,54721.9,0.02198986058301648
678,L47857,L,297.9,309.2,1478.0,39.7,10.0,0,0,11.300000000000011,58676.600000000006,0.02684246112237999
679,M15538,M,297.8,309.2,1295.0,61.2,12.0,0,0,11.399999999999977,79254.0,0.04722222222222222
680,L47859,L,297.8,309.2,1372.0,47.3,15.0,0,0,11.399999999999977,64895.6,0.034450109249817916
681,M15540,M,297.8,309.1,1432.0,42.6,17.0,0,0,11.300000000000011,61003.200000000004,0.02972784368457781
682,M15541,M,297.7,309.0,1656.0,33.2,20.0,0,0,11.300000000000011,54979.200000000004,0.02003621001810501
683,H30096,H,297.8,309.0,1410.0,48.8,23.0,0,0,11.199999999999989,68808.0,0.03458540042523033
684,L47863,L,297.7,309.0,1874.0,24.4,28.0,0,0,11.300000000000011,45725.6,0.013013333333333333
685,L47864,L,297.7,309.0,1538.0,43.2,30.0,0,0,11.300000000000011,66441.6,0.028070175438596492
686,M15545,M,297.7,309.0,1636.0,29.7,32.0,0,0,11.300000000000011,48589.2,0.018142944410507025
687,M15546,M,297.7,309.0,1504.0,40.4,35.0,0,0,11.300000000000011,60761.6,0.026843853820598007
688,M15547,M,297.7,309.0,1531.0,42.4,38.0,0,0,11.300000000000011,64914.4,0.027676240208877285
689,H30102,H,297.6,309.0,1735.0,26.4,41.0,0,0,11.399999999999977,45804.0,0.0152073732718894
690,H30103,H,297.6,309.0,1354.0,55.6,46.0,0,0,11.399999999999977,75282.40000000001,0.041033210332103325
691,H30104,H,297.6,309.0,1413.0,40.2,51.0,0,0,11.399999999999977,56802.600000000006,0.02842998585572843
692,L47871,L,297.7,309.1,1563.0,39.3,56.0,0,0,11.400000000000034,61425.899999999994,0.025127877237851662
693,L47872,L,297.7,309.1,1479.0,42.1,58.0,0,0,11.400000000000034,62265.9,0.028445945945945947
694,L47873,L,297.7,309.1,1477.0,38.3,60.0,0,0,11.400000000000034,56569.1,0.02591339648173207
695,L47874,L,297.6,310.1,1394.0,50.0,62.0,0,0,12.5,69700.0,0.035842293906810034
696,L47875,L,297.6,309.0,1487.0,45.4,64.0,0,0,11.399999999999977,67509.8,0.030510752688172042
697,M15556,M,297.6,309.0,1815.0,25.3,66.0,0,0,11.399999999999977,45919.5,0.013931718061674009
698,M15557,M,297.6,308.8,1453.0,39.7,69.0,0,0,11.199999999999989,57684.100000000006,0.027303988995873454
699,L47878,L,297.6,308.8,1539.0,40.2,72.0,0,0,11.199999999999989,61867.8,0.026103896103896105
700,H30113,H,297.5,308.7,1416.0,39.2,74.0,0,0,11.199999999999989,55507.200000000004,0.02766407904022583
701,M15560,M,297.6,308.8,1683.0,31.6,79.0,0,0,11.199999999999989,53182.8,0.018764845605700714
702,L47881,L,297.7,308.8,1515.0,40.1,82.0,0,0,11.100000000000023,60751.5,0.02645118733509235
703,M15562,M,297.7,308.9,1531.0,48.3,84.0,0,0,11.199999999999989,73947.3,0.03152741514360313
704,H30117,H,297.7,308.9,1479.0,40.9,87.0,0,0,11.199999999999989,60491.1,0.027635135135135134
705,L47884,L,297.7,308.9,1516.0,33.7,92.0,0,0,11.199999999999989,51089.200000000004,0.022214897824653926
706,L47885,L,297.7,309.0,1507.0,38.2,94.0,0,0,11.300000000000011,57567.4,0.0253315649867374
707,M15566,M,297.8,309.0,1434.0,43.3,96.0,0,0,11.199999999999989,62092.2,0.030174216027874564
708,L47887,L,297.7,308.9,1838.0,27.3,99.0,0,0,11.199999999999989,50177.4,0.014845024469820556
709,M15568,M,297.6,308.8,1416.0,45.9,101.0,0,0,11.199999999999989,64994.4,0.0323923782639379
710,M15569,M,297.6,308.8,1357.0,49.7,104.0,0,0,11.199999999999989,67442.90000000001,0.0365979381443299
711,M15570,M,297.5,308.7,1697.0,28.1,107.0,0,0,11.199999999999989,47685.700000000004,0.016548881036513547
712,L47891,L,297.5,308.7,1443.0,46.2,110.0,0,0,11.199999999999989,66666.6,0.031994459833795015
713,L47892,L,297.5,308.7,1453.0,37.6,112.0,0,0,11.199999999999989,54632.8,0.025859697386519945
714,L47893,L,297.4,308.6,1439.0,46.4,114.0,0,0,11.200000000000045,66769.59999999999,0.03222222222222222
715,L47894,L,297.4,308.6,1609.0,36.2,116.0,0,0,11.200000000000045,58245.8,0.022484472049689442
716,L47895,L,297.4,308.6,1324.0,59.1,118.0,0,0,11.200000000000045,78248.40000000001,0.044603773584905665
717,H30130,H,297.4,308.6,1420.0,45.8,120.0,0,0,11.200000000000045,65035.99999999999,0.032230823363828286
718,L47897,L,297.4,308.7,1545.0,36.9,125.0,0,0,11.300000000000011,57010.5,0.02386804657179819
719,L47898,L,297.5,308.8,1477.0,39.0,127.0,0,0,11.300000000000011,57603.0,0.02638700947225981
720,L47899,L,297.4,308.8,1447.0,58.1,129.0,0,0,11.400000000000034,84070.7,0.040124309392265196
721,L47900,L,297.4,308.9,1809.0,23.8,131.0,0,0,11.5,43054.200000000004,0.013149171270718232
722,L47901,L,297.5,308.9,1696.0,30.9,133.0,0,0,11.399999999999977,52406.399999999994,0.01820860341779611
723,L47902,L,297.5,308.9,1427.0,44.7,135.0,0,0,11.399999999999977,63786.9,0.03130252100840336
724,M15583,M,297.4,308.9,1500.0,46.3,137.0,0,0,11.5,69450.0,0.03084610259826782
725,L47904,L,297.5,308.9,1390.0,44.6,140.0,0,0,11.399999999999977,61994.0,0.032063263838964774
726,L47905,L,297.4,308.8,1640.0,34.2,142.0,0,0,11.400000000000034,56088.00000000001,0.02084095063985375
727,M15586,M,297.4,308.8,1628.0,37.4,144.0,0,0,11.400000000000034,60887.2,0.022958870472682625
728,H30141,H,297.3,308.6,1499.0,37.6,147.0,0,0,11.300000000000011,56362.4,0.025066666666666668
729,M15588,M,297.4,308.7,1425.0,50.3,152.0,0,0,11.300000000000011,71677.5,0.035273492286115
730,L47909,L,297.3,308.6,1586.0,37.7,155.0,0,0,11.300000000000011,59792.200000000004,0.02375551354757404
731,M15590,M,297.3,308.6,1471.0,50.7,157.0,0,0,11.300000000000011,74579.7,0.034442934782608695
732,M15591,M,297.3,308.6,1431.0,53.0,160.0,0,0,11.300000000000011,75843.0,0.037011173184357544
733,L47912,L,297.2,308.6,1924.0,22.1,163.0,0,0,11.400000000000034,42520.4,0.011480519480519482
734,M15593,M,297.1,308.4,1421.0,42.0,165.0,0,0,11.299999999999955,59682.0,0.029535864978902954
735,H30148,H,297.0,308.4,1305.0,54.6,168.0,0,0,11.399999999999977,71253.0,0.041807044410413476
736,L47915,L,296.9,308.4,1557.0,32.4,173.0,0,0,11.5,50446.799999999996,0.02079589216944801
737,L47916,L,296.9,308.3,1555.0,38.2,175.0,0,0,11.400000000000034,59401.00000000001,0.024550128534704372
738,H30151,H,296.9,308.3,1474.0,40.1,177.0,0,0,11.400000000000034,59107.4,0.027186440677966103
739,L47918,L,296.8,308.3,1506.0,45.9,182.0,0,0,11.5,69125.4,0.03045786330457863
740,L47919,L,296.9,308.4,1390.0,41.8,184.0,0,0,11.5,58101.99999999999,0.030050323508267432
741,M15600,M,296.9,308.4,1450.0,46.9,186.0,0,0,11.5,68005.0,0.03232253618194349
742,L47921,L,296.9,308.3,1513.0,38.8,189.0,0,0,11.400000000000034,58704.399999999994,0.025627476882430646
743,L47922,L,296.8,308.2,1643.0,34.7,191.0,0,0,11.399999999999977,57012.100000000006,0.021107055961070563
744,L47923,L,296.8,308.2,1361.0,53.8,193.0,0,0,11.399999999999977,73221.8,0.0395007342143906
745,L47924,L,296.7,308.1,1450.0,40.9,195.0,0,0,11.400000000000034,59305.0,0.02818745692625775
746,L47925,L,296.7,308.0,1451.0,50.7,197.0,0,0,11.300000000000011,73565.7,0.03491735537190083
747,L47926,L,296.8,308.1,1289.0,62.0,199.0,1,0,11.300000000000011,79918.0,0.04806201550387597
748,L47927,L,296.8,308.1,1356.0,48.3,201.0,0,0,11.300000000000011,65494.799999999996,0.03559322033898305
749,H30162,H,296.7,308.1,1528.0,46.3,203.0,0,0,11.400000000000034,70746.4,0.0302812295618051
750,L47929,L,296.6,308.0,1978.0,22.3,208.0,0,0,11.399999999999977,44109.4,0.011268317331985852
751,L47930,L,296.7,308.0,1535.0,36.8,210.0,0,0,11.300000000000011,56487.99999999999,0.02395833333333333
752,M15611,M,296.8,308.1,1843.0,24.2,212.0,0,0,11.300000000000011,44600.6,0.013123644251626898
753,L47932,L,296.9,308.1,1422.0,48.7,215.0,0,0,11.200000000000045,69251.40000000001,0.03422347153900211
754,L47933,H,296.8,308.0,1536.0,40.4,217.0,0,0,11.199999999999989,62054.399999999994,0.026284970722186076
755,M15614,M,296.9,308.1,1483.0,44.3,219.0,0,0,11.200000000000045,65696.9,0.02985175202156334
756,H30169,H,296.8,308.1,1492.0,43.7,222.0,0,0,11.300000000000011,65200.4,0.029269926322839923
757,L47936,L,296.8,308.0,1584.0,40.4,227.0,0,0,11.199999999999989,63993.6,0.025488958990536277
758,L47937,L,296.9,308.1,1555.0,33.7,229.0,0,0,11.200000000000045,52403.50000000001,0.021658097686375322
759,L47938,L,296.8,308.0,1497.0,41.7,231.0,0,0,11.199999999999989,62424.9,0.027837116154873165
760,M15619,M,296.7,307.8,1537.0,36.3,233.0,0,0,11.100000000000023,55793.1,0.023602080624187255
761,L47940,L,296.7,307.8,1505.0,39.4,236.0,0,0,11.100000000000023,59297.0,0.026162018592297477
762,L47941,L,296.7,307.8,1646.0,34.6,238.0,0,0,11.100000000000023,56951.600000000006,0.02100789313904068
763,M15622,M,296.7,307.8,1286.0,60.5,0.0,0,0,11.100000000000023,77803.0,0.04700854700854701
764,L47943,L,296.7,307.8,1400.0,47.5,3.0,0,0,11.100000000000023,66500.0,0.03390435403283369
765,L47944,L,296.8,307.9,1337.0,56.5,5.0,0,0,11.099999999999966,75540.5,0.042227204783258594
766,L47945,L,296.9,308.0,1332.0,53.9,7.0,0,0,11.100000000000023,71794.8,0.0404351087771943
767,L47946,L,296.8,308.0,1561.0,38.3,9.0,0,0,11.199999999999989,59786.299999999996,0.024519846350832264
768,L47947,L,296.9,308.0,1546.0,31.1,11.0,0,0,11.100000000000023,48080.600000000006,0.02010342598577893
769,L47948,L,296.9,308.0,1713.0,29.3,13.0,0,0,11.100000000000023,50190.9,0.01709451575262544
770,L47949,L,296.9,308.0,1343.0,44.5,15.0,0,0,11.100000000000023,59763.5,0.03311011904761905
771,L47950,L,296.8,308.0,1391.0,54.4,17.0,0,0,11.199999999999989,75670.4,0.03908045977011494
772,H30185,H,296.8,308.0,1311.0,58.6,19.0,0,0,11.199999999999989,76824.6,0.04466463414634146
773,H30186,H,296.8,308.0,1503.0,51.0,24.0,0,0,11.199999999999989,76653.0,0.0339095744680851
774,L47953,L,296.8,308.0,1510.0,39.4,29.0,0,0,11.199999999999989,59494.0,0.026075446724023826
775,L47954,L,296.8,310.1,1448.0,48.8,31.0,0,0,13.300000000000011,70662.4,0.0336783988957902
776,L47955,L,296.7,307.8,1453.0,46.0,33.0,0,0,11.100000000000023,66838.0,0.03163686382393398
777,L47956,L,296.7,307.8,1468.0,39.2,35.0,0,0,11.100000000000023,57545.600000000006,0.02668481960517359
778,L47957,L,296.7,307.8,1382.0,47.5,37.0,0,0,11.100000000000023,65645.0,0.03434562545191613
779,L47958,L,296.7,308.0,1580.0,32.2,39.0,0,0,11.300000000000011,50876.00000000001,0.020366856419987353
780,L47959,L,296.8,308.0,1666.0,29.8,41.0,0,0,11.199999999999989,49646.8,0.017876424715056988
781,M15640,M,296.9,308.0,1409.0,50.7,43.0,0,0,11.100000000000023,71436.3,0.03595744680851064
782,L47961,L,300.1,308.0,1675.0,29.7,108.0,0,0,7.899999999999977,49747.5,0.017720763723150356
783,L47962,L,296.8,307.9,1698.0,30.8,48.0,0,0,11.099999999999966,52298.4,0.01812831077104179
784,H30197,H,296.7,307.9,1579.0,33.4,50.0,0,0,11.199999999999989,52738.6,0.021139240506329114
785,L47964,L,296.7,307.9,1743.0,27.9,55.0,0,0,11.199999999999989,48629.7,0.015997706422018348
786,M15645,M,296.9,308.0,1497.0,44.8,57.0,0,0,11.100000000000023,67065.59999999999,0.029906542056074764
787,L47966,L,296.9,308.1,1741.0,28.8,60.0,0,0,11.200000000000045,50140.8,0.01653272101033295
788,L47967,L,296.9,308.1,1435.0,45.3,62.0,0,0,11.200000000000045,65005.49999999999,0.03154596100278551
789,M15648,M,296.9,308.1,1440.0,46.3,64.0,0,0,11.200000000000045,66672.0,0.03213046495489243
790,M15649,M,296.9,308.0,1641.0,33.3,67.0,0,0,11.100000000000023,54645.299999999996,0.02028014616321559
791,L47970,L,296.8,307.9,1420.0,45.4,70.0,0,0,11.099999999999966,64468.0,0.03194933145672062
792,L47971,L,296.8,307.9,1611.0,35.4,72.0,0,0,11.099999999999966,57029.399999999994,0.02196029776674938
793,L47972,L,296.8,307.8,1373.0,42.9,74.0,0,0,11.0,58901.7,0.031222707423580784
794,M15653,M,296.8,307.9,1683.0,31.8,76.0,0,0,11.099999999999966,53519.4,0.018883610451306414
795,H30208,H,296.9,307.9,1547.0,32.6,79.0,0,0,11.0,50432.200000000004,0.021059431524547804
796,L47975,L,296.9,307.8,1605.0,37.0,84.0,0,0,10.900000000000034,59385.0,0.02303860523038605
797,M15656,L,296.9,307.9,2010.0,18.9,86.0,0,0,11.0,37989.0,0.00939830929885629
798,L47977,L,296.8,307.7,1565.0,40.1,89.0,0,0,10.899999999999977,62756.5,0.025606641123882504
799,M15658,M,296.9,307.8,1828.0,24.6,91.0,0,0,10.900000000000034,44968.8,0.01344997266265719
800,M15659,M,297.0,307.8,1579.0,34.1,94.0,0,0,10.800000000000011,53843.9,0.02158227848101266
801,M15660,M,297.0,307.9,1882.0,24.2,97.0,0,0,10.899999999999977,45544.4,0.012851832182687201
802,L47981,L,296.9,307.8,1285.0,52.1,100.0,0,0,10.900000000000034,66948.5,0.04051321928460342
803,L47982,L,296.9,307.8,1571.0,35.0,102.0,0,0,10.900000000000034,54985.0,0.022264631043257
804,H30217,H,296.9,307.8,1549.0,37.8,104.0,0,0,10.900000000000034,58552.2,0.024387096774193547
805,M15664,M,296.9,307.8,1544.0,37.6,109.0,0,0,10.900000000000034,58054.4,0.024336569579288026
806,M15665,M,297.0,307.9,1412.0,47.4,112.0,0,0,10.899999999999977,66928.8,0.03354564755838641
807,M15666,M,297.0,307.9,1422.0,53.0,115.0,0,0,10.899999999999977,75366.0,0.03724525650035137
808,L47987,L,297.0,307.7,1867.0,22.8,118.0,0,0,10.699999999999989,42567.6,0.012205567451820129
809,L47988,L,296.9,307.7,1424.0,43.3,120.0,0,0,10.800000000000011,61659.2,0.0303859649122807
810,L47989,L,296.9,307.6,1452.0,45.7,122.0,0,0,10.700000000000045,66356.40000000001,0.03145216792842395
811,L47990,L,296.9,307.7,1550.0,39.7,124.0,0,0,10.800000000000011,61535.00000000001,0.02559638942617666
812,L47991,L,296.8,307.6,1588.0,37.6,126.0,0,0,10.800000000000011,59708.8,0.0236626809314034
813,L47992,L,296.8,307.6,1338.0,44.4,128.0,0,0,10.800000000000011,59407.2,0.03315907393577296
814,L47993,L,296.8,307.6,1513.0,40.0,130.0,0,0,10.800000000000011,60520.0,0.026420079260237782
815,M15674,M,296.8,307.5,1470.0,45.9,132.0,0,0,10.699999999999989,67473.0,0.031203263086335826
816,M15675,M,296.8,307.5,1516.0,36.7,135.0,0,0,10.699999999999989,55637.200000000004,0.024192485168094927
817,L47996,L,296.8,307.6,1434.0,48.3,138.0,0,0,10.800000000000011,69262.2,0.03365853658536585
818,L47997,L,296.8,307.6,1368.0,52.0,140.0,0,0,10.800000000000011,71136.0,0.03798392987582177
819,L47998,L,296.8,307.6,1304.0,48.7,142.0,0,0,10.800000000000011,63504.8,0.03731800766283525
820,L47999,L,296.8,307.6,1398.0,46.7,144.0,0,0,10.800000000000011,65286.600000000006,0.03338098641887063
821,L48000,L,296.7,307.6,1516.0,37.4,146.0,0,0,10.900000000000034,56698.4,0.024653922214897823
822,L48001,L,296.7,307.6,1474.0,41.7,148.0,0,0,10.900000000000034,61465.8,0.028271186440677967
823,M15682,M,296.7,307.6,1547.0,34.7,150.0,0,0,10.900000000000034,53680.9,0.022416020671834628
824,M15683,M,296.6,307.5,1482.0,39.9,153.0,0,0,10.899999999999977,59131.799999999996,0.026904922454484153
825,L48004,L,296.6,307.4,1436.0,42.8,156.0,0,0,10.799999999999955,61460.799999999996,0.029784272790535835
826,L48005,L,296.6,307.3,1474.0,40.0,158.0,0,0,10.699999999999989,58960.0,0.02711864406779661
827,L48006,L,296.5,307.2,1481.0,38.2,160.0,0,0,10.699999999999989,56574.200000000004,0.025775978407557357
828,L48007,L,296.5,307.3,1501.0,42.1,162.0,0,0,10.800000000000011,63192.1,0.028029294274300932
829,L48008,L,296.5,307.3,1566.0,37.2,164.0,0,0,10.800000000000011,58255.200000000004,0.02373962986598596
830,L48009,L,296.5,307.3,1579.0,34.5,166.0,0,0,10.800000000000011,54475.5,0.021835443037974682
831,L48010,L,296.6,307.4,1631.0,35.0,168.0,0,0,10.799999999999955,57085.0,0.02144607843137255
832,M15691,M,296.6,307.4,1544.0,42.3,170.0,0,0,10.799999999999955,65311.2,0.027378640776699027
833,L48012,L,296.6,307.4,1521.0,38.6,173.0,0,0,10.799999999999955,58710.6,0.025361366622864652
834,L48013,L,296.6,307.4,1616.0,28.0,175.0,0,0,10.799999999999955,45248.0,0.017316017316017316
835,H30248,H,296.6,307.4,1333.0,50.2,177.0,0,0,10.799999999999955,66916.6,0.03763118440779611
836,M15695,M,296.7,307.4,1533.0,32.5,182.0,0,0,10.699999999999989,49822.5,0.0211864406779661
837,L48016,L,296.6,307.4,1368.0,45.1,185.0,0,0,10.799999999999955,61696.8,0.03294375456537619
838,L48017,L,296.6,307.4,1465.0,47.8,187.0,0,0,10.799999999999955,70027.0,0.03260572987721692
839,H30252,H,296.6,307.4,1406.0,41.5,189.0,0,0,10.799999999999955,58349.0,0.029495380241648897
840,M15699,M,296.5,307.4,1565.0,43.5,194.0,0,0,10.899999999999977,68077.5,0.027777777777777776
841,L48020,L,296.6,307.5,1582.0,37.9,197.0,0,0,10.899999999999977,59957.799999999996,0.02394188250157928
842,L48021,L,296.6,307.5,1439.0,45.5,199.0,0,0,10.899999999999977,65474.5,0.03159722222222222
843,M15702,M,296.6,307.5,1566.0,35.0,201.0,0,0,10.899999999999977,54810.0,0.022335673261008295
844,L48023,L,296.6,307.5,1485.0,42.7,204.0,0,0,10.899999999999977,63409.50000000001,0.028734858681022882
845,L48024,L,296.5,307.5,1566.0,35.1,206.0,0,0,11.0,54966.600000000006,0.022399489470325464
846,L48025,L,296.3,307.3,1439.0,41.5,208.0,0,0,11.0,59718.5,0.028819444444444446
847,M15706,M,296.4,307.4,1416.0,50.0,210.0,0,0,11.0,70800.0,0.035285815102328866
848,L48027,L,296.4,307.4,2833.0,5.6,213.0,1,0,11.0,15864.8,0.001976005645730416
849,L48028,L,296.3,307.4,1465.0,47.1,215.0,0,0,11.099999999999966,69001.5,0.03212824010914052
850,H30263,H,296.4,307.4,1586.0,35.5,0.0,0,0,11.0,56303.0,0.02236925015752993
851,L48030,L,296.3,307.3,1567.0,31.4,5.0,0,0,11.0,49203.799999999996,0.020025510204081633
852,M15711,M,296.2,307.2,1389.0,48.6,7.0,0,0,11.0,67505.40000000001,0.03496402877697842
853,M15712,M,296.3,307.3,1368.0,49.5,10.0,0,0,11.0,67716.0,0.03615777940102265
854,L48033,L,296.3,307.3,1444.0,49.0,13.0,0,0,11.0,70756.0,0.033910034602076124
855,M15714,M,296.3,307.3,1498.0,41.6,15.0,0,0,11.0,62316.8,0.027751834556370914
856,L48035,L,296.1,307.2,1615.0,30.8,18.0,0,0,11.099999999999966,49742.0,0.01905940594059406
857,L48036,L,296.1,307.1,1898.0,22.7,20.0,0,0,11.0,43084.6,0.011953659820958399
858,M15717,M,296.1,307.1,1350.0,53.3,22.0,0,0,11.0,71955.0,0.039452257586972614
859,M15718,M,296.2,310.1,1516.0,37.6,25.0,0,0,13.900000000000034,57001.6,0.024785761371127226
860,H30273,H,296.2,307.0,1542.0,40.6,28.0,0,0,10.800000000000011,62605.200000000004,0.026312378483473755
861,H30274,H,296.1,306.9,1541.0,32.6,33.0,0,0,10.799999999999955,50236.600000000006,0.021141374837872894
862,M15721,M,296.1,306.9,1951.0,23.3,38.0,0,0,10.799999999999955,45458.3,0.011936475409836066
863,H30276,H,296.1,306.8,1645.0,31.0,41.0,0,0,10.699999999999989,50995.0,0.018833535844471446
864,L48043,L,296.0,306.7,1416.0,44.2,46.0,0,0,10.699999999999989,62587.200000000004,0.031192660550458717
865,M15724,M,296.0,306.7,2044.0,22.3,48.0,0,0,10.699999999999989,45581.200000000004,0.010904645476772617
866,L48045,L,295.9,306.6,1414.0,50.2,51.0,0,0,10.700000000000045,70982.8,0.03547703180212014
867,L48046,L,295.9,306.6,1678.0,26.7,53.0,0,0,10.700000000000045,44802.6,0.01590232281119714
868,H30281,H,295.9,306.5,1594.0,33.2,55.0,0,0,10.600000000000023,52920.8,0.020815047021943575
869,M15728,M,295.8,306.5,1514.0,37.7,60.0,0,0,10.699999999999989,57077.8,0.024884488448844888
870,L48049,L,295.8,306.5,1358.0,49.2,63.0,0,0,10.699999999999989,66813.6,0.03620309050772627
871,L48050,L,295.8,306.4,1325.0,56.2,65.0,0,0,10.599999999999966,74465.0,0.042383107088989444
872,L48051,L,295.8,306.4,1339.0,53.2,67.0,0,0,10.599999999999966,71234.8,0.039701492537313435
873,M15732,M,295.8,306.4,1335.0,51.7,69.0,0,0,10.599999999999966,69019.5,0.038697604790419164
874,L48053,L,295.9,306.4,1892.0,21.7,72.0,0,0,10.5,41056.4,0.011463285789751717
875,L48054,L,295.9,306.4,1575.0,28.5,74.0,0,0,10.5,44887.5,0.018083756345177664
876,M15735,M,295.8,306.3,1444.0,45.5,76.0,0,0,10.5,65702.0,0.0314878892733564
877,L48056,L,295.7,306.3,1915.0,22.4,79.0,0,0,10.600000000000023,42896.0,0.011691022964509393
878,M15737,M,295.6,306.2,1584.0,33.6,81.0,0,0,10.599999999999966,53222.4,0.021198738170347006
879,M15738,M,295.7,306.3,1685.0,34.9,84.0,0,0,10.600000000000023,58806.5,0.020699881376037958
880,L48059,L,295.8,306.3,1337.0,54.6,87.0,0,0,10.5,73000.2,0.04080717488789238
881,M15740,M,295.8,306.3,1235.0,76.2,89.0,1,0,10.5,94107.0,0.06165048543689321
882,L48061,L,295.7,306.2,1464.0,46.2,92.0,0,0,10.5,67636.8,0.03153583617747441
883,M15742,M,295.7,306.2,1739.0,25.9,94.0,0,0,10.5,45040.1,0.014885057471264366
884,L48063,L,295.7,306.3,1490.0,34.3,97.0,0,0,10.600000000000023,51106.99999999999,0.02300469483568075
885,L48064,L,295.8,306.4,1356.0,48.0,99.0,0,0,10.599999999999966,65088.0,0.03537214443625645
886,L48065,L,295.7,306.2,1397.0,52.0,101.0,0,0,10.5,72644.0,0.03719599427753934
887,L48066,L,295.7,306.2,1458.0,40.6,103.0,0,0,10.5,59194.8,0.02782727895819054
888,H30301,H,295.7,306.2,2161.0,16.5,105.0,0,0,10.5,35656.5,0.007631822386679001
889,M15748,M,295.6,306.1,1651.0,28.1,110.0,0,0,10.5,46393.100000000006,0.017009685230024215
890,L48069,L,295.6,306.1,1389.0,46.2,113.0,0,0,10.5,64171.8,0.03323741007194245
891,L48070,L,295.6,306.0,1370.0,52.4,115.0,0,0,10.399999999999977,71788.0,0.03822027716994894
892,L48071,L,295.7,306.1,1408.0,47.9,117.0,0,0,10.400000000000034,67443.2,0.0339957416607523
893,L48072,L,295.7,306.1,1343.0,54.4,119.0,0,0,10.400000000000034,73059.2,0.04047619047619048
894,M15753,M,295.7,306.2,1423.0,42.5,121.0,0,0,10.5,60477.5,0.029845505617977528
895,L48074,L,295.6,306.2,1426.0,48.6,124.0,0,0,10.599999999999966,69303.6,0.034057463209530486
896,M15755,M,295.6,306.2,1435.0,51.6,126.0,0,0,10.599999999999966,74046.0,0.03593314763231198
897,L48076,L,295.5,306.1,1573.0,35.1,129.0,0,0,10.600000000000023,55212.3,0.022299872935196953
898,L48077,L,295.6,306.2,1612.0,31.2,131.0,0,0,10.599999999999966,50294.4,0.01934283942963422
899,L48078,L,295.6,306.2,1446.0,49.9,133.0,0,0,10.599999999999966,72155.4,0.03448514167242571
900,H30313,H,295.6,306.2,1329.0,55.3,135.0,0,0,10.599999999999966,73493.7,0.04157894736842105
901,L48080,L,295.6,306.2,1569.0,35.1,140.0,0,0,10.599999999999966,55071.9,0.022356687898089173
902,H30315,H,295.6,306.1,1256.0,62.3,142.0,0,0,10.5,78248.8,0.04956245027844073
903,L48082,L,295.6,306.1,1383.0,48.7,147.0,0,0,10.5,67352.1,0.0351878612716763
904,L48083,L,295.7,306.2,2270.0,14.6,149.0,1,0,10.5,33142.0,0.006428885953324527
905,H30318,H,295.7,306.2,1458.0,49.8,151.0,0,0,10.5,72608.4,0.0341329677861549
906,L48085,L,295.6,306.1,1474.0,41.2,156.0,0,0,10.5,60728.8,0.02793220338983051
907,M15766,M,295.6,306.1,1462.0,49.2,158.0,0,0,10.5,71930.40000000001,0.033629528366370474
908,M15767,M,295.6,306.1,1669.0,29.0,161.0,0,0,10.5,48401.0,0.017365269461077845
909,M15768,M,295.5,306.1,1822.0,24.3,164.0,0,0,10.600000000000023,44274.6,0.013329676357652222
910,L48089,L,295.5,306.0,1456.0,39.2,167.0,0,0,10.5,57075.200000000004,0.026904598490048046
911,L48090,L,295.5,306.0,1546.0,35.9,169.0,0,0,10.5,55501.399999999994,0.023206205559146733
912,M15771,M,295.6,306.1,1490.0,42.7,171.0,0,0,10.5,63623.00000000001,0.02863849765258216
913,L48092,L,295.6,306.0,1569.0,40.4,174.0,0,0,10.399999999999977,63387.6,0.02573248407643312
914,L48093,L,295.5,306.0,1621.0,29.5,176.0,0,0,10.5,47819.5,0.018187422934648582
915,M15774,M,295.4,305.9,1518.0,40.6,178.0,0,0,10.5,61630.8,0.026728110599078342
916,M15775,M,295.4,305.8,1526.0,38.2,181.0,0,0,10.400000000000034,58293.200000000004,0.025016371971185333
917,M15776,M,295.3,305.8,1589.0,36.2,184.0,0,0,10.5,57521.8,0.022767295597484277
918,L48097,L,295.3,305.7,1475.0,51.0,187.0,0,0,10.399999999999977,75225.0,0.034552845528455285
919,M15778,M,295.3,305.7,1473.0,38.5,189.0,0,0,10.399999999999977,56710.5,0.026119402985074626
920,L48099,L,295.4,305.8,1407.0,50.7,192.0,0,0,10.400000000000034,71334.90000000001,0.03600852272727273
921,M15780,M,295.5,305.9,1518.0,44.1,194.0,0,0,10.399999999999977,66943.8,0.02903225806451613
922,H30335,H,295.5,305.9,1593.0,37.2,197.0,0,0,10.399999999999977,59259.600000000006,0.023337515683814307
923,M15782,M,295.5,305.9,1380.0,52.4,202.0,0,0,10.399999999999977,72312.0,0.03794351918899348
924,M15783,M,295.5,306.0,1423.0,45.3,205.0,0,0,10.5,64461.899999999994,0.031811797752808985
925,L48104,L,295.5,306.0,1800.0,27.6,208.0,0,0,10.5,49680.0,0.015324819544697391
926,H30339,H,295.6,310.1,1623.0,30.9,210.0,0,0,14.5,50150.7,0.019027093596059114
927,L48106,L,295.6,306.1,1372.0,55.6,215.0,1,0,10.5,76283.2,0.0404952658412236
928,H30341,M,295.6,306.0,1396.0,52.4,0.0,0,0,10.399999999999977,73150.4,0.03750894774516822
929,L48108,L,295.6,306.0,1949.0,21.9,5.0,0,0,10.399999999999977,42683.1,0.01123076923076923
930,L48109,L,295.6,306.0,1419.0,51.1,7.0,0,0,10.399999999999977,72510.90000000001,0.035985915492957744
931,M15790,M,295.5,305.9,1453.0,47.3,9.0,0,0,10.399999999999977,68726.9,0.03253094910591472
932,L48111,L,295.5,305.9,1542.0,36.2,12.0,0,0,10.399999999999977,55820.4,0.023460790667530786
933,L48112,L,295.6,306.0,1363.0,50.0,14.0,0,0,10.399999999999977,68150.0,0.036656891495601175
934,L48113,L,295.5,306.0,1597.0,37.2,16.0,0,0,10.5,59408.4,0.023279098873591992
935,M15794,M,295.5,306.0,1326.0,50.8,18.0,0,0,10.5,67360.8,0.03828183873398643
936,M15795,M,295.5,306.0,1641.0,36.6,21.0,0,0,10.5,60060.600000000006,0.022289890377588308
937,M15796,M,295.6,306.1,1418.0,46.2,24.0,0,0,10.5,65511.600000000006,0.03255813953488372
938,L48117,L,295.6,306.2,1263.0,61.8,27.0,0,0,10.599999999999966,78053.4,0.048892405063291136
939,L48118,L,295.6,306.2,1823.0,25.8,29.0,0,0,10.599999999999966,47033.4,0.014144736842105264
940,L48119,L,295.5,306.1,1488.0,40.7,31.0,0,0,10.600000000000023,60561.600000000006,0.027333781061114844
941,L48120,L,295.6,306.2,1443.0,48.9,33.0,0,0,10.599999999999966,70562.7,0.03386426592797784
942,L48121,L,295.6,306.2,1650.0,28.2,35.0,0,0,10.599999999999966,46530.0,0.01708055723803755
943,M15802,M,295.7,306.3,1462.0,44.3,37.0,0,0,10.600000000000023,64766.6,0.03028024606971975
944,M15803,M,295.6,306.2,1477.0,45.0,40.0,0,0,10.599999999999966,66465.0,0.030446549391069014
945,M15804,M,295.7,306.3,1712.0,28.5,43.0,0,0,10.600000000000023,48792.0,0.016637478108581436
946,M15805,M,295.7,306.3,1347.0,50.4,46.0,0,0,10.600000000000023,67888.8,0.037388724035608306
947,L48126,L,295.6,306.2,1287.0,54.8,49.0,0,0,10.599999999999966,70527.59999999999,0.04254658385093168
948,L48127,L,295.6,306.2,1428.0,44.5,51.0,0,0,10.599999999999966,63546.0,0.0311406578026592
949,M15808,M,295.6,306.3,1426.0,45.5,53.0,0,0,10.699999999999989,64883.0,0.03188507358093903
950,L48129,L,295.6,306.3,1636.0,32.7,56.0,0,0,10.699999999999989,53497.200000000004,0.01997556505803299
951,L48130,L,295.6,306.2,1424.0,42.5,58.0,0,0,10.599999999999966,60520.0,0.02982456140350877
952,H30365,H,295.6,306.3,1509.0,35.8,60.0,0,0,10.699999999999989,54022.2,0.023708609271523177
953,L48132,L,295.5,306.2,1448.0,48.9,65.0,0,0,10.699999999999989,70807.2,0.033747412008281574
954,L48133,L,295.5,306.1,1650.0,32.8,67.0,0,0,10.600000000000023,54119.99999999999,0.019866747425802543
955,H30368,H,295.6,306.2,1414.0,42.5,69.0,0,0,10.599999999999966,60095.0,0.030035335689045935
956,L48135,L,295.6,306.3,1911.0,20.9,74.0,0,0,10.699999999999989,39939.899999999994,0.010930962343096234
957,H30370,H,295.6,306.2,1632.0,32.2,76.0,0,0,10.599999999999966,52550.4,0.01971830985915493
958,M15817,M,295.7,306.4,1387.0,40.1,81.0,0,0,10.699999999999989,55618.700000000004,0.02889048991354467
959,L48138,L,295.8,306.4,1399.0,47.6,84.0,0,0,10.599999999999966,66592.40000000001,0.034
960,L48139,L,295.8,306.5,1505.0,35.2,86.0,0,0,10.699999999999989,52976.00000000001,0.023373173970783534
961,L48140,L,295.8,306.5,1534.0,37.9,88.0,0,0,10.699999999999989,58138.6,0.024690553745928337
962,L48141,L,295.8,306.5,1493.0,40.5,90.0,0,0,10.699999999999989,60466.5,0.02710843373493976
963,M15822,M,295.8,306.6,1480.0,43.2,92.0,0,0,10.800000000000011,63936.00000000001,0.029169480081026336
964,L48143,L,295.8,306.6,1621.0,31.6,95.0,0,0,10.800000000000011,51223.600000000006,0.019482120838471024
965,L48144,L,295.7,306.5,1737.0,26.2,97.0,0,0,10.800000000000011,45509.4,0.015074798619102416
966,L48145,L,295.8,306.6,1508.0,46.5,99.0,0,0,10.800000000000011,70122.0,0.030815109343936383
967,M15826,M,295.8,306.5,1641.0,32.2,101.0,0,0,10.699999999999989,52840.200000000004,0.019610231425091353
968,M15827,M,295.9,306.6,1532.0,38.6,104.0,0,0,10.700000000000045,59135.200000000004,0.02517938682322244
969,L48148,L,295.9,306.7,1547.0,40.9,107.0,0,0,10.800000000000011,63272.299999999996,0.026421188630490956
970,L48149,L,295.9,306.6,1412.0,41.0,109.0,0,0,10.700000000000045,57892.0,0.029016277423920735
971,L48150,L,295.8,306.5,1568.0,35.1,111.0,0,0,10.699999999999989,55036.8,0.02237093690248566
972,L48151,L,295.9,306.6,1557.0,41.1,113.0,0,0,10.700000000000045,63992.700000000004,0.026379974326059052
973,L48152,L,295.8,306.6,1644.0,35.2,115.0,0,0,10.800000000000011,57868.8,0.021398176291793313
974,L48153,L,295.9,306.6,1679.0,30.4,117.0,0,0,10.700000000000045,51041.6,0.018095238095238095
975,L48154,L,296.0,306.6,1511.0,35.2,108.0,0,0,10.600000000000023,53187.200000000004,0.023280423280423283
976,M15835,M,296.0,306.6,1628.0,36.8,121.0,0,0,10.600000000000023,59910.399999999994,0.022590546347452424
977,M15836,M,296.0,306.6,1392.0,51.3,124.0,0,0,10.600000000000023,71409.59999999999,0.036826992103374014
978,L48157,L,296.0,306.7,1917.0,21.0,127.0,0,0,10.699999999999989,40257.0,0.010948905109489052
979,M15838,M,296.2,306.8,1526.0,42.3,129.0,0,0,10.600000000000023,64549.799999999996,0.027701375245579567
980,L48159,L,296.2,306.8,1389.0,53.3,132.0,0,0,10.600000000000023,74033.7,0.038345323741007194
981,L48160,L,296.1,306.7,1409.0,42.8,134.0,0,0,10.599999999999966,60305.2,0.030354609929078014
982,L48161,L,296.2,306.8,1655.0,31.1,136.0,0,0,10.600000000000023,51470.5,0.018780193236714978
983,L48162,L,296.2,306.9,1516.0,39.1,138.0,0,0,10.699999999999989,59275.6,0.025774555042847726
984,L48163,L,296.2,306.9,1526.0,34.9,140.0,0,0,10.699999999999989,53257.4,0.022855271774721676
985,L48164,L,296.3,307.1,1419.0,48.6,142.0,0,0,10.800000000000011,68963.40000000001,0.03422535211267606
986,L48165,L,296.4,307.2,1748.0,25.3,144.0,0,0,10.800000000000011,44224.4,0.014465408805031447
987,H30400,H,296.4,307.1,1638.0,32.5,146.0,0,0,10.700000000000045,53235.0,0.01982916412446614
988,M15847,M,296.3,307.1,1534.0,33.8,151.0,0,0,10.800000000000011,51849.2,0.022019543973941368
989,H30402,H,296.3,307.1,1774.0,25.9,154.0,0,0,10.800000000000011,45946.6,0.014591549295774647
990,M15849,M,296.2,307.0,2119.0,18.3,159.0,0,0,10.800000000000011,38777.700000000004,0.008632075471698114
991,L48170,L,296.2,307.0,1414.0,48.3,162.0,0,0,10.800000000000011,68296.2,0.03413427561837456
992,M15851,M,296.1,307.0,1523.0,42.0,164.0,0,0,10.899999999999977,63966.0,0.027559055118110236
993,L48172,L,296.1,307.1,1651.0,35.7,167.0,0,0,11.0,58940.700000000004,0.021610169491525427
994,M15853,M,296.1,307.1,1485.0,36.0,169.0,0,0,11.0,53460.0,0.024226110363391656
995,M15854,M,296.2,307.2,1168.0,63.4,172.0,0,0,11.0,74051.2,0.05423438836612489
996,L48175,L,296.3,307.3,1566.0,35.8,175.0,0,0,11.0,56062.799999999996,0.022846202935545627
997,M15856,M,296.3,307.2,1286.0,51.1,177.0,0,0,10.899999999999977,65714.6,0.03970473970473971
998,M15857,M,296.3,307.2,1446.0,45.9,180.0,0,0,10.899999999999977,66371.4,0.031720801658604005
999,M15858,M,296.4,307.2,2071.0,19.4,183.0,0,0,10.800000000000011,40177.399999999994,0.009362934362934363
1000,L48179,L,296.3,307.1,1560.0,33.2,186.0,0,0,10.800000000000011,51792.00000000001,0.021268417680973737
1001,L48180,L,296.3,307.1,1654.0,29.6,188.0,0,0,10.800000000000011,48958.4,0.017885196374622356
1002,L48181,L,296.3,307.1,1662.0,32.9,190.0,0,0,10.800000000000011,54679.799999999996,0.01978352375225496
1003,L48182,L,296.3,307.2,1646.0,35.0,192.0,0,0,10.899999999999977,57610.0,0.021250758955676987
1004,L48183,L,296.2,307.1,1444.0,46.7,194.0,0,0,10.900000000000034,67434.8,0.032318339100346025
1005,H30418,H,296.3,307.2,1424.0,42.0,196.0,0,0,10.899999999999977,59808.0,0.029473684210526315
1006,L48185,L,296.2,307.2,1382.0,52.0,201.0,0,0,11.0,71864.0,0.03759942154736081
1007,L48186,L,296.2,307.1,1413.0,53.4,203.0,0,0,10.900000000000034,75454.2,0.037765205091937766
1008,M15867,M,296.2,307.2,1633.0,31.1,0.0,0,0,11.0,50786.3,0.019033047735618116
1009,L48188,L,296.2,307.1,1441.0,41.7,3.0,0,0,10.900000000000034,60089.700000000004,0.028918169209431348
1010,M15869,M,296.2,307.2,1385.0,44.0,5.0,0,0,11.0,60940.0,0.031746031746031744
1011,M15870,M,296.2,307.2,1552.0,34.8,8.0,0,0,11.0,54009.6,0.022408242112041208
1012,M15871,M,296.2,307.3,1451.0,42.8,11.0,0,0,11.100000000000023,62102.799999999996,0.029476584022038566
1013,M15872,M,296.1,307.1,1433.0,38.5,14.0,0,0,11.0,55170.5,0.02684797768479777
1014,M15873,M,296.1,307.2,1619.0,29.7,17.0,0,0,11.099999999999966,48084.299999999996,0.018333333333333333
1015,L48194,L,296.2,307.2,1445.0,41.8,20.0,0,0,11.0,60400.99999999999,0.028907330567081602
1016,L48195,L,296.2,307.2,1356.0,43.6,22.0,0,0,11.0,59121.6,0.03212969786293294
1017,M15876,M,296.3,307.2,1503.0,68.3,24.0,1,0,10.899999999999977,102654.9,0.04541223404255319
1018,L48197,L,296.3,310.1,1637.0,31.6,27.0,0,0,13.800000000000011,51729.200000000004,0.019291819291819293
1019,L48198,L,296.3,307.2,1291.0,58.6,29.0,0,0,10.899999999999977,75652.6,0.045356037151702784
1020,L48199,L,296.3,307.3,1398.0,52.7,31.0,0,0,11.0,73674.6,0.03766976411722659
1021,L48200,L,296.3,307.3,1372.0,57.7,33.0,0,0,11.0,79164.40000000001,0.04202476329206118
1022,M15881,M,296.3,307.2,1454.0,42.5,35.0,0,0,10.899999999999977,61795.0,0.029209621993127148
1023,L48202,L,296.2,307.2,1515.0,36.5,38.0,0,0,11.0,55297.5,0.024076517150395778
1024,L48203,L,296.2,307.3,1881.0,24.3,40.0,0,0,11.100000000000023,45708.3,0.012911795961742828
1025,L48204,L,296.2,307.3,1711.0,29.9,42.0,0,0,11.100000000000023,51158.899999999994,0.017464953271028035
1026,L48205,L,296.2,307.3,1475.0,37.0,44.0,0,0,11.100000000000023,54575.0,0.025067750677506776
1027,L48206,L,296.4,307.4,1512.0,36.8,46.0,0,0,11.0,55641.6,0.024322538003965628
1028,M15887,M,296.3,307.4,1335.0,50.5,48.0,0,0,11.099999999999966,67417.5,0.03779940119760479
1029,L48208,L,296.3,307.4,1472.0,39.9,51.0,0,0,11.099999999999966,58732.799999999996,0.027087576374745417
1030,M15889,M,296.2,307.3,1477.0,35.2,53.0,0,0,11.100000000000023,51990.4,0.02381596752368065
1031,L48210,L,296.3,307.4,1760.0,28.4,56.0,0,0,11.099999999999966,49984.0,0.016127200454287335
1032,L48211,L,296.4,307.5,1549.0,36.1,58.0,0,0,11.100000000000023,55918.9,0.023290322580645163
1033,L48212,L,296.3,307.4,1648.0,34.0,60.0,0,0,11.099999999999966,56032.0,0.020618556701030927
1034,H30447,H,296.4,307.5,1556.0,38.0,62.0,0,0,11.100000000000023,59128.0,0.024405908798972382
1035,M15894,M,296.3,307.4,1958.0,19.1,67.0,0,0,11.099999999999966,37397.8,0.009749872383869321
1036,L48215,L,296.4,307.4,1403.0,48.4,70.0,0,0,11.0,67905.2,0.03447293447293447
1037,M15896,M,296.4,307.5,1684.0,31.4,72.0,0,0,11.100000000000023,52877.6,0.018635014836795253
1038,H30451,H,296.4,307.5,1596.0,35.1,75.0,0,0,11.100000000000023,56019.600000000006,0.02197871008140263
1039,L48218,L,296.6,307.6,1498.0,41.1,80.0,0,0,11.0,61567.8,0.02741827885256838
1040,L48219,L,296.7,307.7,1524.0,36.8,82.0,0,0,11.0,56083.2,0.024131147540983604
1041,L48220,L,296.7,307.7,1502.0,43.9,84.0,0,0,11.0,65937.8,0.029208250166333997
1042,L48221,L,296.6,307.6,1809.0,25.1,86.0,0,0,11.0,45405.9,0.013867403314917127
1043,L48222,L,296.6,307.6,1542.0,37.4,88.0,0,0,11.0,57670.799999999996,0.02423849643551523
1044,L48223,L,296.5,307.6,1431.0,45.2,90.0,0,0,11.100000000000023,64681.200000000004,0.03156424581005587
1045,L48224,L,296.5,307.6,1512.0,43.6,92.0,0,0,11.100000000000023,65923.2,0.028816920026437542
1046,H30459,H,296.4,307.5,1403.0,52.8,94.0,0,0,11.100000000000023,74078.4,0.037606837606837605
1047,L48226,L,296.4,307.5,1331.0,47.8,99.0,0,0,11.100000000000023,63621.799999999996,0.035885885885885885
1048,M15907,M,296.6,307.7,1474.0,52.6,101.0,0,0,11.099999999999966,77532.40000000001,0.035661016949152545
1049,L48228,L,296.5,307.6,1607.0,33.5,104.0,0,0,11.100000000000023,53834.5,0.020833333333333332
1050,L48229,L,296.5,307.6,1415.0,44.2,106.0,0,0,11.100000000000023,62543.00000000001,0.031214689265536725
1051,L48230,L,296.6,307.6,1671.0,28.8,108.0,0,0,11.0,48124.8,0.01722488038277512
1052,L48231,L,296.6,307.7,1556.0,37.7,110.0,0,0,11.099999999999966,58661.200000000004,0.024213230571612076
1053,L48232,L,296.7,307.7,1927.0,23.9,112.0,0,0,11.0,46055.299999999996,0.012396265560165974
1054,M15913,M,296.7,307.7,1597.0,32.1,114.0,0,0,11.0,51263.700000000004,0.020087609511889863
1055,H30468,H,300.1,307.8,1627.0,30.5,117.0,0,0,7.699999999999989,49623.5,0.018734643734643733
1056,L48235,L,296.8,307.8,1480.0,39.4,122.0,0,0,11.0,58312.0,0.026603646185010127
1057,L48236,L,296.8,307.8,1565.0,39.5,124.0,0,0,11.0,61817.5,0.025223499361430396
1058,L48237,L,296.8,307.8,1573.0,36.4,126.0,0,0,11.0,57257.2,0.023125794155019058
1059,L48238,L,296.7,307.8,1605.0,31.3,128.0,0,0,11.100000000000023,50236.5,0.019489414694894146
1060,M15919,M,296.7,307.9,1874.0,21.3,130.0,0,0,11.199999999999989,39916.200000000004,0.01136
1061,H30474,H,296.7,307.9,1424.0,53.8,133.0,0,0,11.199999999999989,76611.2,0.037754385964912276
1062,L48241,L,296.7,307.9,1420.0,50.1,138.0,0,0,11.199999999999989,71142.0,0.03525686136523575
1063,L48242,L,296.8,307.9,1372.0,49.0,140.0,0,0,11.099999999999966,67228.0,0.035688273852876914
1064,M15923,M,296.8,307.8,1664.0,32.8,142.0,0,0,11.0,54579.2,0.0196996996996997
1065,M15924,M,296.8,307.9,1409.0,44.3,145.0,0,0,11.099999999999966,62418.7,0.03141843971631206
1066,L48245,L,296.8,307.9,1718.0,25.2,148.0,0,0,11.099999999999966,43293.6,0.014659685863874346
1067,M15926,M,296.9,307.8,1544.0,40.3,150.0,0,0,10.900000000000034,62223.2,0.026084142394822006
1068,L48247,L,296.9,307.8,1466.0,45.7,153.0,0,0,10.900000000000034,66996.2,0.031152010906612137
1069,L48248,L,296.8,307.8,1394.0,47.7,155.0,0,0,11.0,66493.8,0.034193548387096775
1070,M15929,M,296.9,307.8,1840.0,24.6,157.0,0,0,10.900000000000034,45264.0,0.013362303096143401
1071,M15930,M,296.9,307.8,1477.0,37.2,160.0,0,0,10.900000000000034,54944.4,0.025169147496617052
1072,L48251,L,296.9,307.8,1425.0,49.1,163.0,0,0,10.900000000000034,69967.5,0.034431977559607294
1073,M15932,M,297.0,307.9,1414.0,46.2,165.0,0,0,10.899999999999977,65326.8,0.032650176678445234
1074,L48253,L,297.0,307.8,1414.0,47.5,168.0,0,0,10.800000000000011,67165.0,0.03356890459363958
1075,L48254,L,297.0,307.9,1595.0,31.7,170.0,0,0,10.899999999999977,50561.5,0.019862155388471178
1076,H30489,H,296.9,307.8,1345.0,54.5,172.0,0,0,10.900000000000034,73302.5,0.04049034175334324
1077,L48256,L,296.9,307.7,1653.0,35.9,177.0,0,0,10.800000000000011,59342.7,0.0217049576783555
1078,L48257,L,296.8,307.6,1547.0,36.5,179.0,0,0,10.800000000000011,56465.5,0.023578811369509043
1079,H30492,L,296.9,307.7,1656.0,30.8,181.0,0,0,10.800000000000011,51004.8,0.018587809293904647
1080,L48259,L,297.0,307.7,1731.0,28.5,186.0,0,0,10.699999999999989,49333.5,0.016454965357967668
1081,L48260,L,297.0,307.8,1774.0,28.0,188.0,0,0,10.800000000000011,49672.0,0.015774647887323943
1082,L48261,L,297.0,307.8,1521.0,40.2,190.0,0,0,10.800000000000011,61144.200000000004,0.026412614980289094
1083,H30496,H,297.1,307.9,1420.0,39.8,192.0,0,0,10.799999999999955,56515.99999999999,0.028008444757213227
1084,L48263,L,297.0,307.8,1683.0,32.3,197.0,0,0,10.800000000000011,54360.899999999994,0.019180522565320664
1085,M15944,M,297.0,307.7,1498.0,47.1,199.0,0,0,10.699999999999989,70555.8,0.031420947298198804
1086,L48265,L,297.0,307.8,1385.0,56.4,202.0,1,0,10.800000000000011,78114.0,0.04069264069264069
1087,L48266,L,297.0,307.9,1455.0,49.0,204.0,0,0,10.899999999999977,71295.0,0.03365384615384615
1088,H30501,H,296.9,307.8,1549.0,35.8,206.0,1,1,10.900000000000034,55454.2,0.023096774193548386
1089,M15948,M,296.9,307.8,1392.0,43.9,0.0,0,0,10.900000000000034,61108.799999999996,0.031514716439339556
1090,M15949,L,296.9,307.7,2008.0,17.5,3.0,0,0,10.800000000000011,35140.0,0.008710801393728223
1091,L48270,L,296.9,307.7,1464.0,41.4,6.0,0,0,10.800000000000011,60609.6,0.02825938566552901
1092,L48271,L,297.0,307.7,1447.0,46.4,8.0,0,0,10.699999999999989,67140.8,0.032044198895027624
1093,M15952,M,296.9,307.6,1685.0,32.0,10.0,0,0,10.700000000000045,53920.0,0.018979833926453145
1094,M15953,M,296.8,307.5,1443.0,39.2,13.0,0,0,10.699999999999989,56565.600000000006,0.027146814404432135
1095,L48274,L,296.9,307.5,1354.0,44.4,16.0,0,0,10.600000000000023,60117.6,0.03276752767527675
1096,L48275,L,296.9,307.5,2721.0,9.3,18.0,1,0,10.600000000000023,25305.300000000003,0.0034166054371785456
1097,L48276,L,297.0,307.6,1680.0,35.8,20.0,0,0,10.600000000000023,60143.99999999999,0.02129684711481261
1098,H30511,H,296.9,307.5,1397.0,48.3,22.0,0,0,10.600000000000023,67475.09999999999,0.03454935622317596
1099,M15958,M,296.9,307.4,1521.0,37.9,27.0,0,0,10.5,57645.9,0.024901445466491458
1100,M15959,M,296.8,307.4,1472.0,43.9,30.0,0,0,10.599999999999966,64620.799999999996,0.029803122878479294
1101,H30514,H,296.8,307.5,1695.0,30.0,33.0,0,0,10.699999999999989,50850.0,0.01768867924528302
1102,H30515,H,296.7,307.5,1607.0,33.6,38.0,0,0,10.800000000000011,53995.200000000004,0.020895522388059702
1103,L48282,L,296.8,307.5,1347.0,54.8,43.0,0,0,10.699999999999989,73815.59999999999,0.04065281899109792
1104,M15963,M,296.7,307.4,1540.0,38.7,45.0,0,0,10.699999999999989,59598.00000000001,0.02511356262167424
1105,L48284,L,296.6,307.4,1389.0,42.7,48.0,0,0,10.799999999999955,59310.3,0.030719424460431657
1106,M15965,M,296.6,307.5,1734.0,27.0,50.0,0,0,10.899999999999977,46818.0,0.015561959654178675
1107,L48286,L,296.7,307.6,1540.0,38.6,53.0,0,0,10.900000000000034,59444.0,0.025048669695003245
1108,M15967,M,296.7,307.5,1515.0,42.1,55.0,0,0,10.800000000000011,63781.5,0.027770448548812665
1109,L48288,L,296.6,307.4,1504.0,45.8,58.0,0,0,10.799999999999955,68883.2,0.03043189368770764
1110,L48289,L,296.6,307.5,1557.0,35.1,60.0,0,0,10.899999999999977,54650.700000000004,0.022528883183568677
1111,L48290,L,296.5,307.4,1292.0,52.5,62.0,0,0,10.899999999999977,67830.0,0.04060324825986079
1112,H30525,H,296.5,307.4,1432.0,49.2,64.0,0,0,10.899999999999977,70454.40000000001,0.03433356594556874
1113,M15972,M,296.5,307.4,1350.0,55.6,69.0,0,0,10.899999999999977,75060.0,0.041154700222057736
1114,M15973,M,296.6,307.4,1790.0,25.8,72.0,0,0,10.799999999999955,46182.0,0.01440536013400335
1115,H30528,H,296.4,307.3,1540.0,37.4,75.0,0,0,10.900000000000034,57596.0,0.02426995457495133
1116,M15975,M,296.4,307.3,2077.0,19.1,80.0,0,0,10.900000000000034,39670.700000000004,0.00919153031761309
1117,L48296,L,296.4,307.3,1487.0,37.5,83.0,0,0,10.900000000000034,55762.5,0.025201612903225805
1118,L48297,L,296.5,307.4,1523.0,40.7,85.0,0,0,10.899999999999977,61986.100000000006,0.026706036745406826
1119,L48298,L,296.5,307.5,1443.0,41.8,87.0,0,0,11.0,60317.399999999994,0.028947368421052628
1120,L48299,L,296.5,307.5,1340.0,59.1,89.0,0,0,11.0,79194.0,0.04407158836689038
1121,H30534,M,296.6,307.7,1654.0,31.0,91.0,0,0,11.099999999999966,51274.0,0.018731117824773415
1122,L48301,L,296.6,307.6,1459.0,40.2,96.0,0,0,11.0,58651.8,0.027534246575342466
1123,L48302,L,296.5,307.6,1541.0,38.5,98.0,0,0,11.100000000000023,59328.5,0.02496757457846952
1124,H30537,H,296.6,307.7,1386.0,62.3,100.0,1,0,11.099999999999966,86347.8,0.04491708723864456
1125,M15984,M,296.7,307.8,1258.0,69.0,105.0,1,0,11.100000000000023,86802.0,0.05480540111199365
1126,M15985,M,296.7,307.8,1375.0,51.4,108.0,0,0,11.100000000000023,70675.0,0.03735465116279069
1127,L48306,L,296.8,307.9,1706.0,30.8,111.0,0,0,11.099999999999966,52544.8,0.018043350908025776
1128,M15987,M,296.7,307.8,1672.0,32.4,113.0,0,0,11.100000000000023,54172.799999999996,0.019366407650926478
1129,M15988,M,296.8,307.9,1843.0,25.2,116.0,0,0,11.099999999999966,46443.6,0.013665943600867678
1130,L48309,L,296.7,307.9,1690.0,29.6,119.0,0,0,11.199999999999989,50024.0,0.017504435245416915
1131,L48310,L,296.8,307.9,1413.0,46.5,121.0,0,0,11.099999999999966,65704.5,0.03288543140028288
1132,L48311,L,296.8,307.9,1489.0,33.4,123.0,0,0,11.099999999999966,49732.6,0.022416107382550336
1133,L48312,L,296.8,307.9,1271.0,61.4,125.0,0,0,11.099999999999966,78039.4,0.04827044025157232
1134,M15993,M,296.8,307.9,1418.0,47.9,127.0,0,0,11.099999999999966,67922.2,0.03375616631430585
1135,M15994,M,296.9,307.8,1426.0,50.7,130.0,0,0,10.900000000000034,72298.2,0.03552908199018921
1136,L48315,L,296.9,307.9,1535.0,39.2,133.0,0,0,11.0,60172.00000000001,0.025520833333333336
1137,L48316,L,296.9,307.8,1557.0,38.1,135.0,0,0,10.900000000000034,59321.700000000004,0.024454428754813864
1138,L48317,L,296.9,307.8,1653.0,29.7,137.0,0,0,10.900000000000034,49094.1,0.017956469165659007
1139,L48318,L,296.9,307.9,1435.0,41.6,139.0,0,0,11.0,59696.0,0.028969359331476326
1140,M15999,M,297.0,307.9,1569.0,33.3,141.0,0,0,10.899999999999977,52247.7,0.021210191082802546
1141,M16000,M,296.9,307.9,1385.0,44.8,144.0,0,0,11.0,62047.99999999999,0.03232323232323232
1142,L48321,L,297.0,307.9,1635.0,31.6,147.0,0,0,10.899999999999977,51666.0,0.019315403422982887
1143,L48322,L,296.9,307.9,1423.0,43.9,149.0,0,0,11.0,62469.7,0.030828651685393258
1144,L48323,L,297.0,307.9,1479.0,39.2,151.0,0,0,10.899999999999977,57976.8,0.02648648648648649
1145,L48324,L,297.0,307.9,1296.0,69.1,153.0,1,0,10.899999999999977,89553.59999999999,0.05327679259830377
1146,L48325,L,297.0,307.8,1553.0,33.3,155.0,0,0,10.800000000000011,51714.899999999994,0.021428571428571425
1147,L48326,L,297.0,307.9,1529.0,42.2,157.0,0,0,10.899999999999977,64523.8,0.027581699346405232
1148,M16007,M,297.1,308.0,1690.0,25.6,159.0,0,0,10.899999999999977,43264.0,0.015138971023063276
1149,L48328,L,297.1,308.0,1348.0,58.0,162.0,0,0,10.899999999999977,78184.0,0.042994810971089696
1150,L48329,L,297.2,308.1,1446.0,38.5,164.0,0,0,10.900000000000034,55671.0,0.026606772633033862
1151,L48330,L,297.1,307.9,1456.0,50.0,166.0,0,0,10.799999999999955,72800.0,0.03431708991077557
1152,L48331,L,297.0,307.9,1350.0,47.7,168.0,0,0,10.899999999999977,64395.00000000001,0.03530717986676536
1153,L48332,L,297.1,307.9,1507.0,38.3,170.0,0,0,10.799999999999955,57718.1,0.02539787798408488
1154,H30567,H,297.0,307.9,1448.0,45.6,172.0,0,0,10.899999999999977,66028.8,0.03146997929606626
1155,L48334,L,296.9,307.9,1626.0,29.9,177.0,0,0,11.0,48617.399999999994,0.01837738168408113
1156,H30569,L,297.0,307.9,1846.0,27.3,179.0,0,0,10.899999999999977,50395.8,0.014780725500812128
1157,H30570,H,297.0,307.8,1404.0,40.7,184.0,0,0,10.800000000000011,57142.8,0.028967971530249114
1158,L48337,L,297.0,307.8,1583.0,37.2,189.0,0,0,10.800000000000011,58887.600000000006,0.023484848484848487
1159,L48338,L,297.0,307.9,1436.0,47.7,191.0,0,0,10.899999999999977,68497.2,0.03319415448851775
1160,L48339,L,297.0,307.8,1609.0,35.6,193.0,0,0,10.800000000000011,57280.4,0.022111801242236027
1161,H30574,H,297.0,307.7,1834.0,23.8,195.0,0,0,10.699999999999989,43649.200000000004,0.012970027247956404
1162,L48341,L,297.0,307.8,1316.0,61.2,200.0,1,0,10.800000000000011,80539.2,0.04646924829157176
1163,L48342,L,296.9,307.8,1400.0,57.1,202.0,1,0,10.900000000000034,79940.0,0.04075660242683797
1164,L48343,M,296.9,307.9,1367.0,47.1,204.0,0,0,11.0,64385.700000000004,0.03442982456140351
1165,L48344,L,297.1,308.1,1754.0,30.3,206.0,0,0,11.0,53146.200000000004,0.017264957264957265
1166,L48345,L,297.1,308.1,1487.0,34.6,208.0,0,0,11.0,51450.200000000004,0.023252688172043012
1167,M16026,M,297.1,308.1,1506.0,37.7,210.0,0,0,11.0,56776.200000000004,0.025016589250165894
1168,L48347,L,297.0,308.1,1362.0,52.5,213.0,1,0,11.100000000000023,71505.0,0.03851797505502568
1169,L48348,L,297.1,308.1,1584.0,36.8,215.0,0,0,11.0,58291.2,0.023217665615141953
1170,L48349,L,297.0,308.1,1355.0,43.7,217.0,0,0,11.100000000000023,59213.50000000001,0.03222713864306785
1171,M16030,M,297.1,308.1,1823.0,24.3,219.0,0,0,11.0,44298.9,0.013322368421052631
1172,H30585,H,297.0,308.1,1517.0,41.4,222.0,0,0,11.100000000000023,62803.799999999996,0.02727272727272727
1173,L48352,L,297.1,308.1,1446.0,36.6,227.0,0,0,11.0,52923.6,0.025293711126468558
1174,H30587,H,297.1,308.0,1559.0,38.8,229.0,0,0,10.899999999999977,60489.2,0.02487179487179487
1175,M16034,M,297.1,308.1,1503.0,44.4,0.0,0,0,11.0,66733.2,0.02952127659574468
1176,M16035,M,297.2,308.3,1578.0,37.8,3.0,0,0,11.100000000000023,59648.399999999994,0.02393920202659911
1177,M16036,L,297.2,308.3,1429.0,42.0,6.0,0,0,11.100000000000023,60018.0,0.02937062937062937
1178,M16037,M,297.2,308.3,1604.0,39.4,9.0,0,0,11.100000000000023,63197.6,0.02454828660436137
1179,L48358,L,297.3,308.5,1398.0,60.4,12.0,0,0,11.199999999999989,84439.2,0.04317369549678342
1180,L48359,L,297.3,308.4,1441.0,43.4,14.0,0,0,11.099999999999966,62539.4,0.030097087378640777
1181,H30594,H,297.3,308.4,1531.0,35.6,16.0,0,0,11.099999999999966,54503.6,0.023237597911227155
1182,L48361,L,297.2,308.3,1379.0,52.1,21.0,0,0,11.100000000000023,71845.90000000001,0.0377536231884058
1183,L48362,L,297.3,308.3,1410.0,48.1,23.0,0,0,11.0,67821.0,0.034089298369950394
1184,L48363,L,297.3,308.4,1513.0,40.5,25.0,0,0,11.099999999999966,61276.5,0.026750330250990752
1185,L48364,L,297.3,308.5,1497.0,47.5,27.0,0,0,11.199999999999989,71107.5,0.03170894526034713
1186,L48365,L,297.3,308.4,1491.0,46.5,29.0,0,0,11.099999999999966,69331.5,0.03116621983914209
1187,L48366,L,297.3,308.4,1417.0,47.8,31.0,0,0,11.099999999999966,67732.59999999999,0.033709449929478136
1188,M16047,M,297.4,308.6,1522.0,38.0,33.0,0,0,11.200000000000045,57836.0,0.02495075508864084
1189,L48368,L,297.3,308.4,1339.0,52.1,36.0,0,0,11.099999999999966,69761.90000000001,0.038880597014925376
1190,M16049,M,297.2,308.3,1794.0,27.5,38.0,0,0,11.100000000000023,49335.0,0.01532033426183844
1191,L48370,L,297.2,308.4,1460.0,42.1,41.0,0,0,11.199999999999989,61466.0,0.028815879534565367
1192,M16051,M,297.2,308.3,1776.0,28.0,43.0,0,0,11.100000000000023,49728.0,0.015756893640967922
1193,M16052,M,297.2,308.3,1431.0,43.7,46.0,0,0,11.100000000000023,62534.700000000004,0.030516759776536315
1194,L48373,L,297.1,308.2,1347.0,50.8,49.0,0,0,11.099999999999966,68427.59999999999,0.03768545994065282
1195,M16054,M,297.0,308.1,1507.0,43.1,51.0,0,0,11.100000000000023,64951.700000000004,0.028580901856763926
1196,M16055,M,297.0,308.0,1408.0,47.9,54.0,0,0,11.0,67443.2,0.0339957416607523
1197,M16056,M,297.0,307.9,1493.0,34.7,108.0,0,0,10.899999999999977,51807.100000000006,0.023226238286479253
1198,M16057,M,296.9,307.9,1441.0,47.6,60.0,0,0,11.0,68591.6,0.03300970873786408
1199,H30612,H,296.9,307.9,1557.0,36.5,63.0,0,0,11.0,56830.5,0.02342747111681643
1200,M16059,M,296.9,307.9,1979.0,20.4,68.0,0,0,11.0,40371.6,0.010303030303030302
1201,M16060,M,296.9,308.0,1430.0,55.9,71.0,0,0,11.100000000000023,79937.0,0.03906359189378057
1202,L48381,L,296.9,308.0,1658.0,40.1,74.0,0,0,11.100000000000023,66485.8,0.024171187462326705
1203,M16062,M,297.0,308.1,1355.0,51.4,76.0,0,0,11.100000000000023,69647.0,0.03790560471976401
1204,H30617,H,297.0,308.1,1410.0,47.6,79.0,0,0,11.100000000000023,67116.0,0.033734939759036145
1205,L48384,L,296.9,308.0,1521.0,34.5,84.0,0,0,11.100000000000023,52474.5,0.02266754270696452
1206,L48385,L,296.8,308.0,1371.0,54.5,86.0,0,0,11.199999999999989,74719.5,0.03972303206997085
1207,H30620,H,296.9,308.0,1318.0,53.5,88.0,0,0,11.100000000000023,70513.0,0.04056103108415466
1208,M16067,M,297.0,308.1,1573.0,34.9,93.0,0,0,11.100000000000023,54897.7,0.022172808132147396
1209,L48388,L,297.0,308.1,1489.0,44.1,96.0,0,0,11.100000000000023,65664.90000000001,0.02959731543624161
1210,H30623,H,297.0,308.1,2540.0,13.3,98.0,0,0,11.100000000000023,33782.0,0.005234159779614326
1211,L48390,L,297.0,308.1,1537.0,39.0,103.0,0,0,11.100000000000023,59943.0,0.025357607282184655
1212,H30625,H,296.9,308.0,1416.0,46.9,105.0,0,0,11.100000000000023,66410.4,0.033098094565984476
1213,L48392,L,296.9,307.9,1359.0,56.5,110.0,0,0,11.0,76783.5,0.04154411764705882
1214,M16073,M,296.8,307.8,1551.0,38.9,112.0,0,0,11.0,60333.899999999994,0.02506443298969072
1215,M16074,M,296.8,307.8,1694.0,33.0,115.0,0,0,11.0,55902.0,0.019469026548672566
1216,L48395,L,296.8,307.9,1709.0,28.4,118.0,0,0,11.099999999999966,48535.6,0.016608187134502923
1217,L48396,L,296.9,308.0,1514.0,41.0,120.0,0,0,11.100000000000023,62074.0,0.02706270627062706
1218,L48397,L,297.0,308.1,1455.0,43.5,122.0,0,0,11.100000000000023,63292.5,0.029876373626373628
1219,M16078,M,297.0,308.2,1702.0,30.7,124.0,0,0,11.199999999999989,52251.4,0.01802701115678215
1220,M16079,M,296.9,308.1,1357.0,41.8,127.0,0,0,11.200000000000045,56722.6,0.030780559646539026
1221,L48400,L,297.0,308.2,1577.0,29.4,130.0,0,0,11.199999999999989,46363.799999999996,0.018631178707224333
1222,M16081,M,297.0,308.3,1399.0,46.4,132.0,0,0,11.300000000000011,64913.6,0.03314285714285714
1223,L48402,L,297.0,308.3,1399.0,59.0,135.0,0,0,11.300000000000011,82541.0,0.04214285714285714
1224,L48403,L,297.0,308.3,1492.0,48.1,137.0,0,0,11.300000000000011,71765.2,0.03221701272605492
1225,L48404,L,297.1,308.3,1763.0,25.7,139.0,0,0,11.199999999999989,45309.1,0.014569160997732426
1226,H30639,H,297.1,308.3,1492.0,41.5,141.0,0,0,11.199999999999989,61918.0,0.027796383121232417
1227,L48406,L,297.1,308.4,1488.0,42.5,146.0,0,0,11.299999999999955,63240.0,0.028542646071188716
1228,L48407,L,297.1,308.4,1422.0,42.1,148.0,0,0,11.299999999999955,59866.200000000004,0.029585382993675333
1229,M16088,M,297.1,308.4,1583.0,38.2,150.0,0,0,11.299999999999955,60470.600000000006,0.02411616161616162
1230,L48409,L,297.1,308.4,1304.0,53.5,153.0,0,0,11.299999999999955,69764.0,0.04099616858237548
1231,M16090,M,297.1,308.4,1880.0,23.5,155.0,0,0,11.299999999999955,44180.0,0.012493354598617756
1232,M16091,M,297.2,308.5,1604.0,40.7,158.0,0,0,11.300000000000011,65282.8,0.0253582554517134
1233,L48412,L,297.2,308.6,1500.0,37.1,161.0,0,0,11.400000000000034,55650.0,0.024716855429713525
1234,M16093,M,297.2,308.5,1364.0,55.6,163.0,0,0,11.300000000000011,75838.40000000001,0.04073260073260073
1235,H30648,H,297.2,308.5,2440.0,14.0,166.0,0,0,11.300000000000011,34160.0,0.005735354362965997
1236,H30649,H,297.1,308.4,1654.0,31.4,171.0,0,0,11.299999999999955,51935.6,0.018972809667673715
1237,H30650,H,297.1,308.4,1359.0,46.6,176.0,0,0,11.299999999999955,63329.4,0.03426470588235294
1238,M16097,M,297.1,308.4,1502.0,37.3,181.0,0,0,11.299999999999955,56024.6,0.024817032601463736
1239,M16098,M,297.1,308.4,1615.0,32.6,184.0,0,0,11.299999999999955,52649.0,0.020173267326732674
1240,H30653,H,297.2,308.5,1482.0,39.3,187.0,0,0,11.300000000000011,58242.6,0.02650033715441672
1241,L48420,L,297.2,308.6,1636.0,31.3,192.0,0,0,11.400000000000034,51206.8,0.019120342089187538
1242,M16101,M,297.1,308.5,1621.0,32.4,194.0,0,0,11.399999999999977,52520.399999999994,0.01997533908754624
1243,L48422,L,297.1,308.4,1468.0,44.4,197.0,0,0,11.299999999999955,65179.2,0.030224642614023144
1244,M16103,M,297.1,308.4,1432.0,53.4,199.0,0,0,11.299999999999955,76468.8,0.03726448011165387
1245,L48424,L,297.1,308.4,1726.0,28.4,202.0,0,0,11.299999999999955,49018.399999999994,0.016444701795020264
1246,M16105,M,297.1,308.4,1588.0,33.4,204.0,0,0,11.299999999999955,53039.2,0.021019509125235997
1247,H30660,H,297.2,308.5,1653.0,33.3,207.0,0,0,11.300000000000011,55044.899999999994,0.020133010882708583
1248,L48427,L,297.2,308.5,1513.0,42.9,212.0,0,0,11.300000000000011,64907.7,0.02833553500660502
1249,L48428,L,297.2,308.6,1489.0,40.2,214.0,0,0,11.400000000000034,59857.8,0.02697986577181208
1250,L48429,L,297.3,308.7,1467.0,36.8,216.0,0,0,11.399999999999977,53985.6,0.025068119891008173
1251,L48430,L,297.3,308.7,1549.0,36.1,218.0,0,0,11.399999999999977,55918.9,0.023290322580645163
1252,M16111,M,297.4,308.8,1359.0,48.7,220.0,0,0,11.400000000000034,66183.3,0.03580882352941177
1253,L48432,L,297.5,308.8,1533.0,41.5,223.0,0,0,11.300000000000011,63619.5,0.027053455019556714
1254,L48433,L,297.5,308.8,1309.0,57.3,0.0,0,0,11.300000000000011,75005.7,0.04374045801526717
1255,H30668,H,297.5,308.8,1430.0,49.4,2.0,0,0,11.300000000000011,70642.0,0.034521313766596784
1256,H30669,H,297.5,308.9,1419.0,50.7,7.0,0,0,11.399999999999977,71943.3,0.03570422535211268
1257,M16116,M,297.5,308.9,1535.0,37.7,12.0,0,0,11.399999999999977,57869.50000000001,0.024544270833333336
1258,L48437,L,297.5,308.9,1466.0,43.0,15.0,0,0,11.399999999999977,63038.0,0.02931152010906612
1259,L48438,L,297.5,308.9,1427.0,50.4,17.0,0,0,11.399999999999977,71920.8,0.03529411764705882
1260,M16119,M,297.5,308.9,1280.0,48.5,19.0,0,0,11.399999999999977,62080.0,0.03786104605776737
1261,L48440,L,297.6,309.0,1528.0,33.8,22.0,0,0,11.399999999999977,51646.399999999994,0.022105951602354477
1262,H30675,H,297.6,309.0,1885.0,25.2,24.0,0,0,11.399999999999977,47502.0,0.013361611876988335
1263,H30676,H,297.8,309.2,1648.0,33.0,29.0,0,0,11.399999999999977,54384.0,0.02001212856276531
1264,L48443,L,297.8,309.2,1400.0,56.9,34.0,0,0,11.399999999999977,79660.0,0.04061384725196288
1265,M16124,M,297.8,309.3,2243.0,15.7,36.0,0,0,11.5,35215.1,0.006996434937611408
1266,L48445,L,297.9,309.4,1558.0,35.7,39.0,0,0,11.5,55620.600000000006,0.022899294419499682
1267,L48446,L,298.0,309.6,1633.0,34.8,41.0,0,0,11.600000000000023,56828.399999999994,0.021297429620563035
1268,M16127,M,298.1,309.6,1549.0,38.7,43.0,0,0,11.5,59946.3,0.024967741935483873
1269,L48448,L,298.0,309.5,1496.0,45.8,46.0,0,0,11.5,68516.8,0.03059452237808951
1270,L48449,L,298.1,309.5,1467.0,41.8,48.0,0,0,11.399999999999977,61320.6,0.02847411444141689
1271,M16130,M,298.0,309.4,1276.0,65.9,50.0,0,0,11.399999999999977,84088.40000000001,0.05160532498042287
1272,H30685,H,298.0,309.4,1490.0,40.5,53.0,0,0,11.399999999999977,60345.0,0.02716297786720322
1273,H30686,H,298.0,309.4,1562.0,38.1,58.0,0,0,11.399999999999977,59512.200000000004,0.02437619961612284
1274,L48453,L,298.1,309.4,1397.0,48.2,63.0,0,0,11.299999999999955,67335.40000000001,0.03447782546494993
1275,H30688,H,298.1,309.5,1530.0,40.2,65.0,0,0,11.399999999999977,61506.00000000001,0.026257348138471588
1276,M16135,M,298.1,309.4,1362.0,47.6,70.0,0,0,11.299999999999955,64831.200000000004,0.03492296404988995
1277,M16136,M,298.2,309.4,1693.0,34.4,73.0,0,0,11.199999999999989,58239.2,0.020306965761511215
1278,M16137,M,298.2,309.4,1408.0,46.5,76.0,0,0,11.199999999999989,65472.0,0.03300212916962385
1279,L48458,L,298.2,309.4,1398.0,52.9,79.0,0,0,11.199999999999989,73954.2,0.03781272337383845
1280,M16139,M,298.3,309.6,1531.0,40.1,81.0,0,0,11.300000000000011,61393.1,0.026174934725848566
1281,H30694,H,298.3,309.5,1521.0,37.1,84.0,0,0,11.199999999999989,56429.1,0.02437582128777924
1282,H30695,H,298.3,309.5,1427.0,54.3,89.0,0,0,11.199999999999989,77486.09999999999,0.03802521008403361
1283,L48462,L,298.3,309.4,1546.0,36.1,94.0,0,0,11.099999999999966,55810.600000000006,0.023335488041370395
1284,L48463,L,298.3,309.4,1356.0,45.4,96.0,0,0,11.099999999999966,61562.4,0.03345615327929256
1285,L48464,L,298.4,309.5,2153.0,15.3,98.0,1,0,11.100000000000023,32940.9,0.007103064066852368
1286,M16145,M,298.5,309.6,1492.0,41.7,100.0,0,0,11.100000000000023,62216.4,0.027930341594105828
1287,L48466,L,298.5,309.6,1582.0,40.3,103.0,0,0,11.100000000000023,63754.6,0.025457991156032846
1288,L48467,L,298.5,309.6,1419.0,41.5,105.0,0,0,11.100000000000023,58888.5,0.029225352112676056
1289,M16148,M,298.5,309.6,1441.0,48.2,107.0,0,0,11.100000000000023,69456.2,0.03342579750346741
1290,M16149,M,298.6,309.7,1635.0,32.2,110.0,0,0,11.099999999999966,52647.00000000001,0.019682151589242056
1291,L48470,L,298.6,309.7,1429.0,45.8,113.0,0,0,11.099999999999966,65448.2,0.03202797202797203
1292,M16151,M,298.6,309.7,1675.0,28.4,115.0,0,0,11.099999999999966,47570.0,0.01694510739856802
1293,M16152,M,298.7,309.7,1868.0,23.8,118.0,0,0,11.0,44458.4,0.012734082397003745
1294,H30707,H,298.7,309.8,1582.0,33.4,121.0,0,0,11.100000000000023,52838.799999999996,0.02109917877447884
1295,L48474,L,298.8,309.9,1486.0,40.3,126.0,0,0,11.099999999999966,59885.799999999996,0.02710154673839946
1296,L48475,L,298.7,309.8,1402.0,54.3,128.0,0,0,11.100000000000023,76128.59999999999,0.03870277975766215
1297,L48476,L,298.7,309.9,1621.0,34.1,130.0,0,0,11.199999999999989,55276.100000000006,0.021023427866831073
1298,L48477,L,298.8,309.9,1428.0,42.4,132.0,0,0,11.099999999999966,60547.2,0.02967109867039888
1299,M16158,M,298.7,309.8,1343.0,53.6,134.0,0,0,11.100000000000023,71984.8,0.039880952380952385
1300,M16159,M,298.7,309.9,1458.0,40.2,137.0,0,0,11.199999999999989,58611.600000000006,0.027553118574366008
1301,L48480,L,298.7,309.8,1322.0,57.0,140.0,0,0,11.100000000000023,75354.0,0.04308390022675737
1302,L48481,L,298.7,309.9,1483.0,32.8,142.0,0,0,11.199999999999989,48642.399999999994,0.02210242587601078
1303,L48482,L,298.6,309.8,1505.0,45.7,144.0,0,0,11.199999999999989,68778.5,0.030345285524568395
1304,L48483,L,298.7,309.9,1593.0,42.5,146.0,0,0,11.199999999999989,67702.5,0.026662484316185696
1305,L48484,L,298.8,310.0,2098.0,19.6,148.0,0,0,11.199999999999989,41120.8,0.009337779895188185
1306,L48485,L,298.8,310.0,1672.0,30.4,150.0,0,0,11.199999999999989,50828.799999999996,0.01817095038852361
1307,L48486,L,298.8,310.0,1487.0,41.4,152.0,0,0,11.199999999999989,61561.799999999996,0.02782258064516129
1308,L48487,L,298.8,310.0,1423.0,42.1,154.0,0,0,11.199999999999989,59908.3,0.029564606741573036
1309,L48488,L,298.9,310.1,1750.0,25.0,156.0,0,0,11.200000000000045,43750.0,0.014277555682467162
1310,L48489,L,298.9,310.2,1654.0,31.1,158.0,0,0,11.300000000000011,51439.4,0.01879154078549849
1311,L48490,L,298.9,310.2,1498.0,50.2,160.0,0,0,11.300000000000011,75199.6,0.03348899266177452
1312,L48491,L,298.9,310.1,1587.0,30.2,162.0,0,0,11.200000000000045,47927.4,0.0190176322418136
1313,L48492,L,298.9,310.1,1473.0,42.6,164.0,0,0,11.200000000000045,62749.8,0.028900949796472186
1314,L48493,L,298.9,310.2,1359.0,56.9,166.0,0,0,11.300000000000011,77327.09999999999,0.04183823529411765
1315,M16174,M,299.0,310.3,1635.0,34.5,168.0,0,0,11.300000000000011,56407.5,0.0210880195599022
1316,L48495,L,299.0,310.3,1520.0,45.0,171.0,0,0,11.300000000000011,68400.0,0.029585798816568046
1317,L48496,L,299.0,310.3,1507.0,36.7,173.0,0,0,11.300000000000011,55306.9,0.024336870026525202
1318,L48497,L,299.0,310.3,1428.0,46.3,175.0,0,0,11.300000000000011,66116.4,0.03240027991602519
1319,M16178,M,299.0,310.3,1582.0,33.3,177.0,0,0,11.300000000000011,52680.6,0.021036007580543272
1320,L48499,L,299.0,310.3,1929.0,24.4,180.0,0,0,11.300000000000011,47067.6,0.012642487046632124
1321,M16180,M,299.0,310.3,1540.0,38.1,182.0,0,0,11.300000000000011,58674.0,0.024724205061648283
1322,L48501,L,298.9,310.2,1362.0,53.0,185.0,0,0,11.300000000000011,72186.0,0.03888481291269259
1323,H30736,H,298.9,310.1,1452.0,49.9,187.0,0,0,11.200000000000045,72454.8,0.03434273916035788
1324,L48503,L,298.9,310.1,1361.0,51.7,192.0,0,0,11.200000000000045,70363.7,0.03795888399412629
1325,M16184,M,298.8,310.1,1243.0,74.5,194.0,1,0,11.300000000000011,92603.5,0.05988745980707395
1326,H30739,H,298.8,310.1,1567.0,36.8,197.0,0,0,11.300000000000011,57665.6,0.023469387755102038
1327,L48506,L,298.9,310.2,1411.0,46.5,202.0,0,0,11.300000000000011,65611.5,0.03293201133144476
1328,L48507,L,298.8,310.2,1814.0,26.8,204.0,0,0,11.399999999999977,48615.200000000004,0.014765840220385676
1329,M16188,M,298.8,310.1,1719.0,28.8,206.0,0,0,11.300000000000011,49507.200000000004,0.01674418604651163
1330,H30743,H,298.8,310.2,1663.0,30.4,209.0,0,0,11.399999999999977,50555.2,0.018269230769230767
1331,L48510,L,298.9,310.2,1696.0,30.2,214.0,0,0,11.300000000000011,51219.2,0.017796110783736004
1332,H30745,H,298.9,310.2,1771.0,26.8,216.0,0,0,11.300000000000011,47462.8,0.015124153498871333
1333,L48512,L,299.0,310.3,1868.0,24.0,221.0,0,0,11.300000000000011,44832.0,0.012841091492776886
1334,M16193,M,299.0,310.3,1558.0,35.4,223.0,0,0,11.300000000000011,55153.2,0.022706863373957664
1335,L48514,L,299.0,310.4,1365.0,49.1,226.0,1,0,11.399999999999977,67021.5,0.03594436310395315
1336,L48515,L,299.0,310.4,1371.0,53.8,228.0,1,0,11.399999999999977,73759.8,0.03921282798833819
1337,L48516,L,298.9,310.3,1583.0,32.6,230.0,0,0,11.400000000000034,51605.8,0.02058080808080808
1338,H30751,H,298.7,310.2,1613.0,36.0,0.0,0,0,11.5,58068.0,0.022304832713754646
1339,L48518,L,298.6,310.1,1721.0,27.2,5.0,0,0,11.5,46811.2,0.015795586527293844
1340,M16199,M,298.6,310.2,1668.0,31.5,7.0,0,0,11.599999999999966,52542.0,0.018873576992210903
1341,L48520,L,298.6,310.2,1569.0,36.3,10.0,0,0,11.599999999999966,56954.7,0.023121019108280252
1342,M16201,M,298.6,310.2,1328.0,50.5,12.0,0,0,11.599999999999966,67064.0,0.03799849510910459
1343,M16202,M,298.6,310.1,1596.0,33.0,15.0,0,0,11.5,52668.0,0.020663744520976832
1344,L48523,L,298.5,310.2,1676.0,32.7,18.0,0,0,11.699999999999989,54805.200000000004,0.019499105545617176
1345,L48524,L,298.5,310.1,1809.0,28.9,20.0,0,0,11.600000000000023,52280.1,0.01596685082872928
1346,L48525,L,298.5,310.0,1804.0,26.1,22.0,0,0,11.5,47084.4,0.014459833795013852
1347,L48526,L,298.6,310.1,1533.0,33.9,24.0,0,0,11.5,51968.7,0.02209908735332464
1348,L48527,L,298.7,310.2,1717.0,27.3,26.0,0,0,11.5,46874.1,0.01589057043073341
1349,L48528,L,298.7,310.2,1363.0,45.5,28.0,0,0,11.5,62016.5,0.033357771260997066
1350,L48529,L,298.7,310.2,1402.0,45.9,30.0,0,0,11.5,64351.799999999996,0.03271560940841055
1351,L48530,L,298.7,310.2,1436.0,47.5,32.0,0,0,11.5,68210.0,0.033054975643702154
1352,L48531,L,298.7,310.2,1525.0,43.7,34.0,0,0,11.5,66642.5,0.028636959370904328
1353,M16212,M,298.7,310.2,1598.0,33.3,36.0,0,0,11.5,53213.399999999994,0.020825515947467167
1354,M16213,M,298.6,310.1,1444.0,48.1,39.0,0,0,11.5,69456.40000000001,0.03328719723183391
1355,L48534,L,298.6,310.0,1334.0,48.0,42.0,0,0,11.399999999999977,64032.0,0.035955056179775284
1356,M16215,M,298.6,310.0,1681.0,35.5,44.0,0,0,11.399999999999977,59675.5,0.021105826397146255
1357,L48536,L,298.6,309.9,1593.0,37.4,47.0,0,0,11.299999999999955,59578.2,0.023462986198243413
1358,L48537,L,298.6,309.9,1461.0,45.7,49.0,0,0,11.299999999999955,66767.7,0.03125854993160055
1359,M16218,M,298.7,310.1,1693.0,31.9,51.0,0,0,11.400000000000034,54006.7,0.01883116883116883
1360,L48539,L,298.7,310.2,1404.0,50.3,54.0,0,0,11.5,70621.2,0.03580071174377224
1361,H30774,H,298.8,310.2,1707.0,27.6,56.0,0,0,11.399999999999977,47113.200000000004,0.016159250585480095
1362,M16221,M,298.6,310.1,1458.0,41.9,61.0,0,0,11.5,61090.2,0.028718300205620287
1363,L48542,L,298.6,310.0,1517.0,41.2,64.0,0,0,11.399999999999977,62500.4,0.027140974967061925
1364,L48543,L,298.7,310.1,1433.0,54.6,66.0,0,0,11.400000000000034,78241.8,0.03807531380753138
1365,L48544,L,298.7,310.2,1566.0,33.1,68.0,0,0,11.5,51834.600000000006,0.021123165283982132
1366,L48545,L,298.7,310.1,1676.0,33.5,70.0,0,0,11.400000000000034,56146.0,0.01997614788312463
1367,M16226,M,298.7,310.1,1368.0,56.8,72.0,0,0,11.400000000000034,77702.4,0.041490138787436084
1368,M16227,M,298.8,310.2,1581.0,37.5,75.0,0,0,11.399999999999977,59287.5,0.02370417193426043
1369,H30782,H,298.8,310.3,1503.0,27.1,78.0,0,0,11.5,40731.3,0.018018617021276596
1370,M16229,M,298.7,310.3,1481.0,41.5,83.0,0,0,11.600000000000023,61461.5,0.028002699055330635
1371,L48550,L,298.7,310.3,1451.0,40.0,86.0,0,0,11.600000000000023,58040.0,0.027548209366391185
1372,M16231,M,298.7,310.3,1495.0,38.7,88.0,0,0,11.600000000000023,57856.50000000001,0.025868983957219253
1373,M16232,M,298.8,310.3,1573.0,41.8,91.0,0,0,11.5,65751.4,0.02655654383735705
1374,M16233,M,298.8,310.3,1366.0,59.0,94.0,0,0,11.5,80594.0,0.04316020482809071
1375,L48554,L,298.8,310.3,1553.0,36.8,97.0,0,0,11.5,57150.399999999994,0.02368082368082368
1376,M16235,M,298.8,310.3,1528.0,37.1,99.0,0,0,11.5,56688.8,0.024264224983649444
1377,M16236,M,298.8,310.2,1527.0,31.2,102.0,0,0,11.399999999999977,47642.4,0.020418848167539267
1378,L48557,L,298.8,310.2,1461.0,46.7,105.0,0,0,11.399999999999977,68228.7,0.031942544459644326
1379,H30792,H,298.8,310.2,1455.0,44.9,107.0,0,0,11.399999999999977,65329.5,0.030837912087912086
1380,L48559,H,298.7,310.1,1620.0,34.8,112.0,0,0,11.400000000000034,56375.99999999999,0.021468229487970388
1381,L48560,L,298.7,310.1,1786.0,27.7,114.0,0,0,11.400000000000034,49472.2,0.015500839395635142
1382,M16241,M,298.8,310.2,1583.0,35.7,116.0,0,0,11.399999999999977,56513.100000000006,0.02253787878787879
1383,L48562,L,298.8,310.1,1653.0,30.3,119.0,0,0,11.300000000000011,50085.9,0.018319226118500606
1384,M16243,M,298.9,310.2,1331.0,49.0,121.0,0,0,11.300000000000011,65219.0,0.03678678678678678
1385,L48564,L,298.9,310.3,1484.0,43.8,124.0,0,0,11.400000000000034,64999.2,0.029494949494949494
1386,M16245,M,298.9,310.2,1603.0,36.1,126.0,0,0,11.300000000000011,57868.3,0.022506234413965088
1387,L48566,L,298.9,310.2,1445.0,40.0,129.0,0,0,11.300000000000011,57800.0,0.027662517289073305
1388,L48567,L,298.9,310.1,1823.0,26.1,131.0,0,0,11.200000000000045,47580.3,0.01430921052631579
1389,H30802,H,298.9,310.1,1491.0,45.3,133.0,0,0,11.200000000000045,67542.3,0.030361930294906164
1390,L48569,L,298.9,310.2,1533.0,42.8,138.0,0,0,11.300000000000011,65612.4,0.027900912646675356
1391,L48570,L,298.9,310.2,1409.0,54.8,140.0,0,0,11.300000000000011,77213.2,0.03886524822695035
1392,L48571,L,298.9,310.2,2737.0,8.8,142.0,1,0,11.300000000000011,24085.600000000002,0.0032140248356464576
1393,M16252,M,299.0,310.3,1494.0,46.6,144.0,0,0,11.300000000000011,69620.40000000001,0.031170568561872912
1394,L48573,L,299.1,310.4,1594.0,33.3,147.0,0,0,11.299999999999955,53080.2,0.020877742946708463
1395,L48574,L,299.1,310.4,1527.0,44.0,149.0,0,0,11.299999999999955,67188.0,0.028795811518324606
1396,L48575,L,299.1,310.4,1452.0,39.7,151.0,0,0,11.299999999999955,57644.4,0.027322780454232625
1397,L48576,L,299.0,310.3,1483.0,39.2,153.0,0,0,11.300000000000011,58133.600000000006,0.026415094339622643
1398,L48577,L,299.1,310.2,1569.0,38.2,155.0,0,0,11.099999999999966,59935.8,0.024331210191082805
1399,L48578,L,299.1,310.3,1472.0,46.6,157.0,0,0,11.199999999999989,68595.2,0.03163611676849966
1400,L48579,L,299.0,310.2,1533.0,43.5,159.0,0,0,11.199999999999989,66685.5,0.028357235984354627
1401,H30814,H,298.9,310.1,1366.0,62.7,161.0,0,0,11.200000000000045,85648.2,0.045866861741038774
1402,H30815,H,298.9,310.2,1532.0,37.7,166.0,0,0,11.300000000000011,57756.4,0.024592302674494457
1403,M16262,M,298.9,310.1,1313.0,56.8,171.0,0,0,11.200000000000045,74578.4,0.04322678843226788
1404,L48583,L,299.0,310.2,1372.0,48.0,174.0,0,0,11.199999999999989,65856.0,0.03495994173343044
1405,M16264,M,298.9,310.1,1555.0,40.6,176.0,0,0,11.200000000000045,63133.0,0.02609254498714653
1406,L48585,L,298.9,310.1,1394.0,42.7,179.0,0,0,11.200000000000045,59523.8,0.030609318996415773
1407,L48586,L,298.9,310.1,1442.0,48.0,181.0,0,0,11.200000000000045,69216.0,0.033264033264033266
1408,L48587,L,298.9,310.0,1564.0,33.8,183.0,0,0,11.100000000000023,52863.2,0.021597444089456866
1409,L48588,L,298.9,310.0,1452.0,48.9,185.0,0,0,11.100000000000023,71002.8,0.03365450791465933
1410,L48589,M,298.9,310.1,1466.0,42.5,187.0,0,0,11.200000000000045,62305.0,0.028970688479890934
1411,M16270,M,298.9,310.1,1469.0,53.2,189.0,0,0,11.200000000000045,78150.8,0.03619047619047619
1412,L48591,L,298.9,310.1,1944.0,23.4,192.0,0,0,11.200000000000045,45489.6,0.012030848329048842
1413,M16272,M,298.8,309.9,1415.0,53.2,194.0,0,0,11.099999999999966,75278.0,0.037570621468926556
1414,M16273,M,298.7,309.8,1528.0,36.7,197.0,0,0,11.100000000000023,56077.600000000006,0.024002616088947028
1415,M16274,M,298.7,309.8,1570.0,42.1,200.0,0,0,11.100000000000023,66097.0,0.0267982176957352
1416,L48595,L,298.7,309.9,1617.0,33.0,203.0,0,0,11.199999999999989,53361.0,0.0203955500618047
1417,M16276,M,298.7,309.9,2083.0,18.2,205.0,0,0,11.199999999999989,37910.6,0.00873320537428023
1418,L48597,L,298.7,309.9,1541.0,38.5,208.0,0,0,11.199999999999989,59328.5,0.02496757457846952
1419,L48598,L,298.8,309.9,1320.0,47.4,210.0,0,0,11.099999999999966,62568.0,0.03588190764572294
1420,L48599,L,298.7,309.8,1354.0,53.3,212.0,1,0,11.100000000000023,72168.2,0.03933579335793358
1421,M16280,M,298.8,309.9,1495.0,35.2,214.0,0,0,11.099999999999966,52624.00000000001,0.023529411764705885
1422,L48601,L,298.7,309.8,1589.0,31.8,217.0,0,0,11.100000000000023,50530.200000000004,0.02
1423,L48602,L,298.7,309.8,1530.0,35.5,0.0,0,0,11.100000000000023,54315.0,0.023187459177008492
1424,L48603,L,298.7,309.8,1539.0,33.4,2.0,0,0,11.100000000000023,51402.6,0.021688311688311687
1425,L48604,L,298.7,309.7,1462.0,46.8,4.0,0,0,11.0,68421.59999999999,0.031989063568010935
1426,L48605,L,298.6,309.7,1356.0,54.0,6.0,0,0,11.099999999999966,73224.0,0.0397936624907885
1427,M16286,M,298.7,309.7,1622.0,34.6,8.0,0,0,11.0,56121.200000000004,0.021318545902649415
1428,L48607,L,298.7,309.8,1394.0,40.3,11.0,0,0,11.100000000000023,56178.2,0.028888888888888888
1429,L48608,L,298.8,309.9,1568.0,33.7,13.0,0,0,11.099999999999966,52841.600000000006,0.021478648820905038
1430,M16289,M,298.9,310.0,1456.0,43.8,15.0,0,0,11.100000000000023,63772.799999999996,0.030061770761839395
1431,L48610,L,298.9,310.0,1378.0,49.3,18.0,0,0,11.100000000000023,67935.4,0.03575054387237128
1432,M16291,M,298.9,309.9,1404.0,41.4,20.0,0,0,11.0,58125.6,0.029466192170818504
1433,L48612,L,298.8,309.8,1437.0,42.8,23.0,0,0,11.0,61503.6,0.029763560500695407
1434,L48613,L,298.8,309.8,1363.0,44.0,25.0,0,0,11.0,59972.0,0.03225806451612903
1435,M16294,M,298.8,309.8,1377.0,49.6,27.0,0,0,11.0,68299.2,0.035994194484760524
1436,H30849,H,298.8,309.9,1526.0,42.1,30.0,0,0,11.099999999999966,64244.6,0.027570399476096925
1437,H30850,H,298.8,309.8,1510.0,44.2,35.0,0,0,11.0,66742.0,0.02925215089344805
1438,H30851,H,298.8,309.9,1439.0,45.2,40.0,1,0,11.099999999999966,65042.8,0.03138888888888889
1439,L48618,L,298.8,309.9,1482.0,39.1,45.0,0,0,11.099999999999966,57946.200000000004,0.02636547538772758
1440,M16299,M,298.8,309.8,1534.0,37.0,47.0,0,0,11.0,56758.0,0.024104234527687295
1441,M16300,M,298.8,309.9,1741.0,27.7,50.0,0,0,11.099999999999966,48225.7,0.015901262916188288
1442,L48621,L,298.8,309.9,1550.0,38.8,108.0,0,0,11.099999999999966,60139.99999999999,0.02501611863313991
1443,M16302,M,298.8,310.0,1486.0,38.5,55.0,0,0,11.199999999999989,57211.0,0.02589105581708137
1444,L48623,L,298.9,310.1,1602.0,38.2,58.0,0,0,11.200000000000045,61196.4,0.02383031815346226
1445,L48624,L,299.0,310.2,1477.0,37.9,60.0,0,0,11.199999999999989,55978.299999999996,0.02564276048714479
1446,L48625,L,299.0,310.1,1618.0,29.2,62.0,0,0,11.100000000000023,47245.6,0.018035824583075972
1447,M16306,M,299.0,310.2,1628.0,35.8,64.0,0,0,11.199999999999989,58282.399999999994,0.021976672805402084
1448,M16307,M,299.0,310.3,1662.0,33.6,67.0,0,0,11.300000000000011,55843.200000000004,0.020204449789536984
1449,M16308,M,299.0,310.3,1657.0,31.0,70.0,0,0,11.300000000000011,51367.0,0.018697225572979495
1450,H30863,H,299.0,310.4,1677.0,30.8,73.0,0,0,11.399999999999977,51651.6,0.01835518474374255
1451,M16310,M,299.0,310.3,1447.0,39.9,78.0,0,0,11.300000000000011,57735.299999999996,0.027555248618784528
1452,L48631,L,298.9,310.4,1831.0,25.4,81.0,0,0,11.5,46507.399999999994,0.013864628820960697
1453,L48632,L,299.0,310.3,1584.0,34.4,83.0,0,0,11.300000000000011,54489.6,0.02170347003154574
1454,L48633,L,299.1,310.4,1450.0,40.9,85.0,0,0,11.299999999999955,59305.0,0.02818745692625775
1455,L48634,L,299.1,310.4,1428.0,46.9,87.0,0,0,11.299999999999955,66973.2,0.03282015395381385
1456,L48635,L,299.0,310.4,1382.0,53.0,89.0,0,0,11.399999999999977,73246.0,0.038322487346348515
1457,L48636,L,299.0,310.3,1501.0,43.0,91.0,0,0,11.300000000000011,64543.0,0.02862849533954727
1458,L48637,L,299.0,310.3,1475.0,42.4,93.0,0,0,11.300000000000011,62540.0,0.028726287262872626
1459,L48638,L,298.9,310.3,1364.0,54.0,95.0,0,0,11.400000000000034,73656.0,0.03956043956043956
1460,L48639,L,299.0,310.3,1472.0,36.1,97.0,0,0,11.300000000000011,53139.200000000004,0.024507807196198234
1461,L48640,L,299.0,310.3,1437.0,47.8,99.0,0,0,11.300000000000011,68688.59999999999,0.03324061196105702
1462,L48641,L,298.9,310.2,1491.0,45.1,101.0,0,0,11.300000000000011,67244.1,0.030227882037533512
1463,L48642,L,298.9,310.2,1706.0,27.6,103.0,0,0,11.300000000000011,47085.600000000006,0.01616871704745167
1464,L48643,L,298.8,310.1,1607.0,39.5,105.0,0,0,11.300000000000011,63476.5,0.024564676616915422
1465,L48644,L,298.8,310.0,1412.0,46.3,107.0,0,0,11.199999999999989,65375.6,0.03276716206652512
1466,L48645,L,298.7,309.8,1546.0,40.9,109.0,0,0,11.100000000000023,63231.399999999994,0.026438267614738203
1467,L48646,L,298.7,309.8,1365.0,50.5,111.0,0,0,11.100000000000023,68932.5,0.0369692532942899
1468,L48647,L,298.6,309.8,1544.0,30.2,113.0,0,0,11.199999999999989,46628.799999999996,0.01954692556634304
1469,M16328,M,298.6,309.8,1419.0,44.9,115.0,0,0,11.199999999999989,63713.1,0.03161971830985916
1470,L48649,L,298.6,309.8,1497.0,41.6,118.0,0,0,11.199999999999989,62275.200000000004,0.027770360480640854
1471,L48650,L,298.5,309.7,1437.0,42.6,120.0,0,0,11.199999999999989,61216.200000000004,0.029624478442280947
1472,L48651,L,298.5,309.6,1421.0,53.6,122.0,0,0,11.100000000000023,76165.6,0.03769338959212377
1473,M16332,M,298.5,309.6,1438.0,44.5,124.0,0,0,11.100000000000023,63991.0,0.03092425295343989
1474,M16333,M,298.5,309.5,1315.0,48.9,127.0,0,0,11.0,64303.5,0.0371580547112462
1475,M16334,M,298.5,309.5,1366.0,61.9,130.0,0,0,11.0,84555.4,0.04528163862472567
1476,M16335,M,298.4,309.5,1519.0,35.4,133.0,0,0,11.100000000000023,53772.6,0.023289473684210527
1477,L48656,L,298.4,309.5,1692.0,28.3,136.0,0,0,11.100000000000023,47883.6,0.016715888954518608
1478,L48657,L,298.3,309.4,1570.0,35.6,138.0,0,0,11.099999999999966,55892.0,0.02266072565245067
1479,L48658,L,298.3,309.4,1568.0,35.8,140.0,0,0,11.099999999999966,56134.399999999994,0.02281708094327597
1480,L48659,L,298.2,309.3,1355.0,43.8,142.0,0,0,11.100000000000023,59348.99999999999,0.03230088495575221
1481,M16340,M,298.2,309.3,2056.0,18.7,144.0,0,0,11.100000000000023,38447.2,0.00909090909090909
1482,M16341,M,298.2,309.2,1332.0,60.2,147.0,0,0,11.0,80186.40000000001,0.04516129032258065
1483,M16342,M,298.1,309.1,1448.0,52.5,150.0,0,0,11.0,76020.0,0.036231884057971016
1484,L48663,L,298.0,308.9,1578.0,35.6,153.0,0,0,10.899999999999977,56176.8,0.02254591513616213
1485,M16344,M,298.0,309.0,1562.0,39.2,155.0,0,0,11.0,61230.4,0.02507997440818938
1486,M16345,M,298.1,309.0,1976.0,19.3,158.0,0,0,10.899999999999977,38136.8,0.009762266059686393
1487,M16346,L,298.2,309.2,1524.0,34.6,161.0,0,0,11.0,52730.4,0.022688524590163937
1488,L48667,L,298.2,309.1,1429.0,48.5,164.0,0,0,10.900000000000034,69306.5,0.03391608391608392
1489,L48668,L,298.2,309.1,1568.0,36.3,166.0,0,0,10.900000000000034,56918.399999999994,0.023135755258126195
1490,M16349,M,298.2,309.0,1723.0,26.6,168.0,0,0,10.800000000000011,45831.8,0.0154292343387471
1491,L48670,L,298.2,309.0,1341.0,43.8,171.0,0,0,10.800000000000011,58735.799999999996,0.03263785394932936
1492,M16351,M,298.1,308.9,1353.0,46.2,173.0,0,0,10.799999999999955,62508.600000000006,0.03412112259970458
1493,M16352,M,298.0,308.7,1479.0,58.5,176.0,1,0,10.699999999999989,86521.5,0.039527027027027026
1494,L48673,L,298.0,308.8,1496.0,44.9,179.0,0,0,10.800000000000011,67170.4,0.02999331997327989
1495,M16354,M,298.0,308.7,1377.0,48.5,181.0,0,0,10.699999999999989,66784.5,0.03519593613933237
1496,H30909,H,297.9,308.5,1383.0,44.6,184.0,0,0,10.600000000000023,61681.8,0.03222543352601156
1497,L48676,L,298.0,308.7,1268.0,69.4,189.0,1,0,10.699999999999989,87999.20000000001,0.05468873128447597
1498,L48677,L,298.0,308.7,1629.0,34.3,191.0,0,0,10.699999999999989,55874.7,0.02104294478527607
1499,L48678,L,298.0,308.8,1790.0,27.2,193.0,0,0,10.800000000000011,48688.0,0.015187046342825236
1500,M16359,M,298.1,308.8,2206.0,16.3,195.0,0,0,10.699999999999989,35957.8,0.007385591300407794
1501,M16360,M,298.0,308.7,2101.0,17.4,198.0,0,0,10.699999999999989,36557.399999999994,0.008277830637488106
1502,M16361,M,298.0,308.7,1436.0,48.2,201.0,0,0,10.699999999999989,69215.2,0.03354210160055672
1503,L48682,L,298.0,308.7,1462.0,48.2,204.0,0,0,10.699999999999989,70468.40000000001,0.032946001367054
1504,L48683,L,298.0,308.7,1771.0,26.2,206.0,0,0,10.699999999999989,46400.2,0.014785553047404063
1505,L48684,L,298.0,308.7,1506.0,47.0,208.0,0,0,10.699999999999989,70782.0,0.031187790311877902
1506,L48685,L,298.0,308.7,1626.0,36.7,210.0,0,0,10.699999999999989,59674.200000000004,0.02255685310387216
1507,L48686,L,298.0,308.8,1610.0,33.7,212.0,0,0,10.800000000000011,54257.00000000001,0.02091868404717567
1508,M16367,M,298.0,308.6,1376.0,55.7,214.0,0,0,10.600000000000023,76643.2,0.040450254175744375
1509,M16368,M,298.0,308.6,1507.0,37.3,217.0,0,0,10.600000000000023,56211.1,0.024734748010610076
1510,L48689,L,298.0,308.5,1429.0,37.7,220.0,1,1,10.5,53873.3,0.026363636363636367
1511,M16370,M,298.1,308.7,1547.0,38.9,0.0,0,0,10.599999999999966,60178.299999999996,0.025129198966408268
1512,L48691,L,298.1,308.7,1642.0,30.3,3.0,0,0,10.599999999999966,49752.6,0.018441874619598297
1513,H30926,H,298.0,308.7,1503.0,36.3,5.0,0,0,10.699999999999989,54558.899999999994,0.02413563829787234
1514,L48693,L,298.1,308.7,1568.0,32.9,10.0,0,0,10.599999999999966,51587.2,0.020968769917144678
1515,M16374,M,298.1,308.8,1628.0,37.6,12.0,0,0,10.699999999999989,61212.8,0.023081645181092694
1516,M16375,M,298.2,308.9,1614.0,35.5,15.0,0,0,10.699999999999989,57297.0,0.02198142414860681
1517,L48696,L,298.2,308.9,1278.0,54.0,18.0,0,0,10.699999999999989,69012.0,0.04222048475371384
1518,M16377,M,298.2,308.9,1408.0,38.8,20.0,0,0,10.699999999999989,54630.399999999994,0.027537260468417316
1519,H30932,H,298.2,309.0,1371.0,55.7,23.0,0,0,10.800000000000011,76364.7,0.040597667638483964
1520,M16379,M,298.2,308.9,1512.0,38.5,28.0,0,0,10.699999999999989,58212.0,0.025446133509583607
1521,L48700,L,298.3,309.1,1472.0,40.1,31.0,0,0,10.800000000000011,59027.200000000004,0.02722335369993211
1522,M16381,M,298.2,308.9,1585.0,34.3,33.0,0,0,10.699999999999989,54365.49999999999,0.021626733921815886
1523,H30936,H,298.2,309.0,1562.0,37.7,36.0,0,0,10.800000000000011,58887.4,0.024120281509916828
1524,L48703,L,298.3,309.0,1519.0,36.9,41.0,0,0,10.699999999999989,56051.1,0.024276315789473684
1525,L48704,L,298.2,309.0,1601.0,35.8,43.0,0,0,10.800000000000011,57315.799999999996,0.022347066167290885
1526,L48705,L,298.2,309.0,2449.0,13.8,45.0,0,0,10.800000000000011,33796.200000000004,0.00563265306122449
1527,L48706,L,298.1,309.0,1787.0,27.6,47.0,0,0,10.899999999999977,49321.200000000004,0.015436241610738257
1528,H30941,H,298.1,309.1,1425.0,44.5,49.0,0,0,11.0,63412.5,0.03120617110799439
1529,L48708,L,298.1,309.0,1559.0,34.0,54.0,0,0,10.899999999999977,53006.0,0.021794871794871794
1530,L48709,L,298.1,309.0,1557.0,36.0,56.0,0,0,10.899999999999977,56052.0,0.023106546854942234
1531,L48710,L,298.1,309.0,1497.0,40.5,58.0,0,0,10.899999999999977,60628.5,0.02703604806408545
1532,H30945,H,298.1,309.0,1438.0,41.4,60.0,0,0,10.899999999999977,59533.2,0.02876997915218902
1533,M16392,M,298.1,308.9,1417.0,39.2,65.0,0,0,10.799999999999955,55546.4,0.02764456981664316
1534,M16393,M,298.0,308.9,1339.0,51.4,68.0,0,0,10.899999999999977,68824.59999999999,0.03835820895522388
1535,L48714,L,298.0,308.8,1757.0,29.1,71.0,0,0,10.800000000000011,51128.700000000004,0.016552901023890787
1536,L48715,L,298.0,308.8,1581.0,36.1,73.0,0,0,10.800000000000011,57074.100000000006,0.02281921618204804
1537,M16396,M,298.2,308.9,1326.0,54.4,75.0,0,0,10.699999999999989,72134.4,0.04099472494348154
1538,M16397,M,298.4,309.1,1467.0,39.6,78.0,0,0,10.700000000000045,58093.200000000004,0.026975476839237057
1539,L48718,L,298.4,309.1,1798.0,29.6,81.0,0,0,10.700000000000045,53220.8,0.016453585325180656
1540,M16399,M,298.5,309.2,1449.0,46.4,83.0,0,0,10.699999999999989,67233.59999999999,0.032
1541,M16400,M,298.4,309.1,1525.0,39.3,86.0,0,0,10.700000000000045,59932.49999999999,0.025753604193971165
1542,L48721,L,298.4,309.0,2304.0,15.1,89.0,0,0,10.600000000000023,34790.4,0.0065509761388286335
1543,L48722,L,298.3,308.9,1379.0,54.7,91.0,0,0,10.599999999999966,75431.3,0.03963768115942029
1544,L48723,L,298.4,308.9,1628.0,34.9,93.0,0,0,10.5,56817.2,0.02142418661755678
1545,L48724,L,298.4,309.0,1474.0,52.7,95.0,0,0,10.600000000000023,77679.8,0.03572881355932204
1546,M16405,M,298.4,309.0,1544.0,38.8,97.0,0,0,10.600000000000023,59907.2,0.025113268608414237
1547,L48726,L,298.4,308.9,1391.0,48.4,100.0,0,0,10.5,67324.4,0.03477011494252873
1548,L48727,L,300.1,308.9,1348.0,55.5,102.0,0,0,8.799999999999955,74814.0,0.041141586360266866
1549,M16408,M,298.3,308.8,1349.0,52.1,104.0,0,0,10.5,70282.90000000001,0.038592592592592595
1550,L48729,L,298.4,308.9,1706.0,29.5,107.0,0,0,10.5,50327.0,0.017281780902167546
1551,L48730,L,298.4,308.9,1638.0,32.4,109.0,0,0,10.5,53071.2,0.01976815131177547
1552,L48731,L,298.4,308.8,1458.0,40.1,111.0,0,0,10.400000000000034,58465.8,0.02748457847840987
1553,L48732,L,298.5,308.9,1781.0,27.8,113.0,0,0,10.399999999999977,49511.8,0.015600448933782268
1554,L48733,L,298.5,308.8,1332.0,59.1,115.0,0,0,10.300000000000011,78721.2,0.04433608402100525
1555,M16414,M,298.4,308.7,1584.0,31.7,117.0,0,0,10.300000000000011,50212.799999999996,0.02
1556,L48735,L,298.4,308.6,1491.0,42.0,120.0,0,0,10.200000000000045,62622.0,0.028150134048257374
1557,H30970,H,298.4,308.5,1398.0,47.1,122.0,0,0,10.100000000000023,65845.8,0.03366690493209436
1558,L48737,L,298.3,308.4,1585.0,30.6,127.0,0,0,10.099999999999966,48501.0,0.019293820933165198
1559,M16418,M,298.2,308.3,1476.0,43.5,129.0,0,0,10.100000000000023,64206.0,0.02945159106296547
1560,L48739,L,298.2,308.3,1458.0,41.8,132.0,0,0,10.100000000000023,60944.399999999994,0.028649760109664153
1561,M16420,M,298.2,308.4,1510.0,39.9,134.0,0,0,10.199999999999989,60249.0,0.026406353408338846
1562,L48741,L,298.2,308.4,1388.0,53.8,137.0,0,0,10.199999999999989,74674.4,0.038732901367890565
1563,L48742,L,298.2,308.3,2216.0,16.8,139.0,0,0,10.100000000000023,37228.8,0.007577807848443844
1564,L48743,L,298.2,308.3,1402.0,51.0,141.0,0,0,10.100000000000023,71502.0,0.036350677120456164
1565,M16424,M,298.0,308.2,2090.0,19.0,143.0,0,0,10.199999999999989,39710.0,0.009086561453849833
1566,L48745,L,298.0,308.2,1459.0,42.1,146.0,0,0,10.199999999999989,61423.9,0.028835616438356165
1567,M16426,M,298.0,308.1,1403.0,44.8,148.0,0,0,10.100000000000023,62854.399999999994,0.031908831908831904
1568,L48747,L,298.1,308.2,1521.0,39.3,151.0,0,0,10.099999999999966,59775.299999999996,0.025821287779237843
1569,L48748,L,298.2,308.2,1407.0,47.1,153.0,0,0,10.0,66269.7,0.03345170454545455
1570,M16429,M,298.1,308.2,1654.0,35.3,155.0,0,0,10.099999999999966,58386.2,0.02132930513595166
1571,L48750,L,298.2,308.4,1452.0,43.5,158.0,0,0,10.199999999999989,63162.0,0.02993805918788713
1572,L48751,L,298.3,308.4,1528.0,37.3,160.0,0,0,10.099999999999966,56994.399999999994,0.02439502943100065
1573,L48752,L,298.2,308.3,1230.0,59.6,162.0,0,0,10.100000000000023,73308.0,0.04841592201462226
1574,L48753,L,298.2,308.2,1466.0,42.4,164.0,0,0,10.0,62158.4,0.028902522154055896
1575,L48754,L,298.2,308.2,1478.0,50.1,166.0,0,0,10.0,74047.8,0.03387423935091278
1576,L48755,L,298.2,308.3,2057.0,18.0,168.0,0,0,10.100000000000023,37026.0,0.008746355685131196
1577,L48756,L,298.3,308.4,1490.0,41.7,170.0,0,0,10.099999999999966,62133.00000000001,0.02796780684104628
1578,L48757,L,298.3,308.4,1484.0,43.4,172.0,0,0,10.099999999999966,64405.6,0.029225589225589224
1579,L48758,L,298.3,308.4,1593.0,37.0,174.0,0,0,10.099999999999966,58941.0,0.023212045169385194
1580,L48759,L,298.3,308.3,1444.0,43.8,176.0,0,0,10.0,63247.2,0.030311418685121105
1581,M16440,M,298.3,308.4,1444.0,47.5,178.0,0,0,10.099999999999966,68590.0,0.0328719723183391
1582,M16441,M,298.2,308.3,1560.0,33.0,181.0,0,0,10.100000000000023,51480.0,0.02114029468289558
1583,H30996,H,298.1,308.3,1530.0,42.0,184.0,0,0,10.199999999999989,64260.0,0.027433050293925537
1584,L48763,L,298.2,308.4,1310.0,61.0,189.0,1,0,10.199999999999989,79910.0,0.04652936689549962
1585,M16444,M,298.2,308.3,1639.0,33.3,191.0,0,0,10.100000000000023,54578.7,0.020304878048780485
1586,L48765,L,298.2,308.3,1400.0,48.7,194.0,0,0,10.100000000000023,68180.0,0.03476088508208423
1587,M16446,M,298.3,308.4,1486.0,44.2,196.0,0,0,10.099999999999966,65681.2,0.02972427706792199
1588,M16447,M,298.2,308.3,1448.0,43.3,199.0,0,0,10.100000000000023,62698.399999999994,0.029882677708764665
1589,L48768,L,298.2,308.3,1688.0,32.0,202.0,0,0,10.100000000000023,54016.0,0.018946121965660152
1590,M16449,M,298.1,308.3,1453.0,41.5,204.0,0,0,10.199999999999989,60299.5,0.028541953232462173
1591,L48770,L,298.2,308.4,1497.0,37.7,207.0,0,0,10.199999999999989,56436.9,0.025166889185580778
1592,L48771,L,298.2,308.4,1355.0,49.4,209.0,0,0,10.199999999999989,66937.0,0.03643067846607669
1593,L48772,L,298.1,308.4,1592.0,38.2,211.0,0,0,10.299999999999955,60814.4,0.023979912115505337
1594,L48773,L,298.0,308.3,1544.0,34.7,213.0,0,0,10.300000000000011,53576.8,0.022459546925566346
1595,M16454,M,298.0,308.2,1373.0,51.2,215.0,0,0,10.199999999999989,70297.6,0.03726346433770015
1596,L48775,L,298.0,308.2,1365.0,52.9,218.0,1,0,10.199999999999989,72208.5,0.03872620790629575
1597,L48776,L,298.0,308.1,1877.0,24.3,0.0,0,0,10.100000000000023,45611.1,0.01293929712460064
1598,L48777,L,297.9,308.1,1531.0,40.8,2.0,0,0,10.200000000000045,62464.799999999996,0.026631853785900782
1599,L48778,L,297.9,308.0,1501.0,36.7,4.0,0,0,10.100000000000023,55086.700000000004,0.024434087882822905
1600,L48779,L,297.9,308.0,1490.0,46.2,6.0,0,0,10.100000000000023,68838.0,0.030985915492957747
1601,M16460,M,297.8,307.8,1543.0,43.7,8.0,0,0,10.0,67429.1,0.028303108808290157
1602,L48781,L,297.8,307.8,1597.0,38.2,11.0,0,0,10.0,61005.4,0.023904881101376722
1603,H31016,H,297.8,307.9,1600.0,33.5,13.0,0,0,10.099999999999966,53600.0,0.020924422236102434
1604,M16463,M,297.8,307.8,1622.0,32.1,18.0,0,0,10.0,52066.200000000004,0.019778188539741223
1605,L48784,H,297.8,307.8,1452.0,39.8,21.0,0,0,10.0,57789.6,0.027391603578802475
1606,L48785,L,297.8,307.8,1396.0,42.5,23.0,0,0,10.0,59330.0,0.03042233357193987
1607,L48786,L,297.8,307.7,1505.0,39.7,25.0,0,0,9.899999999999977,59748.50000000001,0.026361221779548475
1608,L48787,L,297.8,307.8,1412.0,48.3,27.0,0,0,10.0,68199.59999999999,0.03418259023354565
1609,L48788,L,297.8,307.7,1393.0,38.0,29.0,0,0,9.899999999999977,52934.0,0.027259684361549498
1610,L48789,L,297.7,307.7,1581.0,34.9,31.0,0,0,10.0,55176.899999999994,0.022060682680151707
1611,L48790,L,297.8,307.8,1573.0,37.9,33.0,0,0,10.0,59616.7,0.024078780177890724
1612,M16471,M,297.8,307.9,1726.0,27.3,35.0,0,0,10.099999999999966,47119.8,0.015807759119861032
1613,M16472,M,297.9,307.9,1540.0,39.8,38.0,0,0,10.0,61291.99999999999,0.025827384815055157
1614,L48793,L,297.9,308.0,1296.0,62.9,41.0,0,0,10.100000000000023,81518.4,0.048496530454895916
1615,M16474,M,297.8,307.9,1802.0,25.8,43.0,0,0,10.099999999999966,46491.6,0.014309484193011647
1616,L48795,L,297.8,307.9,1447.0,48.6,46.0,0,0,10.099999999999966,70324.2,0.03356353591160221
1617,H31030,H,297.8,307.8,1662.0,30.7,48.0,0,0,10.0,51023.4,0.01846061334936861
1618,L48797,L,297.8,307.8,1563.0,34.3,53.0,0,0,10.0,53610.899999999994,0.0219309462915601
1619,L48798,L,297.9,307.8,1286.0,59.5,55.0,0,0,9.900000000000034,76517.0,0.04623154623154623
1620,L48799,L,297.9,307.7,1590.0,34.6,57.0,0,0,9.800000000000011,55014.0,0.021747328724072913
1621,L48800,L,297.9,307.7,1492.0,43.7,59.0,0,0,9.800000000000011,65200.4,0.029269926322839923
1622,L48801,L,297.7,307.6,1844.0,21.9,61.0,0,0,9.900000000000034,40383.6,0.011869918699186991
1623,H31036,H,297.7,307.6,1538.0,38.3,63.0,0,0,9.900000000000034,58905.399999999994,0.024886289798570497
1624,L48803,L,297.7,307.6,1921.0,22.9,68.0,0,0,9.900000000000034,43990.899999999994,0.011914672216441206
1625,M16484,M,297.8,307.8,1310.0,57.9,70.0,0,0,10.0,75849.0,0.04416475972540046
1626,L48805,L,297.9,307.8,1365.0,46.9,73.0,0,0,9.900000000000034,64018.5,0.03433382137628111
1627,M16486,M,297.9,307.8,1303.0,59.3,75.0,0,0,9.900000000000034,77267.9,0.04547546012269939
1628,L48807,L,297.9,307.8,1499.0,37.5,78.0,0,0,9.900000000000034,56212.5,0.025
1629,L48808,L,297.9,307.8,1451.0,38.2,80.0,0,0,9.900000000000034,55428.200000000004,0.026308539944903585
1630,M16489,M,297.9,307.9,1336.0,54.4,82.0,0,0,10.0,72678.4,0.04068810770381451
1631,L48810,L,297.9,307.9,1412.0,44.5,85.0,0,0,10.0,62834.0,0.03149327671620665
1632,L48811,L,298.0,308.0,1433.0,39.2,87.0,0,0,10.0,56173.600000000006,0.027336122733612276
1633,L48812,L,297.9,307.9,1426.0,43.6,89.0,0,0,10.0,62173.6,0.030553608969866853
1634,L48813,L,297.9,307.9,1476.0,45.2,91.0,0,0,10.0,66715.2,0.03060257278266757
1635,H31048,H,297.9,307.9,1406.0,58.5,93.0,0,0,10.0,82251.0,0.04157782515991471
1636,L48815,L,297.8,307.8,1383.0,56.5,98.0,0,0,10.0,78139.5,0.040823699421965315
1637,L48816,L,297.9,307.8,1505.0,37.3,100.0,0,0,9.900000000000034,56136.49999999999,0.024767596281540502
1638,L48817,L,297.9,307.8,1665.0,33.9,102.0,0,0,9.900000000000034,56443.5,0.02034813925570228
1639,L48818,L,297.9,307.8,1397.0,45.0,104.0,0,0,9.900000000000034,62865.0,0.032188841201716736
1640,M16499,M,297.9,307.8,1450.0,43.5,106.0,0,0,9.900000000000034,63075.0,0.02997932460372157
1641,L48820,L,298.0,307.8,1567.0,36.4,109.0,0,0,9.800000000000011,57038.799999999996,0.023214285714285715
1642,M16501,M,298.0,308.0,1555.0,37.0,111.0,0,0,10.0,57535.0,0.02377892030848329
1643,H31056,H,298.0,307.8,1588.0,35.4,114.0,0,0,9.800000000000011,56215.2,0.022278162366268093
1644,L48823,L,298.0,307.8,1453.0,37.7,119.0,0,0,9.800000000000011,54778.100000000006,0.02592847317744154
1645,L48824,L,298.0,307.8,1622.0,33.3,121.0,0,0,9.800000000000011,54012.6,0.020517560073937152
1646,L48825,L,297.9,307.8,1538.0,38.5,123.0,0,0,9.900000000000034,59213.0,0.025016244314489927
1647,M16506,M,297.9,307.7,1527.0,42.8,125.0,0,0,9.800000000000011,65355.6,0.02801047120418848
1648,L48827,L,297.8,307.8,1761.0,28.9,128.0,0,0,10.0,50892.899999999994,0.016401816118047672
1649,L48828,L,297.9,307.8,1373.0,50.2,130.0,0,0,9.900000000000034,68924.6,0.03653566229985444
1650,H31063,H,298.0,307.9,1482.0,37.8,132.0,0,0,9.899999999999977,56019.6,0.025488873904248144
1651,M16510,M,298.0,307.9,1417.0,51.0,137.0,0,0,9.899999999999977,72267.0,0.03596614950634697
1652,L48831,L,298.0,307.8,1414.0,51.7,140.0,0,0,9.800000000000011,73103.8,0.036537102473498236
1653,H31066,H,297.9,307.8,1635.0,34.0,142.0,0,0,9.900000000000034,55590.0,0.02078239608801956
1654,L48833,L,298.0,307.8,1386.0,57.3,147.0,0,0,9.800000000000011,79417.8,0.04131218457101658
1655,L48834,L,298.2,308.1,1379.0,62.3,149.0,0,0,9.900000000000034,85911.7,0.04514492753623188
1656,M16515,M,298.2,308.0,1577.0,35.9,151.0,0,0,9.800000000000011,56614.299999999996,0.022750316856780733
1657,L48836,L,298.2,308.1,1532.0,42.5,154.0,0,0,9.900000000000034,65110.0,0.027723418134377037
1658,M16517,M,298.1,308.0,1374.0,48.8,156.0,0,0,9.899999999999977,67051.2,0.03549090909090909
1659,H31072,H,298.1,308.0,1570.0,35.3,159.0,0,0,9.899999999999977,55420.99999999999,0.02246976448122215
1660,L48839,L,298.1,308.0,1697.0,31.0,164.0,0,0,9.899999999999977,52607.0,0.018256772673733806
1661,L48840,L,298.2,308.0,1499.0,44.1,166.0,0,0,9.800000000000011,66105.90000000001,0.029400000000000003
1662,M16521,M,298.2,308.0,1411.0,47.2,168.0,0,0,9.800000000000011,66599.2,0.03342776203966006
1663,H31076,H,298.2,307.9,1462.0,45.5,171.0,0,0,9.699999999999989,66521.0,0.03110047846889952
1664,M16523,M,298.1,307.9,1759.0,28.6,176.0,0,0,9.799999999999955,50307.4,0.01625
1665,L48844,L,298.2,308.0,1535.0,38.0,179.0,0,0,9.800000000000011,58330.0,0.024739583333333332
1666,H31079,H,298.2,307.9,1491.0,39.7,181.0,0,0,9.699999999999989,59192.700000000004,0.02660857908847185
1667,L48846,L,298.2,307.9,1551.0,36.0,186.0,0,0,9.699999999999989,55836.0,0.023195876288659795
1668,L48847,L,298.2,307.9,1769.0,27.2,188.0,0,0,9.699999999999989,48116.799999999996,0.015367231638418079
1669,L48848,L,298.2,307.9,1551.0,34.1,190.0,0,0,9.699999999999989,52889.100000000006,0.021971649484536084
1670,L48849,L,298.2,307.9,1544.0,31.4,192.0,0,0,9.699999999999989,48481.6,0.020323624595469256
1671,L48850,L,298.2,307.8,1528.0,31.1,194.0,0,0,9.600000000000023,47520.8,0.020340091563113148
1672,L48851,L,298.1,307.9,1614.0,35.8,196.0,0,0,9.799999999999955,57781.2,0.022167182662538698
1673,L48852,L,298.1,307.8,1432.0,49.8,198.0,0,0,9.699999999999989,71313.59999999999,0.03475226796929518
1674,M16533,M,298.1,307.8,1384.0,43.7,200.0,0,0,9.699999999999989,60480.8,0.03155234657039711
1675,L48854,L,298.1,307.8,1540.0,37.8,203.0,0,0,9.699999999999989,58211.99999999999,0.0245295262816353
1676,L48855,L,298.0,307.7,1407.0,43.9,205.0,0,0,9.699999999999989,61767.299999999996,0.03117897727272727
1677,H31090,H,297.9,307.6,1418.0,40.1,207.0,0,0,9.700000000000045,56861.8,0.028259337561663146
1678,M16537,M,297.9,307.5,1647.0,30.8,212.0,0,0,9.600000000000023,50727.6,0.018689320388349515
1679,L48858,L,298.0,307.5,1644.0,32.8,215.0,0,0,9.5,53923.2,0.019939209726443766
1680,L48859,L,298.0,307.5,1792.0,27.9,217.0,0,0,9.5,49996.799999999996,0.015560513106525375
1681,M16540,M,297.9,307.4,1610.0,34.6,219.0,0,0,9.5,55706.0,0.021477343265052764
1682,M16541,M,297.8,307.3,1804.0,26.0,222.0,0,0,9.5,46904.0,0.014404432132963989
1683,H31096,H,297.9,307.4,1604.0,36.1,225.0,1,1,9.5,57904.4,0.022492211838006232
1684,M16543,M,297.9,307.4,1403.0,52.8,0.0,0,0,9.5,74078.4,0.037606837606837605
1685,L48864,L,297.8,307.3,1438.0,44.5,3.0,0,0,9.5,63991.0,0.03092425295343989
1686,L48865,L,297.9,307.3,1824.0,26.3,5.0,0,0,9.400000000000034,47971.200000000004,0.014410958904109589
1687,H31100,H,297.9,307.3,1663.0,28.7,7.0,0,0,9.400000000000034,47728.1,0.017247596153846155
1688,L48867,L,297.9,307.3,1502.0,36.7,12.0,0,0,9.400000000000034,55123.4,0.024417831004657355
1689,L48868,L,297.9,307.4,1606.0,35.5,14.0,0,0,9.5,57013.0,0.02209085252022402
1690,L48869,L,297.9,307.5,1561.0,37.7,16.0,0,0,9.600000000000023,58849.700000000004,0.02413572343149808
1691,M16550,M,297.9,307.4,1435.0,42.9,18.0,0,0,9.5,61561.5,0.02987465181058496
1692,L48871,L,297.9,307.5,1602.0,38.3,21.0,0,0,9.600000000000023,61356.6,0.0238927011852776
1693,M16552,M,298.1,307.6,1764.0,27.7,23.0,0,0,9.5,48862.799999999996,0.015694050991501417
1694,H31107,H,298.0,307.5,1683.0,27.8,26.0,0,0,9.5,46787.4,0.0165083135391924
1695,L48874,L,298.0,307.5,1618.0,35.2,31.0,0,0,9.5,56953.600000000006,0.02174181593576282
1696,L48875,L,298.0,307.6,1509.0,41.6,33.0,0,0,9.600000000000023,62774.4,0.027549668874172185
1697,L48876,L,297.9,307.6,1550.0,39.0,35.0,0,0,9.700000000000045,60450.0,0.025145067698259187
1698,M16557,M,297.9,307.6,1519.0,44.0,37.0,0,0,9.700000000000045,66836.0,0.02894736842105263
1699,L48878,L,297.9,307.6,1481.0,38.0,40.0,0,0,9.700000000000045,56278.0,0.02564102564102564
1700,L48879,L,298.1,307.7,1289.0,48.3,42.0,0,0,9.599999999999966,62258.7,0.03744186046511628
1701,M16560,M,298.0,307.6,1844.0,23.8,44.0,0,0,9.600000000000023,43887.200000000004,0.012899728997289974
1702,L48881,L,298.0,307.7,1479.0,42.5,47.0,0,0,9.699999999999989,62857.5,0.028716216216216218
1703,L48882,L,298.0,307.7,1430.0,47.3,49.0,0,0,9.699999999999989,67639.0,0.033053808525506635
1704,M16563,M,298.1,307.8,1636.0,36.7,51.0,0,0,9.699999999999989,60041.200000000004,0.022419059254734273
1705,M16564,M,298.1,307.8,1503.0,44.7,54.0,0,0,9.699999999999989,67184.1,0.029720744680851067
1706,M16565,M,298.1,307.8,1608.0,32.6,57.0,0,0,9.699999999999989,52420.8,0.02026103169670603
1707,L48886,L,298.2,307.8,1521.0,42.9,60.0,0,0,9.600000000000023,65250.9,0.028186596583442837
1708,L48887,L,298.2,307.8,1439.0,41.6,62.0,0,0,9.600000000000023,59862.4,0.02888888888888889
1709,L48888,L,298.2,307.8,1627.0,31.5,64.0,0,0,9.600000000000023,51250.5,0.01934889434889435
1710,L48889,L,298.2,307.8,1749.0,26.1,66.0,0,0,9.600000000000023,45648.9,0.014914285714285715
1711,L48890,L,298.2,307.8,1530.0,35.9,68.0,0,0,9.600000000000023,54927.0,0.023448726322664926
1712,L48891,L,298.2,307.8,1355.0,51.3,70.0,0,0,9.600000000000023,69511.5,0.037831858407079644
1713,L48892,L,298.3,307.9,1551.0,33.8,72.0,0,0,9.599999999999966,52423.799999999996,0.021778350515463916
1714,L48893,L,298.2,307.8,1515.0,46.7,74.0,0,0,9.600000000000023,70750.5,0.030804749340369395
1715,L48894,L,298.2,307.8,1388.0,48.6,76.0,0,0,9.600000000000023,67456.8,0.03498920086393088
1716,L48895,L,298.2,307.8,1585.0,34.6,78.0,0,0,9.600000000000023,54841.0,0.021815889029003784
1717,L48896,L,298.1,307.7,1523.0,37.7,80.0,0,0,9.599999999999966,57417.100000000006,0.02473753280839895
1718,L48897,L,298.2,307.6,1369.0,54.5,82.0,0,0,9.400000000000034,74610.5,0.03978102189781022
1719,M16578,M,298.2,307.7,1681.0,31.0,84.0,0,0,9.5,52111.0,0.018430439952437573
1720,L48899,L,298.2,307.7,1503.0,38.3,87.0,0,0,9.5,57564.899999999994,0.02546542553191489
1721,L48900,L,298.2,307.7,1459.0,44.5,89.0,0,0,9.5,64925.5,0.03047945205479452
1722,L48901,L,298.2,310.1,1688.0,32.4,91.0,0,0,11.900000000000034,54691.2,0.019182948490230906
1723,M16582,M,298.2,307.7,1952.0,21.6,93.0,0,0,9.5,42163.200000000004,0.011059907834101382
1724,L48903,L,298.2,307.8,2029.0,19.9,96.0,0,0,9.600000000000023,40377.1,0.00980295566502463
1725,M16584,M,298.3,307.8,1457.0,52.5,98.0,0,0,9.5,76492.5,0.0360082304526749
1726,M16585,M,298.3,307.8,1392.0,50.4,101.0,0,0,9.5,70156.8,0.036180904522613064
1727,L48906,L,298.3,307.8,1906.0,22.1,104.0,0,0,9.5,42122.600000000006,0.011588883062401679
1728,M16587,M,298.3,307.7,1602.0,33.4,106.0,0,0,9.399999999999977,53506.799999999996,0.02083593262632564
1729,L48908,L,298.3,307.7,1465.0,49.4,109.0,0,0,9.399999999999977,72371.0,0.03369713506139154
1730,M16589,M,298.3,307.7,1439.0,43.8,111.0,0,0,9.399999999999977,63028.2,0.030416666666666665
1731,M16590,M,298.3,307.8,1330.0,55.4,114.0,0,0,9.5,73682.0,0.04162283996994741
1732,M16591,M,298.3,307.9,1485.0,42.0,117.0,0,0,9.599999999999966,62370.0,0.02826379542395693
1733,H31146,H,298.4,307.9,1700.0,28.2,120.0,0,0,9.5,47940.0,0.016578483245149912
1734,L48913,L,298.4,308.0,1515.0,42.8,125.0,0,0,9.600000000000023,64841.99999999999,0.028232189973614773
1735,M16594,M,298.5,308.1,1501.0,39.2,127.0,0,0,9.600000000000023,58839.200000000004,0.026098535286284957
1736,L48915,L,298.4,308.0,1380.0,47.6,130.0,0,0,9.600000000000023,65688.0,0.03446777697320782
1737,L48916,L,298.4,307.9,1544.0,35.9,132.0,0,0,9.5,55429.6,0.023236245954692557
1738,L48917,L,298.4,307.9,1743.0,27.3,134.0,0,0,9.5,47583.9,0.01565366972477064
1739,H31152,H,298.4,307.9,1948.0,21.4,136.0,0,0,9.5,41687.2,0.010979989738327346
1740,H31153,H,298.5,307.9,1260.0,54.2,141.0,0,0,9.399999999999977,68292.0,0.0429817605075337
1741,M16600,M,298.5,307.9,1640.0,33.1,146.0,0,0,9.399999999999977,54284.0,0.020170627666057282
1742,M16601,M,298.5,308.0,1363.0,49.2,149.0,0,0,9.5,67059.6,0.036070381231671556
1743,L48922,L,298.5,308.0,1379.0,49.6,152.0,0,0,9.5,68398.40000000001,0.035942028985507246
1744,M16603,M,298.5,308.0,1713.0,25.8,154.0,0,0,9.5,44195.4,0.015052508751458577
1745,M16604,M,298.5,308.0,1461.0,51.9,157.0,0,0,9.5,75825.9,0.03549931600547195
1746,L48925,L,298.5,308.0,1624.0,29.8,160.0,0,0,9.5,48395.200000000004,0.01833846153846154
1747,L48926,L,298.4,308.0,1526.0,41.1,162.0,0,0,9.600000000000023,62718.6,0.026915520628683694
1748,L48927,L,298.4,307.9,2381.0,14.2,164.0,0,0,9.5,33810.2,0.0059613769941225855
1749,H31162,H,298.4,307.7,1626.0,31.1,166.0,0,0,9.300000000000011,50568.600000000006,0.019114935464044254
1750,L48929,L,298.3,307.7,1576.0,33.8,171.0,0,0,9.399999999999977,53268.799999999996,0.02143310082435003
1751,M16610,M,298.4,307.8,1617.0,31.6,173.0,0,0,9.400000000000034,51097.200000000004,0.019530284301606922
1752,L48931,L,298.3,307.6,1942.0,20.6,176.0,0,0,9.300000000000011,40005.200000000004,0.010602161605764283
1753,L48932,L,298.2,307.6,1492.0,37.2,178.0,0,0,9.400000000000034,55502.4,0.02491627595445412
1754,L48933,L,298.2,307.5,1470.0,51.3,180.0,0,0,9.300000000000011,75411.0,0.034874235214140036
1755,M16614,M,298.0,307.4,1463.0,46.5,182.0,0,0,9.399999999999977,68029.5,0.031762295081967214
1756,L48935,L,298.0,307.3,1424.0,46.5,185.0,0,0,9.300000000000011,66216.0,0.03263157894736842
1757,M16616,M,298.1,307.4,1363.0,40.1,187.0,0,0,9.299999999999955,54656.3,0.02939882697947214
1758,M16617,M,298.1,307.4,1335.0,56.2,190.0,0,0,9.299999999999955,75027.0,0.042065868263473055
1759,L48938,L,298.1,307.4,1608.0,33.9,193.0,0,0,9.299999999999955,54511.2,0.021068986948415164
1760,H31173,H,298.0,307.4,1606.0,35.2,195.0,0,0,9.399999999999977,56531.200000000004,0.021904169259489733
1761,L48940,L,298.1,307.5,1684.0,33.1,200.0,0,0,9.399999999999977,55740.4,0.01964391691394659
1762,L48941,L,298.1,307.6,1950.0,20.3,202.0,0,0,9.5,39585.0,0.010404920553562276
1763,H31176,H,298.2,307.6,1460.0,48.6,204.0,0,0,9.400000000000034,70956.0,0.03326488706365503
1764,L48943,L,298.2,307.6,1511.0,31.0,209.0,1,1,9.400000000000034,46841.0,0.0205026455026455
1765,H31178,H,298.2,307.6,1318.0,55.7,0.0,0,0,9.400000000000034,73412.6,0.0422289613343442
1766,L48945,L,298.2,307.6,1368.0,51.8,5.0,0,0,9.400000000000034,70862.4,0.03783783783783783
1767,M16626,M,298.3,307.7,1717.0,27.1,7.0,0,0,9.399999999999977,46530.700000000004,0.015774155995343424
1768,M16627,M,298.3,307.7,1520.0,41.4,10.0,0,0,9.399999999999977,62928.0,0.027218934911242602
1769,M16628,M,298.3,307.8,1485.0,42.0,13.0,0,0,9.5,62370.0,0.02826379542395693
1770,L48949,L,298.4,307.9,1981.0,23.2,16.0,0,0,9.5,45959.2,0.011705348133198788
1771,H31184,L,298.4,307.9,1605.0,31.0,18.0,0,0,9.5,49755.0,0.019302615193026153
1772,L48951,L,298.4,307.9,1446.0,45.3,23.0,0,0,9.5,65503.799999999996,0.03130615065653075
1773,L48952,L,298.4,308.0,1508.0,47.9,25.0,0,0,9.600000000000023,72233.2,0.0317428760768721
1774,L48953,L,298.5,308.0,1384.0,59.5,27.0,0,0,9.5,82348.0,0.04296028880866426
1775,M16634,M,298.5,308.0,1519.0,37.3,108.0,0,0,9.5,56658.7,0.024539473684210524
1776,L48955,L,298.5,308.0,1404.0,48.1,32.0,0,0,9.5,67532.40000000001,0.03423487544483986
1777,L48956,L,298.5,308.1,1564.0,31.1,34.0,0,0,9.600000000000023,48640.4,0.019872204472843453
1778,H31191,H,298.6,308.2,1555.0,36.8,36.0,0,0,9.599999999999966,57223.99999999999,0.02365038560411311
1779,L48958,L,298.6,308.2,1325.0,54.0,41.0,0,0,9.599999999999966,71550.0,0.04072398190045249
1780,M16639,M,298.6,308.2,1488.0,44.0,43.0,0,0,9.599999999999966,65472.0,0.029550033579583614
1781,L48960,L,298.5,308.2,1595.0,32.3,46.0,0,0,9.699999999999989,51518.49999999999,0.020238095238095236
1782,L48961,L,298.5,308.1,1662.0,28.6,48.0,0,0,9.600000000000023,47533.200000000004,0.017197835237522552
1783,L48962,L,298.4,308.0,1571.0,37.4,50.0,0,0,9.600000000000023,58755.399999999994,0.023791348600508903
1784,H31197,L,298.3,308.0,1553.0,41.0,52.0,0,0,9.699999999999989,63673.0,0.026383526383526385
1785,L48964,L,298.3,308.0,2886.0,3.8,57.0,1,0,9.699999999999989,10966.8,0.001316245237270523
1786,L48965,L,298.2,308.0,1538.0,38.2,59.0,0,0,9.800000000000011,58751.600000000006,0.024821312540610787
1787,L48966,L,298.4,308.2,1618.0,33.0,61.0,0,0,9.800000000000011,53394.0,0.02038295243977764
1788,L48967,L,298.4,308.2,1364.0,45.9,63.0,0,0,9.800000000000011,62607.6,0.03362637362637363
1789,L48968,L,298.3,308.0,1442.0,47.3,65.0,0,0,9.699999999999989,68206.59999999999,0.032778932778932776
1790,L48969,L,298.2,307.9,1313.0,67.3,67.0,1,0,9.699999999999989,88364.9,0.05121765601217656
1791,L48970,L,298.2,307.9,1847.0,23.6,69.0,0,0,9.699999999999989,43589.200000000004,0.01277056277056277
1792,L48971,L,298.1,307.8,1524.0,40.8,71.0,0,0,9.699999999999989,62179.2,0.026754098360655735
1793,M16652,M,298.1,307.7,1445.0,48.0,73.0,0,0,9.599999999999966,69360.0,0.03319502074688797
1794,L48973,L,298.1,307.8,1761.0,28.2,76.0,0,0,9.699999999999989,49660.2,0.016004540295119184
1795,M16654,M,298.1,307.8,1514.0,43.5,78.0,0,0,9.699999999999989,65859.0,0.028712871287128714
1796,M16655,M,298.1,307.7,1498.0,38.3,81.0,0,0,9.599999999999966,57373.399999999994,0.025550366911274183
1797,H31210,H,298.1,307.6,1542.0,37.1,84.0,0,0,9.5,57208.200000000004,0.02404406999351912
1798,M16657,M,298.0,307.6,1508.0,41.8,89.0,0,0,9.600000000000023,63034.399999999994,0.027700463883366465
1799,M16658,M,298.0,307.5,1431.0,52.9,92.0,0,0,9.5,75699.9,0.036941340782122904
1800,M16659,M,298.0,307.5,1427.0,45.1,95.0,0,0,9.5,64357.700000000004,0.03158263305322129
1801,M16660,M,298.0,307.5,1524.0,36.3,98.0,0,0,9.5,55321.2,0.02380327868852459
1802,M16661,M,298.0,307.5,1427.0,40.1,101.0,0,0,9.5,57222.700000000004,0.0280812324929972
1803,H31216,H,298.1,307.6,1496.0,44.1,104.0,0,0,9.5,65973.6,0.029458917835671342
1804,L48983,L,298.1,307.7,1388.0,40.3,109.0,0,0,9.599999999999966,55936.399999999994,0.029013678905687543
1805,L48984,L,298.1,307.7,1495.0,48.1,111.0,0,0,9.599999999999966,71909.5,0.0321524064171123
1806,H31219,H,298.1,307.7,1376.0,56.2,113.0,0,0,9.599999999999966,77331.2,0.040813362381989834
1807,H31220,H,298.0,307.6,1593.0,32.2,118.0,0,0,9.600000000000023,51294.600000000006,0.020200752823086577
1808,L48987,L,298.0,307.6,1654.0,28.9,123.0,0,0,9.600000000000023,47800.6,0.017462235649546826
1809,L48988,L,298.1,307.7,2567.0,12.8,125.0,1,0,9.599999999999966,32857.6,0.004984423676012461
1810,L48989,L,298.1,307.7,1767.0,27.0,127.0,0,0,9.599999999999966,47709.0,0.015271493212669683
1811,L48990,L,298.1,307.6,1364.0,53.8,129.0,0,0,9.5,73383.2,0.03941391941391941
1812,M16671,M,298.1,307.8,1569.0,31.2,131.0,0,0,9.699999999999989,48952.799999999996,0.019872611464968153
1813,L48992,L,298.2,307.8,1476.0,36.8,134.0,0,0,9.600000000000023,54316.799999999996,0.024915368991198374
1814,L48993,L,298.1,307.7,1479.0,45.0,136.0,0,0,9.599999999999966,66555.0,0.030405405405405407
1815,L48994,L,298.1,307.7,1650.0,34.1,138.0,0,0,9.599999999999966,56265.0,0.020654149000605693
1816,M16675,M,298.1,307.6,1565.0,36.3,140.0,0,0,9.5,56809.49999999999,0.02318007662835249
1817,L48996,L,298.1,307.6,1460.0,46.5,143.0,0,0,9.5,67890.0,0.03182751540041068
1818,L48997,L,298.1,307.7,1664.0,27.6,145.0,0,0,9.599999999999966,45926.4,0.016576576576576577
1819,M16678,M,298.1,307.7,1435.0,40.9,147.0,0,0,9.599999999999966,58691.5,0.028481894150417825
1820,M16679,M,298.1,307.6,2066.0,19.2,150.0,0,0,9.5,39667.2,0.009288824383164005
1821,L49000,L,298.1,307.5,1493.0,43.7,153.0,0,0,9.399999999999977,65244.100000000006,0.02925033467202142
1822,L49001,L,298.1,307.6,1354.0,43.3,155.0,0,0,9.5,58628.2,0.03195571955719557
1823,L49002,L,298.1,307.6,1488.0,39.4,157.0,0,0,9.5,58627.2,0.026460711887172597
1824,L49003,L,298.1,307.7,1414.0,48.7,159.0,0,0,9.599999999999966,68861.8,0.03441696113074205
1825,L49004,L,298.1,307.5,1391.0,57.4,161.0,0,0,9.399999999999977,79843.4,0.04123563218390804
1826,M16685,M,298.0,307.5,1784.0,27.8,163.0,0,0,9.5,49595.200000000004,0.01557422969187675
1827,H31240,H,297.8,307.3,1516.0,40.1,166.0,0,0,9.5,60791.6,0.02643375082399473
1828,M16687,M,297.9,307.3,1420.0,47.8,171.0,0,0,9.400000000000034,67876.0,0.03363828289936664
1829,L49008,L,297.8,307.2,1351.0,56.3,174.0,0,0,9.399999999999977,76061.3,0.04164201183431952
1830,L49009,L,297.8,307.2,1880.0,23.0,176.0,0,0,9.399999999999977,43240.0,0.012227538543328018
1831,L49010,L,297.8,307.3,1859.0,24.0,178.0,0,0,9.5,44616.0,0.012903225806451613
1832,M16691,M,297.8,307.3,1315.0,54.0,180.0,0,0,9.5,71010.0,0.041033434650455926
1833,M16692,M,297.8,307.4,1330.0,51.7,183.0,0,0,9.599999999999966,68761.0,0.03884297520661157
1834,L49013,L,297.8,307.3,1327.0,61.0,186.0,1,0,9.5,80947.0,0.04593373493975904
1835,L49014,L,297.8,307.2,1498.0,38.1,188.0,0,0,9.399999999999977,57073.8,0.02541694462975317
1836,H31249,H,297.8,307.3,1555.0,35.8,190.0,0,0,9.5,55668.99999999999,0.02300771208226221
1837,L49016,L,297.7,307.2,1518.0,35.8,195.0,0,0,9.5,54344.399999999994,0.02356813693219223
1838,L49017,L,297.7,307.2,1392.0,43.0,197.0,0,0,9.5,59856.0,0.030868628858578606
1839,M16698,M,297.8,307.2,1456.0,39.6,199.0,0,0,9.399999999999977,57657.6,0.027179135209334248
1840,L49019,L,297.7,307.1,1715.0,30.2,0.0,0,0,9.400000000000034,51793.0,0.017599067599067597
1841,M16700,M,297.7,307.2,1405.0,43.7,2.0,0,0,9.5,61398.50000000001,0.031081081081081083
1842,L49021,L,297.7,307.2,1668.0,37.8,5.0,0,0,9.5,63050.399999999994,0.022648292390653083
1843,H31256,H,297.7,307.1,1855.0,22.5,7.0,0,0,9.400000000000034,41737.5,0.012122844827586207
1844,L49023,L,297.6,307.1,1496.0,39.2,12.0,0,0,9.5,58643.200000000004,0.026185704742818974
1845,M16704,M,297.6,307.1,1471.0,44.9,14.0,0,0,9.5,66047.9,0.030502717391304345
1846,L49025,L,297.7,307.2,1444.0,40.0,17.0,0,0,9.5,57760.0,0.02768166089965398
1847,H31260,H,297.7,307.3,1514.0,38.6,19.0,0,0,9.600000000000023,58440.4,0.02547854785478548
1848,L49027,L,297.8,307.3,1412.0,50.7,24.0,0,0,9.5,71588.40000000001,0.035881104033970275
1849,H31262,H,297.7,307.2,1429.0,44.1,26.0,0,0,9.5,63018.9,0.03083916083916084
1850,L49029,L,297.7,307.2,1668.0,32.7,31.0,0,0,9.5,54543.600000000006,0.019592570401437987
1851,M16710,M,297.7,307.2,1372.0,52.8,33.0,0,0,9.5,72441.59999999999,0.038455935906773486
1852,M16711,M,297.7,307.3,1365.0,49.2,36.0,0,0,9.600000000000023,67158.0,0.03601756954612006
1853,M16712,M,297.6,307.1,1526.0,39.1,39.0,0,0,9.5,59666.6,0.02560576293385724
1854,L49033,L,297.6,307.2,1486.0,40.6,42.0,0,0,9.599999999999966,60331.6,0.027303295225285813
1855,M16714,M,297.6,307.2,1470.0,42.6,44.0,0,0,9.599999999999966,62622.0,0.028959891230455472
1856,H31269,H,297.7,307.3,1249.0,62.8,47.0,0,0,9.600000000000023,78437.2,0.05024
1857,M16716,M,297.8,307.4,1752.0,26.1,52.0,0,0,9.599999999999966,45727.200000000004,0.01488876212207644
1858,L49037,L,297.7,307.4,1643.0,36.5,55.0,0,0,9.699999999999989,59969.5,0.022201946472019465
1859,M16718,M,297.8,307.4,1488.0,36.1,57.0,0,0,9.599999999999966,53716.8,0.024244459368703827
1860,L49039,L,297.8,307.4,1355.0,45.8,60.0,0,0,9.599999999999966,62058.99999999999,0.033775811209439524
1861,L49040,L,297.8,307.6,1607.0,30.3,62.0,0,0,9.800000000000011,48692.1,0.018843283582089553
1862,M16721,M,297.9,307.6,1609.0,30.3,64.0,0,0,9.700000000000045,48752.700000000004,0.018819875776397516
1863,L49042,L,297.9,307.7,1517.0,44.4,67.0,0,0,9.800000000000011,67354.8,0.029249011857707508
1864,M16723,M,297.9,307.7,1517.0,39.5,69.0,0,0,9.800000000000011,59921.5,0.026021080368906456
1865,L49044,L,297.9,307.7,1546.0,37.6,72.0,0,0,9.800000000000011,58129.600000000006,0.024305106658047835
1866,L49045,L,297.9,307.7,1567.0,34.7,74.0,0,0,9.800000000000011,54374.9,0.022130102040816328
1867,M16726,M,298.1,307.9,1662.0,28.9,76.0,0,0,9.799999999999955,48031.799999999996,0.017378232110643415
1868,L49047,L,298.1,307.9,1502.0,41.8,79.0,0,0,9.799999999999955,62783.6,0.027811044577511643
1869,L49048,L,298.3,308.0,1361.0,56.9,81.0,0,0,9.699999999999989,77440.9,0.04177679882525697
1870,M16729,M,298.3,308.1,1630.0,32.7,83.0,0,0,9.800000000000011,53301.00000000001,0.02004904966278357
1871,L49050,L,298.3,308.0,1486.0,42.3,86.0,0,0,9.699999999999989,62857.799999999996,0.028446536650975116
1872,L49051,L,298.3,308.1,1840.0,21.5,88.0,0,0,9.800000000000011,39560.0,0.011678435632808256
1873,L49052,L,298.3,308.1,1326.0,58.4,90.0,0,0,9.800000000000011,77438.4,0.04400904295403165
1874,L49053,L,298.4,308.1,1367.0,57.8,92.0,0,0,9.700000000000045,79012.59999999999,0.04225146198830409
1875,L49054,L,298.4,308.1,1598.0,32.7,94.0,0,0,9.700000000000045,52254.600000000006,0.020450281425891184
1876,L49055,L,298.3,308.0,1363.0,50.1,96.0,0,0,9.699999999999989,68286.3,0.03673020527859237
1877,L49056,L,298.3,308.0,1242.0,62.0,98.0,0,0,9.699999999999989,77004.0,0.0498793242156074
1878,M16737,M,298.2,307.8,1566.0,33.8,100.0,0,0,9.600000000000023,52930.799999999996,0.021569878749202295
1879,M16738,M,298.1,310.1,1424.0,47.7,103.0,0,0,12.0,67924.8,0.033473684210526315
1880,M16739,M,298.2,307.7,1608.0,33.8,106.0,0,0,9.5,54350.399999999994,0.021006836544437538
1881,L49060,L,298.1,307.7,1705.0,29.1,109.0,0,0,9.599999999999966,49615.5,0.017057444314185228
1882,L49061,L,298.0,307.6,1548.0,45.8,111.0,0,0,9.600000000000023,70898.4,0.029567462879276953
1883,M16742,M,298.0,307.6,1581.0,43.4,113.0,0,0,9.600000000000023,68615.4,0.02743362831858407
1884,M16743,M,298.0,307.6,1472.0,46.7,116.0,0,0,9.600000000000023,68742.40000000001,0.03170400543109301
1885,M16744,M,298.0,307.6,1792.0,26.0,119.0,0,0,9.600000000000023,46592.0,0.014500836586726157
1886,L49065,L,300.1,307.6,1503.0,32.8,122.0,0,0,7.5,49298.399999999994,0.02180851063829787
1887,L49066,L,297.9,307.6,1503.0,40.7,124.0,0,0,9.700000000000045,61172.100000000006,0.02706117021276596
1888,M16747,M,297.9,307.5,1642.0,32.4,126.0,0,0,9.600000000000023,53200.799999999996,0.019720024345709068
1889,M16748,M,297.8,307.4,1902.0,24.3,129.0,0,0,9.599999999999966,46218.6,0.012769311613242249
1890,H31303,H,297.7,307.4,1432.0,40.2,132.0,0,0,9.699999999999989,57566.4,0.02805303558967202
1891,L49070,L,297.8,307.4,1512.0,40.8,137.0,0,0,9.599999999999966,61689.6,0.026966292134831458
1892,L49071,L,297.7,307.4,1764.0,29.0,139.0,0,0,9.699999999999989,51156.0,0.01643059490084986
1893,M16752,M,297.8,307.4,1438.0,43.6,141.0,0,0,9.599999999999966,62696.8,0.030298818624044477
1894,L49073,L,297.8,307.5,1631.0,29.9,144.0,0,0,9.699999999999989,48766.899999999994,0.01832107843137255
1895,H31308,H,297.9,307.5,1880.0,23.3,146.0,0,0,9.600000000000023,43804.0,0.012387028176501861
1896,L49075,L,297.9,307.6,1344.0,54.3,151.0,0,0,9.700000000000045,72979.2,0.04037174721189591
1897,L49076,L,297.9,307.5,1574.0,35.8,153.0,0,0,9.600000000000023,56349.2,0.02273015873015873
1898,L49077,L,297.8,307.4,1418.0,41.2,155.0,0,0,9.599999999999966,58421.600000000006,0.029034531360112758
1899,L49078,L,297.8,307.5,1372.0,54.1,157.0,0,0,9.699999999999989,74225.2,0.039402767662053896
1900,L49079,L,297.8,307.5,1388.0,40.0,159.0,0,0,9.699999999999989,55520.0,0.028797696184305256
1901,H31314,H,297.9,307.6,1493.0,36.0,161.0,0,0,9.700000000000045,53748.0,0.024096385542168676
1902,M16761,M,297.9,307.6,1505.0,40.1,166.0,0,0,9.700000000000045,60350.5,0.02662682602921647
1903,L49082,L,298.0,307.6,1694.0,29.1,169.0,0,0,9.600000000000023,49295.4,0.017168141592920357
1904,L49083,L,297.9,307.6,1968.0,20.4,171.0,0,0,9.700000000000045,40147.2,0.010360589131538851
1905,M16764,M,298.0,307.6,1569.0,35.6,173.0,0,0,9.600000000000023,55856.4,0.02267515923566879
1906,L49085,L,297.9,307.6,1687.0,29.1,176.0,0,0,9.700000000000045,49091.700000000004,0.017239336492890996
1907,L49086,L,297.9,307.6,1430.0,52.4,178.0,0,0,9.700000000000045,74932.0,0.036617749825296995
1908,L49087,L,297.9,307.6,1504.0,42.4,180.0,0,0,9.700000000000045,63769.6,0.028172757475083056
1909,L49088,L,297.9,307.6,1977.0,20.2,182.0,0,0,9.700000000000045,39935.4,0.010212335692618807
1910,L49089,L,298.0,307.7,1435.0,45.6,184.0,0,0,9.699999999999989,65436.0,0.03175487465181059
1911,H31324,H,298.0,307.7,1547.0,36.8,186.0,0,0,9.699999999999989,56929.6,0.023772609819121444
1912,M16771,M,298.1,307.8,1316.0,57.2,191.0,0,0,9.699999999999989,75275.2,0.043432042520880794
1913,M16772,M,298.0,307.7,1621.0,34.9,194.0,0,0,9.699999999999989,56572.899999999994,0.02151664611590629
1914,M16773,M,298.0,307.8,1492.0,40.2,197.0,0,0,9.800000000000011,59978.4,0.02692565304755526
1915,L49094,L,298.0,307.7,1643.0,32.3,200.0,0,0,9.699999999999989,53068.899999999994,0.01964720194647202
1916,L49095,L,298.0,307.7,1492.0,38.7,202.0,0,0,9.699999999999989,57740.4,0.02592096450100469
1917,L49096,L,298.0,307.7,1387.0,50.8,204.0,0,0,9.699999999999989,70459.59999999999,0.036599423631123916
1918,M16777,M,298.1,307.9,1463.0,47.3,206.0,0,0,9.799999999999955,69199.9,0.032308743169398906
1919,M16778,M,298.1,307.9,1496.0,40.0,0.0,0,0,9.799999999999955,59840.0,0.026720106880427523
1920,L49099,L,298.2,308.0,1658.0,30.0,3.0,0,0,9.800000000000011,49740.0,0.018083182640144666
1921,L49100,L,298.1,307.9,2161.0,17.5,5.0,0,0,9.799999999999955,37817.5,0.008094357076780759
1922,L49101,L,298.1,307.9,1665.0,32.0,7.0,0,0,9.799999999999955,53280.0,0.01920768307322929
1923,L49102,L,298.0,307.8,1716.0,26.6,9.0,0,0,9.800000000000011,45645.600000000006,0.015492137449039023
1924,L49103,L,298.0,307.7,1529.0,34.1,11.0,0,0,9.699999999999989,52138.9,0.022287581699346404
1925,L49104,L,297.9,307.7,1353.0,50.7,13.0,0,0,9.800000000000011,68597.1,0.03744460856720827
1926,L49105,L,297.9,307.7,1537.0,37.7,15.0,0,0,9.800000000000011,57944.9,0.024512353706111836
1927,L49106,L,298.0,307.7,1606.0,30.8,17.0,0,0,9.699999999999989,49464.8,0.019166148102053516
1928,H31341,H,298.0,307.8,1314.0,47.8,19.0,0,0,9.800000000000011,62809.2,0.036349809885931554
1929,L49108,L,298.0,307.8,1623.0,29.9,24.0,0,0,9.800000000000011,48527.7,0.01841133004926108
1930,M16789,M,298.0,307.8,1483.0,50.9,26.0,0,0,9.800000000000011,75484.7,0.03429919137466307
1931,M16790,M,298.1,307.9,1569.0,37.0,29.0,0,0,9.799999999999955,58053.0,0.02356687898089172
1932,M16791,M,298.2,308.0,1969.0,21.7,32.0,0,0,9.800000000000011,42727.299999999996,0.01101522842639594
1933,M16792,M,298.1,308.0,1686.0,29.3,35.0,0,0,9.899999999999977,49399.8,0.017368109069353883
1934,L49113,L,298.1,308.0,1638.0,35.1,38.0,0,0,9.899999999999977,57493.8,0.02141549725442343
1935,L49114,L,298.1,307.9,1698.0,33.3,40.0,0,0,9.799999999999955,56543.399999999994,0.019599764567392583
1936,M16795,M,298.1,307.9,1377.0,55.1,42.0,0,0,9.799999999999955,75872.7,0.03998548621190131
1937,M16796,M,298.1,308.0,2129.0,18.4,45.0,0,0,9.899999999999977,39173.6,0.008638497652582159
1938,L49117,L,298.2,308.0,1411.0,42.4,48.0,0,0,9.800000000000011,59826.4,0.030028328611898015
1939,L49118,L,298.1,307.9,1517.0,40.8,50.0,0,0,9.799999999999955,61893.6,0.026877470355731223
1940,M16799,M,298.1,307.9,1303.0,53.9,52.0,0,0,9.799999999999955,70231.7,0.041334355828220856
1941,L49120,L,298.1,307.9,1578.0,35.6,55.0,0,0,9.799999999999955,56176.8,0.02254591513616213
1942,L49121,L,298.1,307.9,1425.0,58.2,57.0,0,0,9.799999999999955,82935.0,0.040813464235624125
1943,L49122,L,298.1,308.0,1456.0,42.4,59.0,0,0,9.899999999999977,61734.4,0.02910089224433768
1944,L49123,L,298.1,308.0,1704.0,30.9,61.0,0,0,9.899999999999977,52653.6,0.01812316715542522
1945,L49124,L,298.1,308.1,1791.0,27.3,63.0,0,0,10.0,48894.3,0.015234375
1946,L49125,L,298.1,308.1,1616.0,32.8,65.0,0,0,10.0,53004.799999999996,0.02028447742733457
1947,L49126,L,298.2,308.1,1622.0,34.9,67.0,0,0,9.900000000000034,56607.799999999996,0.021503388786198396
1948,L49127,L,298.2,308.1,1462.0,49.9,69.0,0,0,9.900000000000034,72953.8,0.034107997265892004
1949,L49128,L,298.1,308.1,1410.0,45.8,71.0,0,0,10.0,64577.99999999999,0.03245924875974486
1950,M16809,M,298.1,308.0,1543.0,41.9,73.0,0,0,9.899999999999977,64651.7,0.027137305699481865
1951,M16810,M,298.0,307.9,1479.0,47.6,76.0,0,0,9.899999999999977,70400.40000000001,0.03216216216216216
1952,L49131,L,298.0,307.8,1839.0,22.7,79.0,0,0,9.800000000000011,41745.299999999996,0.01233695652173913
1953,L49132,L,298.0,307.8,1266.0,60.5,81.0,0,0,9.800000000000011,76593.0,0.04775059194948698
1954,L49133,L,297.9,307.7,1593.0,34.9,83.0,0,0,9.800000000000011,55595.7,0.021894604767879546
1955,L49134,L,297.9,307.8,1459.0,46.9,85.0,0,0,9.900000000000034,68427.09999999999,0.032123287671232875
1956,L49135,L,297.9,307.7,1308.0,55.2,87.0,0,0,9.800000000000011,72201.6,0.042169595110771584
1957,M16816,M,297.9,307.7,1364.0,46.8,89.0,0,0,9.800000000000011,63835.2,0.03428571428571428
1958,H31371,H,297.9,307.7,1618.0,35.9,92.0,0,0,9.800000000000011,58086.2,0.02217418159357628
1959,H31372,H,297.9,307.7,1464.0,43.2,97.0,0,0,9.800000000000011,63244.8,0.029488054607508533
1960,M16819,M,297.8,307.6,1352.0,49.4,102.0,0,0,9.800000000000011,66788.8,0.03651145602365114
1961,L49140,L,297.8,307.6,1446.0,51.4,105.0,0,0,9.800000000000011,74324.4,0.035521769177608846
1962,L49141,L,297.8,307.5,1448.0,51.2,107.0,0,0,9.699999999999989,74137.6,0.03533471359558316
1963,L49142,L,297.8,307.5,1391.0,48.6,109.0,0,0,9.699999999999989,67602.6,0.034913793103448276
1964,L49143,L,297.7,307.5,1379.0,43.3,111.0,0,0,9.800000000000011,59710.7,0.0313768115942029
1965,M16824,M,297.8,307.5,1405.0,46.9,113.0,0,0,9.699999999999989,65894.5,0.033357041251778095
1966,L49145,L,297.8,307.5,1581.0,33.1,116.0,0,0,9.699999999999989,52331.100000000006,0.020922882427307207
1967,L49146,L,297.9,307.6,1515.0,40.5,118.0,0,0,9.700000000000045,61357.5,0.02671503957783641
1968,L49147,L,297.9,307.6,1589.0,37.8,120.0,0,0,9.700000000000045,60064.2,0.023773584905660377
1969,L49148,L,298.0,307.6,1281.0,50.8,122.0,0,0,9.600000000000023,65074.799999999996,0.03962558502340093
1970,H31383,H,297.8,307.5,1631.0,31.3,124.0,0,0,9.699999999999989,51050.3,0.019178921568627452
1971,M16830,M,297.9,307.6,1202.0,67.0,129.0,0,0,9.700000000000045,80534.0,0.05569409808811305
1972,L49151,L,297.9,307.6,1298.0,52.7,132.0,0,0,9.700000000000045,68404.6,0.04056966897613549
1973,L49152,L,297.9,307.6,1612.0,30.7,134.0,0,0,9.700000000000045,49488.4,0.019032858028518288
1974,L49153,L,297.9,307.6,1747.0,25.3,136.0,0,0,9.700000000000045,44199.1,0.014473684210526316
1975,L49154,L,298.0,307.6,1450.0,48.7,138.0,0,0,9.600000000000023,70615.0,0.03356305995864921
1976,L49155,L,298.0,307.7,1422.0,45.6,140.0,0,0,9.699999999999989,64843.200000000004,0.032044975404075894
1977,M16836,M,298.1,307.7,1419.0,47.4,142.0,0,0,9.599999999999966,67260.59999999999,0.033380281690140845
1978,M16837,M,298.1,307.7,1633.0,30.7,145.0,0,0,9.599999999999966,50133.1,0.01878824969400245
1979,L49158,L,298.0,307.7,1442.0,43.6,148.0,0,0,9.699999999999989,62871.200000000004,0.030214830214830214
1980,H31393,H,298.0,307.6,1420.0,45.8,150.0,0,0,9.600000000000023,65035.99999999999,0.032230823363828286
1981,M16840,M,298.0,307.6,1301.0,58.5,155.0,0,0,9.600000000000023,76108.5,0.044930875576036866
1982,L49161,L,298.0,307.6,1385.0,45.0,158.0,0,0,9.600000000000023,62325.0,0.032467532467532464
1983,M16842,M,298.0,307.7,1487.0,41.3,160.0,0,0,9.699999999999989,61413.1,0.02775537634408602
1984,M16843,M,298.0,307.6,1459.0,44.4,163.0,0,0,9.600000000000023,64779.6,0.030410958904109588
1985,M16844,M,298.0,307.5,1387.0,45.5,166.0,0,0,9.5,63108.5,0.032780979827089336
1986,L49165,L,298.1,307.7,1537.0,40.8,169.0,0,0,9.599999999999966,62709.6,0.026527958387516253
1987,L49166,L,298.1,307.6,1498.0,42.9,171.0,0,0,9.5,64264.2,0.028619079386257504
1988,M16847,M,298.2,307.8,1599.0,31.2,173.0,0,0,9.600000000000023,49888.799999999996,0.0195
1989,H31402,H,298.3,307.9,1420.0,39.2,176.0,0,0,9.599999999999966,55664.00000000001,0.027586206896551727
1990,L49169,L,298.2,307.9,1785.0,23.4,181.0,0,0,9.699999999999989,41769.0,0.013101903695408734
1991,L49170,M,298.2,307.8,1423.0,48.1,183.0,0,0,9.600000000000023,68446.3,0.03377808988764045
1992,M16851,M,298.2,307.8,1583.0,36.6,185.0,0,0,9.600000000000023,57937.8,0.023106060606060606
1993,L49172,L,298.2,307.8,1375.0,46.6,188.0,0,0,9.600000000000023,64075.0,0.03386627906976744
1994,M16853,M,298.3,308.0,1463.0,42.5,190.0,0,0,9.699999999999989,62177.5,0.029030054644808744
1995,M16854,M,298.2,307.9,1403.0,45.1,193.0,0,0,9.699999999999989,63275.3,0.032122507122507124
1996,L49175,L,298.3,308.0,1451.0,47.1,196.0,0,0,9.699999999999989,68342.1,0.03243801652892562
1997,M16856,M,298.4,308.0,1416.0,38.2,198.0,1,1,9.600000000000023,54091.200000000004,0.026958362738179253
1998,L49177,L,298.3,308.1,1672.0,41.3,0.0,0,0,9.800000000000011,69053.59999999999,0.024686192468619247
1999,H31412,H,298.3,308.0,1637.0,30.8,2.0,0,0,9.699999999999989,50419.6,0.018803418803418803
2000,L49179,L,298.4,308.0,1540.0,37.8,7.0,0,0,9.600000000000023,58211.99999999999,0.0245295262816353
2001,L49180,L,298.4,308.1,1279.0,53.1,9.0,0,0,9.700000000000045,67914.90000000001,0.041484375000000004
2002,L49181,L,298.4,308.2,1604.0,34.9,11.0,0,0,9.800000000000011,55979.6,0.02174454828660436
2003,L49182,L,298.5,308.2,1654.0,27.1,13.0,0,0,9.699999999999989,44823.4,0.01637462235649547
2004,M16863,M,298.5,308.2,1564.0,37.5,15.0,0,0,9.699999999999989,58650.0,0.023961661341853034
2005,L49184,L,298.5,308.2,1451.0,47.5,18.0,0,0,9.699999999999989,68922.5,0.03271349862258953
2006,L49185,L,298.5,308.3,1504.0,38.0,20.0,0,0,9.800000000000011,57152.0,0.02524916943521595
2007,M16866,M,298.5,308.3,1381.0,50.5,22.0,0,0,9.800000000000011,69740.5,0.03654124457308249
2008,L49187,L,298.6,308.4,1562.0,34.4,25.0,0,0,9.799999999999955,53732.799999999996,0.02200895713371721
2009,L49188,L,298.5,308.3,1811.0,24.7,27.0,0,0,9.800000000000011,44731.7,0.013631346578366446
2010,M16869,M,298.6,308.3,1717.0,28.7,29.0,0,0,9.699999999999989,49277.9,0.016705471478463328
2011,L49190,L,298.6,308.3,1278.0,60.5,32.0,0,0,9.699999999999989,77319.0,0.04730258014073495
2012,L49191,L,298.7,308.5,1616.0,30.2,34.0,0,0,9.800000000000011,48803.2,0.01867656153370439
2013,L49192,L,298.6,308.4,1397.0,46.4,36.0,0,0,9.799999999999955,64820.799999999996,0.03319027181688126
2014,L49193,L,298.6,308.4,1485.0,42.9,38.0,0,0,9.799999999999955,63706.5,0.028869448183041723
2015,L49194,L,298.6,308.4,1310.0,59.7,40.0,0,0,9.799999999999955,78207.0,0.04553775743707094
2016,L49195,L,298.5,308.2,1301.0,66.3,42.0,1,0,9.699999999999989,86256.3,0.050921658986175115
2017,L49196,L,298.5,308.3,1458.0,44.0,44.0,0,0,9.800000000000011,64152.0,0.03015764222069911
2018,L49197,L,298.7,308.5,1483.0,42.5,46.0,0,0,9.800000000000011,63027.5,0.028638814016172506
2019,L49198,L,298.7,308.5,1375.0,46.4,48.0,0,0,9.800000000000011,63800.0,0.033720930232558136
2020,M16879,M,298.7,308.5,1660.0,27.0,50.0,0,0,9.800000000000011,44820.0,0.01625526791089705
2021,H31434,H,298.7,308.4,1560.0,33.3,53.0,0,0,9.699999999999989,51947.99999999999,0.02133247918001281
2022,L49201,L,298.7,308.5,1480.0,42.2,58.0,0,0,9.800000000000011,62456.00000000001,0.02849426063470628
2023,L49202,L,298.7,308.4,1373.0,46.9,60.0,0,0,9.699999999999989,64393.7,0.03413391557496361
2024,L49203,L,298.7,308.5,1444.0,54.2,108.0,0,0,9.800000000000011,78264.8,0.03750865051903114
2025,M16884,M,298.7,308.6,1722.0,24.7,64.0,0,0,9.900000000000034,42533.4,0.014335461404526987
2026,L49205,L,298.7,308.5,1469.0,39.9,67.0,0,0,9.800000000000011,58613.1,0.027142857142857142
2027,M16886,M,298.7,308.5,1360.0,52.9,69.0,0,0,9.800000000000011,71944.0,0.038868479059515064
2028,L49207,L,298.7,308.4,1750.0,25.8,72.0,0,0,9.699999999999989,45150.0,0.01473443746430611
2029,M16888,M,298.7,308.3,1349.0,46.6,74.0,0,0,9.600000000000023,62863.4,0.03451851851851852
2030,L49209,L,298.7,308.5,1668.0,35.2,77.0,0,0,9.800000000000011,58713.600000000006,0.021090473337327744
2031,L49210,L,298.9,308.6,1400.0,49.5,79.0,0,0,9.700000000000045,69300.0,0.035331905781584586
2032,L49211,L,298.8,308.6,1331.0,62.8,81.0,0,0,9.800000000000011,83586.8,0.04714714714714714
2033,L49212,L,298.8,308.5,1444.0,42.2,83.0,0,0,9.699999999999989,60936.8,0.02920415224913495
2034,H31447,H,298.8,308.5,1359.0,47.6,85.0,0,0,9.699999999999989,64688.4,0.035
2035,M16894,M,298.8,308.5,1425.0,47.4,90.0,0,0,9.699999999999989,67545.0,0.033239831697054696
2036,M16895,M,298.9,308.6,1469.0,34.2,93.0,0,0,9.700000000000045,50239.8,0.02326530612244898
2037,L49216,L,299.0,308.7,1892.0,22.8,96.0,0,0,9.699999999999989,43137.6,0.012044374009508717
2038,H31451,H,299.0,308.7,1940.0,19.9,98.0,0,0,9.699999999999989,38606.0,0.010252447192168985
2039,L49218,L,299.0,308.8,1405.0,55.2,103.0,0,0,9.800000000000011,77556.0,0.03926031294452347
2040,M16899,M,299.0,308.9,1449.0,39.6,105.0,0,0,9.899999999999977,57380.4,0.027310344827586208
2041,L49220,L,299.1,308.9,1686.0,29.6,108.0,0,0,9.799999999999955,49905.600000000006,0.017545939537640783
2042,L49221,L,299.1,308.9,1680.0,27.2,110.0,0,0,9.799999999999955,45696.0,0.01618084473527662
2043,M16902,M,299.1,308.9,1397.0,52.4,112.0,0,0,9.799999999999955,73202.8,0.03748211731044349
2044,M16903,M,299.2,309.0,1597.0,30.3,115.0,0,0,9.800000000000011,48389.1,0.018961201501877346
2045,L49224,L,299.3,309.1,1470.0,41.1,118.0,0,0,9.800000000000011,60417.0,0.02794017675050986
2046,M16905,M,299.3,309.1,1703.0,31.3,120.0,0,0,9.800000000000011,53303.9,0.01836854460093897
2047,L49226,L,299.3,309.1,1388.0,45.5,123.0,0,0,9.800000000000011,63154.0,0.03275737940964723
2048,L49227,L,299.3,309.2,1775.0,24.2,125.0,0,0,9.899999999999977,42955.0,0.013626126126126126
2049,L49228,L,299.3,309.2,1465.0,41.5,127.0,0,0,9.899999999999977,60797.5,0.028308321964529332
2050,M16909,M,299.3,309.2,1586.0,37.9,129.0,0,0,9.899999999999977,60109.399999999994,0.023881537492123503
2051,M16910,M,299.5,309.3,1675.0,29.2,108.0,0,0,9.800000000000011,48910.0,0.017422434367541765
2052,M16911,M,299.4,309.2,1470.0,44.4,135.0,0,0,9.800000000000011,65268.0,0.03018354860639021
2053,L49232,L,299.5,309.3,1477.0,40.4,138.0,0,0,9.800000000000011,59670.799999999996,0.02733423545331529
2054,L49233,L,299.5,309.3,1382.0,61.0,140.0,0,0,9.800000000000011,84302.0,0.044107013738250184
2055,M16914,M,299.6,309.4,1605.0,29.8,142.0,0,0,9.799999999999955,47829.0,0.018555417185554174
2056,L49235,L,299.6,309.4,1643.0,32.9,145.0,0,0,9.799999999999955,54054.7,0.020012165450121654
2057,L49236,L,299.5,309.3,1333.0,54.1,108.0,0,0,9.800000000000011,72115.3,0.04055472263868066
2058,L49237,L,299.5,309.3,1520.0,42.3,149.0,0,0,9.800000000000011,64295.99999999999,0.02781065088757396
2059,M16918,M,299.5,309.3,1902.0,24.0,151.0,0,0,9.800000000000011,45648.0,0.012611665790856543
2060,H31473,H,299.5,309.4,1386.0,44.4,154.0,0,0,9.899999999999977,61538.4,0.03201153568853641
2061,L49240,L,299.6,309.5,1803.0,27.7,159.0,0,0,9.899999999999977,49943.1,0.015354767184035476
2062,L49241,L,299.7,309.6,1359.0,50.7,161.0,0,0,9.900000000000034,68901.3,0.03727941176470589
2063,M16922,M,299.7,309.6,1477.0,42.7,163.0,0,0,9.900000000000034,63067.9,0.028890392422192154
2064,L49243,L,299.7,309.6,1321.0,53.4,166.0,0,0,9.900000000000034,70541.4,0.040393343419062026
2065,L49244,L,299.6,309.5,1453.0,41.4,168.0,0,0,9.899999999999977,60154.2,0.028473177441540577
2066,L49245,L,299.7,309.6,1419.0,45.1,170.0,0,0,9.900000000000034,63996.9,0.031760563380281694
2067,L49246,L,299.7,309.6,1512.0,36.2,172.0,0,0,9.900000000000034,54734.4,0.02392597488433576
2068,L49247,L,299.7,309.6,1553.0,36.8,174.0,0,0,9.900000000000034,57150.399999999994,0.02368082368082368
2069,M16928,M,299.7,309.6,1534.0,39.1,176.0,0,0,9.900000000000034,59979.4,0.025472312703583064
2070,H31483,H,299.7,309.6,1553.0,41.0,179.0,0,0,9.900000000000034,63673.0,0.026383526383526385
2071,L49250,L,299.7,309.5,1352.0,49.7,184.0,0,0,9.800000000000011,67194.40000000001,0.03673318551367332
2072,M16931,M,299.7,309.6,1313.0,60.0,186.0,0,0,9.900000000000034,78780.0,0.045662100456621
2073,L49252,L,299.6,309.5,1570.0,35.5,189.0,0,0,9.899999999999977,55735.0,0.02259707192870783
2074,L49253,L,299.6,309.4,1677.0,40.1,191.0,0,0,9.799999999999955,67247.7,0.02389749702026222
2075,L49254,L,299.5,309.4,1602.0,31.5,193.0,0,0,9.899999999999977,50463.0,0.019650655021834062
2076,L49255,L,299.5,309.4,1390.0,58.8,195.0,1,0,9.899999999999977,81732.0,0.04227174694464414
2077,L49256,L,299.4,309.3,1544.0,36.0,197.0,0,0,9.900000000000034,55584.0,0.02330097087378641
2078,L49257,L,299.4,309.4,1701.0,31.2,199.0,0,0,10.0,53071.2,0.018331374853113983
2079,M16938,M,299.4,309.3,1692.0,28.4,201.0,0,0,9.900000000000034,48052.799999999996,0.016774955699940933
2080,M16939,M,299.3,309.3,1523.0,37.9,204.0,0,0,10.0,57721.7,0.024868766404199473
2081,L49260,L,299.3,309.2,2280.0,15.4,207.0,0,0,9.899999999999977,35112.0,0.006751424813678211
2082,M16941,M,299.4,309.3,1485.0,47.1,209.0,0,0,9.900000000000034,69943.5,0.031695827725437414
2083,H31496,H,299.4,309.2,1513.0,36.1,212.0,0,0,9.800000000000011,54619.3,0.0238441215323646
2084,H31497,H,299.4,309.3,1743.0,28.2,0.0,0,0,9.900000000000034,49152.6,0.016169724770642203
2085,L49264,L,299.5,309.3,1442.0,46.2,5.0,0,0,9.800000000000011,66620.40000000001,0.03201663201663202
2086,L49265,L,299.5,309.3,1462.0,46.7,7.0,0,0,9.800000000000011,68275.40000000001,0.031920710868079294
2087,H31500,H,299.4,309.3,1439.0,49.7,9.0,0,0,9.900000000000034,71518.3,0.03451388888888889
2088,L49267,L,299.5,309.3,1577.0,36.6,14.0,0,0,9.800000000000011,57718.200000000004,0.023193916349809888
2089,L49268,L,299.6,309.4,1331.0,46.4,16.0,0,0,9.799999999999955,61758.4,0.034834834834834835
2090,L49269,L,299.5,309.3,1941.0,22.5,18.0,0,0,9.800000000000011,43672.5,0.011585993820803296
2091,L49270,L,299.5,309.2,1393.0,47.3,20.0,0,0,9.699999999999989,65888.9,0.033931133428981346
2092,L49271,L,299.4,309.2,1433.0,42.1,22.0,0,0,9.800000000000011,60329.3,0.029358437935843796
2093,L49272,L,299.4,309.2,1444.0,48.2,24.0,0,0,9.800000000000011,69600.8,0.033356401384083044
2094,L49273,L,299.4,309.2,1564.0,39.0,26.0,0,0,9.800000000000011,60996.0,0.024920127795527155
2095,L49274,L,299.4,309.3,1377.0,43.6,28.0,0,0,9.900000000000034,60037.200000000004,0.031640058055152395
2096,L49275,L,299.4,309.3,1525.0,41.5,30.0,0,0,9.900000000000034,63287.5,0.027195281782437745
2097,M16956,M,299.5,309.4,1387.0,56.2,32.0,0,0,9.899999999999977,77949.40000000001,0.04048991354466859
2098,M16957,M,299.4,309.4,1326.0,47.5,35.0,0,0,10.0,62985.0,0.03579502637528259
2099,L49278,L,299.4,309.3,1401.0,59.0,38.0,0,0,9.900000000000034,82659.0,0.04208273894436519
2100,L49279,L,299.4,309.3,1596.0,31.8,40.0,0,0,9.900000000000034,50752.8,0.019912335629304948
2101,M16960,M,299.3,309.3,1471.0,46.0,42.0,0,0,10.0,67666.0,0.03125
2102,L49281,L,299.3,309.3,1528.0,37.8,45.0,0,0,10.0,57758.399999999994,0.02472204054937868
2103,L49282,L,299.3,309.3,1325.0,62.0,47.0,0,0,10.0,82150.0,0.04675716440422323
2104,M16963,M,299.3,309.1,1376.0,46.7,49.0,0,0,9.800000000000011,64259.200000000004,0.03391430646332607
2105,M16964,M,299.3,309.1,1600.0,35.3,52.0,0,0,9.800000000000011,56479.99999999999,0.022048719550281072
2106,L49285,L,299.3,309.1,1495.0,44.0,55.0,0,0,9.800000000000011,65780.0,0.029411764705882353
2107,L49286,L,299.4,309.1,1645.0,28.6,57.0,0,0,9.700000000000045,47047.0,0.017375455650060753
2108,M16967,M,299.4,309.1,1417.0,47.3,59.0,0,0,9.700000000000045,67024.09999999999,0.03335684062059238
2109,H31522,H,299.4,309.0,1415.0,51.7,62.0,0,0,9.600000000000023,73155.5,0.036511299435028254
2110,M16969,M,299.3,309.0,1496.0,43.4,67.0,0,0,9.699999999999989,64926.4,0.02899131596526386
2111,H31524,H,299.3,309.0,1508.0,35.0,70.0,0,0,9.699999999999989,52780.0,0.023194168323392977
2112,L49291,L,299.4,309.0,1436.0,47.9,75.0,0,0,9.600000000000023,68784.4,0.03333333333333333
2113,L49292,L,299.5,309.1,1852.0,22.6,77.0,0,0,9.600000000000023,41855.200000000004,0.012196438208310848
2114,L49293,L,299.5,309.1,1863.0,22.5,79.0,0,0,9.600000000000023,41917.5,0.012070815450643776
2115,H31528,H,299.4,309.1,1373.0,44.1,81.0,0,0,9.700000000000045,60549.3,0.03209606986899564
2116,L49295,L,299.4,309.0,1404.0,47.3,108.0,0,0,9.600000000000023,66409.2,0.033665480427046264
2117,M16976,M,299.4,309.0,1381.0,44.9,88.0,0,0,9.600000000000023,62006.9,0.03248914616497829
2118,H31531,H,299.4,308.9,1762.0,29.3,91.0,0,0,9.5,51626.6,0.016619398752127056
2119,H31532,H,299.3,308.9,1429.0,43.0,96.0,0,0,9.599999999999966,61447.0,0.03006993006993007
2120,M16979,M,299.3,308.9,1858.0,24.7,101.0,0,0,9.599999999999966,45892.6,0.013286713286713287
2121,H31534,H,299.2,308.8,1908.0,21.3,104.0,0,0,9.600000000000023,40640.4,0.011157674174960712
2122,M16981,M,299.2,308.8,1503.0,37.4,109.0,0,0,9.600000000000023,56212.2,0.024867021276595742
2123,M16982,M,299.2,308.8,1523.0,38.9,112.0,0,0,9.600000000000023,59244.7,0.025524934383202098
2124,L49303,L,299.3,309.0,1491.0,38.4,115.0,0,0,9.699999999999989,57254.4,0.025737265415549597
2125,L49304,L,299.2,308.9,1430.0,39.1,117.0,0,0,9.699999999999989,55913.0,0.0273235499650594
2126,L49305,L,299.3,308.9,1258.0,69.4,119.0,1,0,9.599999999999966,87305.20000000001,0.05512311358220811
2127,L49306,L,299.3,309.0,1449.0,46.5,121.0,0,0,9.699999999999989,67378.5,0.03206896551724138
2128,H31541,H,299.3,309.0,1425.0,40.6,123.0,0,0,9.699999999999989,57855.0,0.02847124824684432
2129,L49308,L,299.4,309.0,1800.0,24.3,128.0,0,0,9.600000000000023,43740.0,0.013492504164353138
2130,H31543,H,299.4,309.0,1607.0,33.7,130.0,0,0,9.600000000000023,54155.9,0.020957711442786072
2131,L49310,L,299.4,309.0,1391.0,58.2,135.0,0,0,9.600000000000023,80956.2,0.04181034482758621
2132,L49311,L,299.4,309.1,1432.0,45.4,137.0,0,0,9.700000000000045,65012.799999999996,0.0316817864619679
2133,L49312,L,299.4,309.0,1660.0,28.4,139.0,0,0,9.600000000000023,47144.0,0.017098133654425043
2134,H31547,H,299.3,309.0,1732.0,29.7,141.0,0,0,9.699999999999989,51440.4,0.01713791113675707
2135,L49314,L,299.3,309.0,1473.0,46.3,146.0,0,0,9.699999999999989,68199.9,0.03141112618724559
2136,L49315,L,299.3,309.0,1511.0,47.8,148.0,0,0,9.699999999999989,72225.8,0.031613756613756615
2137,L49316,L,299.2,308.9,1588.0,41.5,150.0,0,0,9.699999999999989,65902.0,0.026117054751415986
2138,L49317,L,299.3,308.9,1623.0,31.1,152.0,0,0,9.599999999999966,50475.3,0.01915024630541872
2139,L49318,L,299.3,309.0,1734.0,30.6,154.0,0,0,9.699999999999989,53060.4,0.017636887608069165
2140,L49319,L,299.3,309.0,1415.0,47.6,156.0,0,0,9.699999999999989,67354.0,0.03361581920903955
2141,L49320,L,299.3,309.0,1419.0,46.6,158.0,0,0,9.699999999999989,66125.40000000001,0.032816901408450706
2142,M17001,M,299.3,308.9,1577.0,34.9,160.0,0,0,9.599999999999966,55037.299999999996,0.022116603295310518
2143,L49322,L,299.3,308.9,1376.0,60.3,163.0,0,0,9.599999999999966,82972.8,0.04379084967320261
2144,M17003,M,299.3,308.8,1442.0,49.0,165.0,0,0,9.5,70658.0,0.03395703395703396
2145,L49324,L,299.4,308.9,1451.0,40.5,168.0,0,0,9.5,58765.5,0.027892561983471075
2146,L49325,L,299.3,308.8,1550.0,45.8,170.0,0,0,9.5,70990.0,0.029529335912314634
2147,L49326,L,299.3,308.8,1647.0,32.9,172.0,0,0,9.5,54186.299999999996,0.019963592233009708
2148,L49327,L,299.4,308.9,1550.0,33.7,174.0,0,0,9.5,52235.00000000001,0.021727917472598324
2149,L49328,L,299.4,308.9,1583.0,34.1,176.0,0,0,9.5,53980.3,0.021527777777777778
2150,L49329,L,299.4,309.0,1613.0,32.2,178.0,0,0,9.600000000000023,51938.600000000006,0.019950433705080546
2151,H31564,H,299.3,308.8,1636.0,35.5,180.0,0,0,9.5,58078.0,0.021686010995723884
2152,M17011,M,299.3,308.7,1289.0,51.5,185.0,0,0,9.399999999999977,66383.5,0.03992248062015504
2153,M17012,M,299.3,308.8,1648.0,28.4,188.0,0,0,9.5,46803.2,0.01722255912674348
2154,H31567,H,299.3,308.8,1397.0,45.4,191.0,0,0,9.5,63423.799999999996,0.03247496423462089
2155,M17014,M,299.3,308.9,1503.0,24.8,196.0,0,0,9.599999999999966,37274.4,0.01648936170212766
2156,L49335,L,299.3,308.8,1341.0,47.7,199.0,0,0,9.5,63965.700000000004,0.035543964232488824
2157,M17016,M,299.4,308.9,1457.0,41.5,201.0,0,0,9.5,60465.5,0.028463648834019206
2158,M17017,M,299.4,309.0,1939.0,19.8,204.0,0,0,9.600000000000023,38392.200000000004,0.01020618556701031
2159,M17018,M,299.5,309.0,1399.0,49.7,207.0,0,0,9.5,69530.3,0.035500000000000004
2160,M17019,M,299.5,309.0,1602.0,31.3,210.0,0,0,9.5,50142.6,0.01952588895820337
2161,L49340,L,299.4,309.0,1507.0,41.0,213.0,0,0,9.600000000000023,61787.0,0.027188328912466843
2162,L49341,L,299.4,309.1,1464.0,40.5,215.0,0,0,9.700000000000045,59292.0,0.02764505119453925
2163,L49342,L,299.5,309.1,1336.0,42.1,217.0,0,0,9.600000000000023,56245.6,0.03148840688107704
2164,L49343,L,299.6,309.2,1422.0,39.8,219.0,0,0,9.599999999999966,56595.6,0.027969079409697818
2165,L49344,L,299.6,309.2,1540.0,36.7,221.0,0,0,9.599999999999966,56518.00000000001,0.023815704088254383
2166,L49345,L,299.5,309.1,1476.0,47.8,223.0,0,0,9.600000000000023,70552.8,0.03236289776574137
2167,M17026,M,299.6,309.2,1867.0,23.4,225.0,1,1,9.599999999999966,43687.799999999996,0.012526766595289078
2168,H31581,H,299.6,309.1,1588.0,41.3,0.0,0,0,9.5,65584.4,0.025991189427312773
2169,M17028,M,299.5,309.1,1420.0,49.5,5.0,0,0,9.600000000000023,70290.0,0.034834623504574246
2170,L49349,L,299.5,309.1,1415.0,49.2,8.0,0,0,9.600000000000023,69618.0,0.03474576271186441
2171,M17030,M,299.4,309.1,1500.0,43.3,10.0,0,0,9.700000000000045,64949.99999999999,0.028847435043304462
2172,L49351,L,299.5,309.1,1502.0,44.6,13.0,0,0,9.600000000000023,66989.2,0.029673985362608117
2173,L49352,L,299.5,309.2,1816.0,23.0,15.0,0,0,9.699999999999989,41768.0,0.012658227848101266
2174,M17033,M,299.5,309.2,1495.0,41.6,17.0,0,0,9.699999999999989,62192.0,0.027807486631016044
2175,L49354,L,299.6,309.2,1572.0,33.4,20.0,0,0,9.599999999999966,52504.799999999996,0.021233312142403052
2176,M17035,M,299.5,309.2,1590.0,35.9,22.0,0,0,9.699999999999989,57081.0,0.022564424890006284
2177,M17036,M,299.6,309.3,1387.0,48.3,25.0,0,0,9.699999999999989,66992.09999999999,0.03479827089337176
2178,M17037,M,299.6,309.2,1393.0,47.7,28.0,0,0,9.599999999999966,66446.1,0.034218077474892396
2179,L49358,L,299.6,309.2,1602.0,37.3,31.0,0,0,9.599999999999966,59754.6,0.02326887086712414
2180,L49359,L,299.6,309.2,1601.0,33.3,33.0,0,0,9.599999999999966,53313.299999999996,0.020786516853932582
2181,H31594,H,299.6,309.2,1597.0,36.3,35.0,0,0,9.599999999999966,57971.1,0.02271589486858573
2182,H31595,H,299.5,309.1,1548.0,44.3,40.0,0,0,9.600000000000023,68576.4,0.028599096191091026
2183,M17042,M,299.5,309.2,1314.0,61.8,45.0,0,0,9.699999999999989,81205.2,0.04699619771863118
2184,M17043,M,299.6,309.3,1577.0,39.8,48.0,0,0,9.699999999999989,62764.6,0.025221799746514572
2185,L49364,L,299.8,309.4,1475.0,43.4,51.0,0,0,9.599999999999966,64015.0,0.029403794037940377
2186,L49365,L,299.8,309.4,1630.0,32.4,53.0,0,0,9.599999999999966,52812.0,0.019865113427345187
2187,L49366,L,299.7,309.4,1445.0,42.9,55.0,0,0,9.699999999999989,61990.5,0.02966804979253112
2188,M17047,M,299.8,309.4,1439.0,47.4,57.0,0,0,9.599999999999966,68208.59999999999,0.032916666666666664
2189,L49368,L,299.7,309.3,1420.0,44.1,60.0,0,0,9.600000000000023,62622.0,0.03103448275862069
2190,H31603,H,299.7,309.2,1554.0,41.6,62.0,0,0,9.5,64646.4,0.026752411575562702
2191,M17050,M,299.6,309.1,1471.0,44.3,67.0,0,0,9.5,65165.299999999996,0.030095108695652174
2192,L49371,L,299.6,309.0,1648.0,33.6,70.0,0,0,9.399999999999977,55372.8,0.020375985445724682
2193,L49372,L,299.6,309.0,1472.0,48.8,72.0,0,0,9.399999999999977,71833.59999999999,0.03312966734555329
2194,M17053,M,299.5,308.9,1448.0,42.9,74.0,0,0,9.399999999999977,62119.2,0.02960662525879917
2195,M17054,M,299.6,308.9,1568.0,35.3,77.0,0,0,9.299999999999955,55350.399999999994,0.022498406628425748
2196,L49375,L,299.6,308.9,1613.0,30.8,80.0,0,0,9.299999999999955,49680.4,0.019083023543990087
2197,M17056,M,299.7,308.9,1551.0,35.4,82.0,0,0,9.199999999999989,54905.399999999994,0.022809278350515463
2198,L49377,L,299.7,309.0,1412.0,49.2,85.0,0,0,9.300000000000011,69470.40000000001,0.03481953290870488
2199,M17058,M,299.7,308.9,1478.0,41.0,87.0,0,0,9.199999999999989,60598.0,0.027721433400946585
2200,M17059,M,299.8,309.1,1268.0,58.0,90.0,0,0,9.300000000000011,73544.0,0.045705279747832936
2201,L49380,L,299.8,309.1,1546.0,35.6,93.0,0,0,9.300000000000011,55037.600000000006,0.02301228183581125
2202,L49381,L,299.8,309.0,1567.0,36.1,95.0,0,0,9.199999999999989,56568.700000000004,0.02302295918367347
2203,M17062,M,299.9,309.2,1548.0,35.7,97.0,0,0,9.300000000000011,55263.600000000006,0.02304712717882505
2204,L49383,L,299.8,309.0,1614.0,30.8,100.0,0,0,9.199999999999989,49711.200000000004,0.019071207430340558
2205,M17064,M,299.7,309.1,1352.0,46.1,102.0,0,0,9.400000000000034,62327.200000000004,0.034072431633407244
2206,L49385,L,299.9,309.2,1624.0,34.6,105.0,0,0,9.300000000000011,56190.4,0.021292307692307694
2207,L49386,L,299.9,309.2,1436.0,52.0,107.0,0,0,9.300000000000011,74672.0,0.03618649965205289
2208,L49387,L,299.8,309.2,1591.0,37.5,109.0,0,0,9.399999999999977,59662.5,0.02355527638190955
2209,H31622,H,299.8,309.2,1435.0,42.6,111.0,0,0,9.399999999999977,61131.0,0.02966573816155989
2210,L49389,L,299.8,309.3,1386.0,49.4,116.0,0,0,9.5,68468.4,0.03561643835616438
2211,L49390,L,299.7,309.2,1401.0,54.1,118.0,0,0,9.5,75794.1,0.03858773181169758
2212,M17071,M,299.6,309.0,1245.0,64.0,120.0,0,0,9.399999999999977,79680.0,0.051364365971107544
2213,L49392,L,299.7,309.1,1475.0,40.0,123.0,0,0,9.400000000000034,59000.0,0.02710027100271003
2214,L49393,L,299.7,309.1,1473.0,39.4,125.0,0,0,9.400000000000034,58036.2,0.026729986431478968
2215,H31628,M,299.7,309.2,1355.0,44.8,127.0,0,0,9.5,60703.99999999999,0.03303834808259587
2216,H31629,H,299.7,309.2,1468.0,49.6,132.0,0,0,9.5,72812.8,0.033764465622872705
2217,L49396,L,299.7,309.2,1645.0,30.8,137.0,0,0,9.5,50666.0,0.018712029161603888
2218,L49397,L,299.7,309.1,1347.0,55.3,139.0,0,0,9.400000000000034,74489.09999999999,0.041023738872403556
2219,L49398,L,299.7,309.1,1713.0,33.5,141.0,0,0,9.400000000000034,57385.5,0.019544924154025672
2220,M17079,M,299.6,309.1,1435.0,48.4,143.0,0,0,9.5,69454.0,0.03370473537604457
2221,M17080,M,299.6,309.0,1736.0,26.1,146.0,0,0,9.399999999999977,45309.600000000006,0.015025906735751295
2222,L49401,L,299.6,309.0,1372.0,60.4,149.0,0,0,9.399999999999977,82868.8,0.043991260014566644
2223,L49402,L,299.7,309.0,1605.0,33.0,151.0,0,0,9.300000000000011,52965.0,0.02054794520547945
2224,L49403,L,299.6,309.0,1413.0,48.5,153.0,0,0,9.399999999999977,68530.5,0.0342998585572843
2225,M17084,M,299.7,309.0,1645.0,31.9,155.0,0,0,9.300000000000011,52475.5,0.019380315917375456
2226,M17085,M,299.7,309.0,1465.0,49.0,158.0,0,0,9.300000000000011,71785.0,0.03342428376534789
2227,M17086,M,299.6,308.9,1685.0,27.8,161.0,0,0,9.299999999999955,46843.0,0.016488730723606168
2228,L49407,L,299.5,308.8,1965.0,20.4,164.0,0,0,9.300000000000011,40086.0,0.010376398779247202
2229,H31642,H,299.4,308.6,1542.0,41.8,166.0,0,0,9.200000000000045,64455.6,0.027090084251458195
2230,L49409,L,299.4,308.7,1681.0,30.8,171.0,0,0,9.300000000000011,51774.8,0.0183115338882283
2231,L49410,L,299.5,308.7,1446.0,45.7,173.0,0,0,9.199999999999989,66082.2,0.03158258465791292
2232,L49411,L,299.4,308.6,1415.0,56.4,175.0,0,0,9.200000000000045,79806.0,0.03983050847457627
2233,L49412,L,299.5,308.6,1672.0,30.5,177.0,0,0,9.100000000000023,50996.0,0.018230723251643755
2234,L49413,L,299.5,308.7,2549.0,13.0,179.0,1,0,9.199999999999989,33137.0,0.005098039215686275
2235,L49414,L,299.4,308.6,1492.0,40.5,181.0,0,0,9.200000000000045,60426.0,0.02712659075686537
2236,M17095,M,299.4,308.6,1455.0,42.7,183.0,0,0,9.200000000000045,62128.50000000001,0.02932692307692308
2237,M17096,M,299.3,308.5,1422.0,43.1,186.0,0,0,9.199999999999989,61288.200000000004,0.03028812368236121
2238,L49417,L,299.3,308.6,1403.0,50.6,189.0,0,0,9.300000000000011,70991.8,0.03603988603988604
2239,L49418,L,299.3,308.6,1474.0,49.6,191.0,0,0,9.300000000000011,73110.40000000001,0.0336271186440678
2240,L49419,L,299.2,308.6,1381.0,50.0,193.0,0,0,9.400000000000034,69050.0,0.0361794500723589
2241,L49420,L,299.2,308.5,1457.0,44.7,195.0,0,0,9.300000000000011,65127.9,0.030658436213991773
2242,L49421,L,299.2,308.4,1711.0,28.9,197.0,0,0,9.199999999999989,49447.899999999994,0.016880841121495325
2243,L49422,L,299.2,308.4,1667.0,29.0,199.0,0,0,9.199999999999989,48343.0,0.01738609112709832
2244,L49423,L,299.2,308.4,1465.0,35.0,201.0,0,0,9.199999999999989,51275.0,0.023874488403819918
2245,M17104,M,299.3,308.4,1542.0,37.5,203.0,1,1,9.099999999999966,57825.0,0.024303305249513935
2246,M17105,M,299.3,308.4,1438.0,42.3,0.0,0,0,9.099999999999966,60827.399999999994,0.02939541348158443
2247,L49426,L,299.3,308.4,1406.0,47.4,3.0,0,0,9.099999999999966,66644.4,0.03368869936034115
2248,M17107,M,299.2,308.4,1396.0,48.5,5.0,0,0,9.199999999999989,67706.0,0.03471725125268432
2249,M17108,M,299.3,308.5,1304.0,60.6,8.0,0,0,9.199999999999989,79022.40000000001,0.046436781609195406
2250,L49429,L,299.2,308.5,1442.0,46.5,11.0,0,0,9.300000000000011,67053.0,0.032224532224532226
2251,M17110,M,299.2,308.4,1396.0,48.7,13.0,0,0,9.199999999999989,67985.2,0.03486041517537581
2252,H31665,H,299.1,308.3,1424.0,40.1,16.0,0,0,9.199999999999989,57102.4,0.028140350877192983
2253,H31666,H,299.1,308.3,1451.0,42.8,21.0,0,0,9.199999999999989,62102.799999999996,0.029476584022038566
2254,L49433,L,299.2,308.4,1386.0,54.1,26.0,0,0,9.199999999999989,74982.6,0.03900504686373468
2255,L49434,L,299.1,308.3,1325.0,46.9,28.0,0,0,9.199999999999989,62142.5,0.03536953242835596
2256,L49435,L,299.1,308.3,1559.0,33.7,30.0,0,0,9.199999999999989,52538.3,0.021602564102564104
2257,L49436,L,299.1,308.3,1489.0,38.1,32.0,0,0,9.199999999999989,56730.9,0.02557046979865772
2258,L49437,L,299.1,308.3,1892.0,25.2,34.0,0,0,9.199999999999989,47678.4,0.013312202852614896
2259,L49438,L,299.1,308.2,1319.0,60.3,36.0,0,0,9.099999999999966,79535.7,0.04568181818181818
2260,L49439,L,299.1,308.3,1431.0,52.3,38.0,0,0,9.199999999999989,74841.3,0.03652234636871508
2261,H31674,H,299.1,308.3,1521.0,36.5,40.0,0,0,9.199999999999989,55516.5,0.023981603153745073
2262,M17121,M,299.1,308.2,1435.0,45.2,45.0,0,0,9.099999999999966,64862.00000000001,0.03147632311977716
2263,L49442,L,299.1,308.3,1533.0,42.4,48.0,0,0,9.199999999999989,64999.2,0.027640156453715776
2264,M17123,M,299.2,308.4,1529.0,43.0,50.0,0,0,9.199999999999989,65747.0,0.028104575163398694
2265,M17124,M,299.2,308.4,1415.0,43.5,53.0,0,0,9.199999999999989,61552.5,0.03072033898305085
2266,M17125,M,299.2,308.4,1330.0,51.2,56.0,0,0,9.199999999999989,68096.0,0.038467317806160785
2267,L49446,L,299.2,308.5,1381.0,60.6,59.0,0,0,9.300000000000011,83688.6,0.04384949348769899
2268,L49447,L,299.2,308.5,1370.0,52.4,61.0,0,0,9.300000000000011,71788.0,0.03822027716994894
2269,L49448,L,299.2,308.5,1438.0,46.6,63.0,0,0,9.300000000000011,67010.8,0.032383599722029185
2270,L49449,L,299.3,308.6,1314.0,48.2,65.0,0,0,9.300000000000011,63334.8,0.03665399239543726
2271,L49450,L,299.3,308.6,1437.0,48.1,67.0,0,0,9.300000000000011,69119.7,0.03344923504867872
2272,L49451,L,299.2,308.5,1821.0,26.1,69.0,0,0,9.300000000000011,47528.100000000006,0.014324917672886938
2273,M17132,M,299.3,308.6,1448.0,52.1,71.0,0,0,9.300000000000011,75440.8,0.03595583160800552
2274,L49453,L,300.1,308.5,1589.0,32.7,74.0,0,0,8.399999999999977,51960.3,0.020566037735849058
2275,L49454,L,299.3,308.6,1520.0,33.7,76.0,0,0,9.300000000000011,51224.00000000001,0.02215647600262985
2276,L49455,L,299.3,308.6,1605.0,37.0,78.0,0,0,9.300000000000011,59385.0,0.02303860523038605
2277,L49456,L,299.3,308.7,1393.0,54.2,80.0,0,0,9.399999999999977,75500.6,0.038880918220946914
2278,H31691,H,299.3,308.7,1408.0,44.4,82.0,0,0,9.399999999999977,62515.2,0.031511710432931155
2279,M17138,M,299.3,308.7,1459.0,35.6,87.0,0,0,9.399999999999977,51940.4,0.02438356164383562
2280,L49459,L,299.4,308.7,1525.0,39.0,90.0,0,0,9.300000000000011,59475.0,0.025557011795543906
2281,L49460,L,299.4,308.8,1390.0,57.0,92.0,0,0,9.400000000000034,79230.0,0.040977713874910136
2282,L49461,L,299.3,308.7,1536.0,38.9,94.0,0,0,9.399999999999977,59750.399999999994,0.02530904359141184
2283,L49462,L,299.4,308.7,1459.0,47.6,96.0,0,0,9.300000000000011,69448.40000000001,0.0326027397260274
2284,L49463,L,299.2,308.5,1387.0,51.1,98.0,0,0,9.300000000000011,70875.7,0.03681556195965418
2285,L49464,L,299.2,308.5,1378.0,53.4,100.0,0,0,9.300000000000011,73585.2,0.03872371283538796
2286,L49465,L,299.4,308.7,1381.0,56.7,102.0,0,0,9.300000000000011,78302.7,0.041027496382054995
2287,M17146,M,299.4,308.7,1289.0,60.5,104.0,0,0,9.300000000000011,77984.5,0.04689922480620155
2288,L49467,L,299.4,308.6,1746.0,26.8,107.0,0,0,9.200000000000045,46792.8,0.015340583858042359
2289,M17148,M,299.4,308.6,1541.0,39.1,109.0,0,0,9.200000000000045,60253.100000000006,0.02535667963683528
2290,L49469,L,299.4,308.7,1504.0,37.8,112.0,0,0,9.300000000000011,56851.2,0.02511627906976744
2291,M17150,M,299.5,308.7,1321.0,51.9,114.0,0,0,9.199999999999989,68559.9,0.03925869894099849
2292,M17151,H,299.5,308.8,1886.0,20.9,117.0,0,0,9.300000000000011,39417.399999999994,0.011075781664016958
2293,L49472,L,299.6,308.9,1422.0,53.2,120.0,0,0,9.299999999999955,75650.40000000001,0.03738580463808855
2294,L49473,L,299.5,308.9,1520.0,38.3,122.0,0,0,9.399999999999977,58215.99999999999,0.025180802103879026
2295,L49474,L,299.4,308.8,1627.0,32.6,124.0,0,0,9.400000000000034,53040.200000000004,0.020024570024570025
2296,L49475,L,299.4,308.7,1512.0,37.2,126.0,0,0,9.300000000000011,56246.4,0.024586913417052218
2297,L49476,L,299.4,308.7,1553.0,42.7,128.0,0,0,9.300000000000011,66313.1,0.027477477477477478
2298,L49477,L,299.3,308.7,1802.0,26.0,130.0,0,0,9.399999999999977,46852.0,0.014420410427066
2299,L49478,L,299.3,308.6,1482.0,37.6,132.0,0,0,9.300000000000011,55723.200000000004,0.025354012137559005
2300,L49479,L,299.4,308.7,1446.0,62.9,134.0,1,0,9.300000000000011,90953.4,0.043469246717346234
2301,L49480,L,299.3,308.6,1371.0,50.5,136.0,0,0,9.300000000000011,69235.5,0.036807580174927114
2302,M17161,L,299.2,308.6,1586.0,35.7,138.0,0,0,9.400000000000034,56620.200000000004,0.022495274102079396
2303,L49482,L,299.2,308.5,1515.0,39.8,141.0,0,0,9.300000000000011,60296.99999999999,0.0262532981530343
2304,L49483,L,299.2,308.5,1374.0,53.6,143.0,0,0,9.300000000000011,73646.40000000001,0.03898181818181818
2305,L49484,L,299.1,308.5,1455.0,39.8,145.0,0,0,9.399999999999977,57908.99999999999,0.02733516483516483
2306,H31719,H,299.2,308.5,1342.0,47.5,147.0,0,0,9.300000000000011,63745.0,0.03536857781087118
2307,L49486,L,299.1,308.6,1260.0,57.8,152.0,0,0,9.5,72828.0,0.045836637589214906
2308,H31721,H,299.0,308.5,1623.0,33.5,154.0,0,0,9.5,54370.5,0.02062807881773399
2309,L49488,L,299.1,308.5,1371.0,55.5,159.0,0,0,9.399999999999977,76090.5,0.04045189504373178
2310,L49489,L,299.1,308.6,1611.0,31.4,161.0,0,0,9.5,50585.399999999994,0.01947890818858561
2311,M17170,M,299.0,308.4,1535.0,47.5,163.0,0,0,9.399999999999977,72912.5,0.030924479166666668
2312,M17171,M,299.1,308.6,1491.0,38.5,166.0,0,0,9.5,57403.5,0.025804289544235925
2313,M17172,M,299.1,308.6,1441.0,36.2,169.0,0,0,9.5,52164.200000000004,0.025104022191400833
2314,M17173,M,299.1,308.8,1725.0,26.6,172.0,0,0,9.699999999999989,45885.0,0.015411355735805331
2315,L49494,L,299.2,308.9,1368.0,47.2,175.0,0,0,9.699999999999989,64569.600000000006,0.03447772096420745
2316,L49495,L,299.2,308.9,1526.0,37.9,177.0,0,0,9.699999999999989,57835.4,0.02481990831696136
2317,L49496,L,299.2,308.8,1542.0,39.2,179.0,0,0,9.600000000000023,60446.4,0.025405055087491902
2318,L49497,L,299.2,308.8,1605.0,31.1,181.0,0,0,9.600000000000023,49915.5,0.01936488169364882
2319,L49498,L,299.2,308.8,1405.0,51.4,183.0,0,0,9.600000000000023,72217.0,0.03655761024182077
2320,M17179,M,299.2,308.8,1700.0,33.5,185.0,0,0,9.600000000000023,56950.0,0.01969429747207525
2321,H31734,H,299.2,308.8,1440.0,39.1,188.0,0,0,9.600000000000023,56304.0,0.027133934767522554
2322,M17181,M,299.2,308.8,1314.0,52.5,193.0,0,0,9.600000000000023,68985.0,0.039923954372623575
2323,L49502,L,299.2,308.7,1514.0,41.9,196.0,0,0,9.5,63436.6,0.027656765676567656
2324,M17183,M,299.2,308.7,1401.0,47.0,198.0,0,0,9.5,65847.0,0.033523537803138374
2325,L49504,L,299.3,308.8,1636.0,29.9,201.0,0,0,9.5,48916.399999999994,0.018265119120342087
2326,L49505,L,299.3,308.8,1603.0,33.9,203.0,0,0,9.5,54341.7,0.021134663341645883
2327,M17186,M,299.4,308.7,1487.0,52.6,205.0,0,0,9.300000000000011,78216.2,0.035349462365591396
2328,M17187,M,299.3,308.7,1420.0,50.3,208.0,0,0,9.399999999999977,71426.0,0.03539760731878958
2329,L49508,L,299.3,308.7,1579.0,36.3,211.0,0,0,9.399999999999977,57317.7,0.022974683544303796
2330,L49509,L,299.3,308.7,1484.0,40.5,213.0,0,0,9.399999999999977,60102.0,0.02727272727272727
2331,M17190,M,299.3,308.7,1390.0,49.3,215.0,0,0,9.399999999999977,68527.0,0.03544212796549245
2332,L49511,L,299.3,310.1,1384.0,53.6,218.0,1,0,10.800000000000011,74182.40000000001,0.038700361010830325
2333,L49512,L,299.2,308.5,1378.0,50.4,220.0,1,0,9.300000000000011,69451.2,0.0365482233502538
2334,L49513,L,299.2,308.5,1445.0,45.2,222.0,0,0,9.300000000000011,65314.00000000001,0.031258644536652835
2335,L49514,L,299.2,308.4,1445.0,43.5,224.0,0,0,9.199999999999989,62857.5,0.03008298755186722
2336,L49515,L,299.2,308.4,1509.0,39.4,0.0,0,0,9.199999999999989,59454.6,0.026092715231788077
2337,L49516,L,299.2,308.4,1434.0,46.8,2.0,0,0,9.199999999999989,67111.2,0.032613240418118465
2338,L49517,L,299.2,308.4,1877.0,23.9,4.0,0,0,9.199999999999989,44860.299999999996,0.012726304579339723
2339,L49518,L,299.3,308.3,1651.0,28.0,6.0,0,0,9.0,46228.0,0.01694915254237288
2340,L49519,L,299.2,308.2,1466.0,41.3,8.0,0,0,9.0,60545.799999999996,0.02815269256987048
2341,L49520,L,299.1,308.1,1479.0,40.7,10.0,0,0,9.0,60195.3,0.027500000000000004
2342,L49521,L,299.1,308.2,1409.0,46.4,12.0,0,0,9.099999999999966,65377.6,0.032907801418439714
2343,M17202,M,299.2,308.2,1674.0,28.2,14.0,0,0,9.0,47206.799999999996,0.016835820895522387
2344,L49523,L,299.1,308.3,1305.0,61.4,17.0,0,0,9.199999999999989,80127.0,0.047013782542113323
2345,M17204,M,299.2,308.3,1755.0,26.4,19.0,0,0,9.100000000000023,46332.0,0.015034168564920273
2346,L49525,L,299.2,308.4,1475.0,38.7,22.0,0,0,9.199999999999989,57082.50000000001,0.026219512195121954
2347,L49526,L,299.2,308.4,1402.0,47.7,24.0,0,0,9.199999999999989,66875.40000000001,0.03399857448325018
2348,L49527,L,299.2,308.3,1410.0,43.0,26.0,0,0,9.100000000000023,60630.0,0.03047484053862509
2349,L49528,L,299.2,308.4,1436.0,41.8,28.0,0,0,9.199999999999989,60024.799999999996,0.029088378566457896
2350,M17209,M,299.3,308.5,1386.0,42.2,30.0,0,0,9.199999999999989,58489.200000000004,0.030425378514780103
2351,L49530,L,299.3,308.6,1744.0,26.4,33.0,0,0,9.300000000000011,46041.6,0.015128939828080229
2352,L49531,L,299.2,308.4,1393.0,48.4,35.0,0,0,9.199999999999989,67421.2,0.03472022955523673
2353,M17212,M,299.3,308.5,1422.0,45.4,37.0,0,0,9.199999999999989,64558.799999999996,0.03190442726633872
2354,L49533,L,299.2,308.4,1841.0,22.8,40.0,0,0,9.199999999999989,41974.8,0.01237785016286645
2355,L49534,L,299.3,308.6,1433.0,37.7,42.0,0,0,9.300000000000011,54024.100000000006,0.026290097629009766
2356,M17215,M,299.3,308.5,1305.0,60.6,44.0,0,0,9.199999999999989,79083.0,0.04640122511485452
2357,H31770,H,299.3,308.6,1498.0,39.5,47.0,0,0,9.300000000000011,59171.0,0.026350900600400268
2358,L49537,L,299.3,308.5,1772.0,26.1,52.0,0,0,9.199999999999989,46249.200000000004,0.014720812182741117
2359,M17218,M,299.2,308.4,1381.0,42.5,54.0,0,0,9.199999999999989,58692.5,0.030752532561505064
2360,L49539,L,299.3,308.5,1413.0,38.5,57.0,0,0,9.199999999999989,54400.5,0.027227722772277228
2361,H31774,H,299.2,308.4,1388.0,53.2,59.0,0,0,9.199999999999989,73841.6,0.03830093592512599
2362,M17221,M,299.2,308.6,1631.0,35.4,64.0,0,0,9.400000000000034,57737.399999999994,0.021691176470588235
2363,H31776,H,299.3,308.6,1520.0,41.4,67.0,0,0,9.300000000000011,62928.0,0.027218934911242602
2364,L49543,L,299.3,308.5,1510.0,45.4,72.0,0,0,9.199999999999989,68554.0,0.030046326935804103
2365,L49544,L,299.2,308.5,1366.0,49.7,74.0,0,0,9.300000000000011,67890.2,0.03635698610095099
2366,L49545,L,299.4,308.5,1845.0,22.9,76.0,0,0,9.100000000000023,42250.5,0.012405200433369446
2367,L49546,L,299.3,308.5,1485.0,44.7,78.0,0,0,9.199999999999989,66379.5,0.030080753701211306
2368,M17227,M,299.3,308.5,1496.0,39.4,80.0,0,0,9.199999999999989,58942.4,0.02631930527722111
2369,M17228,M,299.3,308.4,1468.0,42.2,83.0,0,0,9.099999999999966,61949.600000000006,0.02872702518720218
2370,M17229,M,299.2,308.4,1856.0,22.7,86.0,0,0,9.199999999999989,42131.2,0.012224017232094776
2371,L49550,L,299.2,308.4,1620.0,34.1,89.0,0,0,9.199999999999989,55242.0,0.021036397285626156
2372,L49551,L,299.3,308.5,1409.0,44.8,91.0,0,0,9.199999999999989,63123.2,0.03177304964539007
2373,M17232,M,299.3,308.5,1404.0,49.4,93.0,0,0,9.199999999999989,69357.59999999999,0.03516014234875445
2374,L49553,L,299.2,308.4,1350.0,51.3,96.0,0,0,9.199999999999989,69255.0,0.03797187268689859
2375,M17234,M,299.2,308.4,1538.0,38.0,98.0,0,0,9.199999999999989,58444.0,0.024691358024691357
2376,M17235,M,299.2,308.4,1476.0,32.7,101.0,0,0,9.199999999999989,48265.200000000004,0.02213947190250508
2377,M17236,M,299.2,308.3,1364.0,51.8,104.0,0,0,9.100000000000023,70655.2,0.037948717948717944
2378,M17237,M,299.2,308.3,1582.0,45.5,107.0,0,0,9.100000000000023,71981.0,0.02874289324068225
2379,L49558,L,299.1,308.2,1348.0,56.1,110.0,0,0,9.099999999999966,75622.8,0.041586360266864346
2380,H31793,H,299.1,308.2,1450.0,46.1,112.0,0,0,9.099999999999966,66845.0,0.03177119228118539
2381,L49560,L,299.0,308.1,1242.0,60.9,117.0,0,0,9.100000000000023,75637.8,0.04899436846339501
2382,L49561,L,299.1,308.2,1493.0,34.9,119.0,0,0,9.099999999999966,52105.7,0.023360107095046854
2383,L49562,L,299.1,308.3,1601.0,31.4,121.0,0,0,9.199999999999989,50271.399999999994,0.019600499375780275
2384,L49563,L,299.1,308.2,1568.0,33.3,123.0,0,0,9.099999999999966,52214.399999999994,0.021223709369024856
2385,M17244,M,299.1,308.3,1506.0,38.0,125.0,0,0,9.199999999999989,57228.0,0.025215660252156602
2386,L49565,L,299.1,308.3,1524.0,34.1,128.0,0,0,9.199999999999989,51968.4,0.022360655737704918
2387,L49566,L,299.1,308.4,1543.0,37.9,130.0,0,0,9.299999999999955,58479.7,0.02454663212435233
2388,M17247,M,299.2,308.5,1474.0,47.2,132.0,0,0,9.300000000000011,69572.8,0.032
2389,M17248,M,299.2,308.5,1526.0,37.3,135.0,0,0,9.300000000000011,56919.799999999996,0.024426981008513423
2390,L49569,L,299.2,308.5,1867.0,27.0,138.0,0,0,9.300000000000011,50409.0,0.014453961456102784
2391,L49570,L,299.2,308.5,1487.0,41.2,108.0,0,0,9.300000000000011,61264.4,0.027688172043010755
2392,L49571,L,299.2,308.4,1580.0,32.6,142.0,0,0,9.199999999999989,51508.0,0.020619860847564835
2393,L49572,L,299.2,308.5,1340.0,50.0,144.0,0,0,9.300000000000011,67000.0,0.037285607755406416
2394,L49573,L,299.2,308.5,1544.0,41.6,146.0,0,0,9.300000000000011,64230.4,0.026925566343042072
2395,L49574,L,299.2,308.5,1488.0,40.3,148.0,0,0,9.300000000000011,59966.399999999994,0.027065144392209535
2396,M17255,M,299.2,308.5,1742.0,28.9,150.0,0,0,9.300000000000011,50343.799999999996,0.016580608146873205
2397,M17256,M,299.1,308.5,1592.0,34.2,153.0,0,0,9.399999999999977,54446.4,0.02146892655367232
2398,L49577,L,299.2,308.6,1582.0,38.8,156.0,0,0,9.400000000000034,61381.6,0.024510423246999365
2399,L49578,L,299.2,308.5,1490.0,43.2,158.0,0,0,9.300000000000011,64368.00000000001,0.0289738430583501
2400,M17259,M,299.2,308.5,1594.0,35.8,160.0,0,0,9.300000000000011,57065.2,0.022445141065830718
2401,H31814,H,299.2,308.6,1462.0,55.0,163.0,0,0,9.400000000000034,80410.0,0.03759398496240601
2402,M17261,M,299.2,308.6,1367.0,47.6,168.0,0,0,9.400000000000034,65069.200000000004,0.0347953216374269
2403,L49582,L,299.2,308.7,1325.0,51.0,171.0,0,0,9.5,67575.0,0.038461538461538464
2404,H31817,H,299.2,308.7,1448.0,51.4,173.0,0,0,9.5,74427.2,0.0354727398205659
2405,M17264,M,299.1,308.7,2008.0,20.3,178.0,0,0,9.599999999999966,40762.4,0.010104529616724738
2406,L49585,L,299.1,308.7,1498.0,38.9,181.0,0,0,9.599999999999966,58272.2,0.025950633755837223
2407,L49586,L,299.1,308.6,1437.0,41.6,183.0,0,0,9.5,59779.200000000004,0.028929068150208626
2408,M17267,M,299.1,308.6,1499.0,45.1,185.0,0,0,9.5,67604.90000000001,0.03006666666666667
2409,L49588,L,299.0,308.4,1356.0,52.6,188.0,0,0,9.399999999999977,71325.6,0.03876197494473103
2410,L49589,L,299.1,308.5,1539.0,46.8,190.0,0,0,9.399999999999977,72025.2,0.030389610389610387
2411,L49590,L,299.1,308.5,1689.0,32.1,192.0,0,0,9.399999999999977,54216.9,0.018994082840236688
2412,L49591,L,299.0,308.5,1559.0,38.1,194.0,0,0,9.5,59397.9,0.024423076923076922
2413,L49592,L,299.1,308.6,1408.0,46.7,196.0,0,0,9.5,65753.6,0.03314407381121363
2414,L49593,L,299.0,308.5,1886.0,23.0,198.0,0,0,9.5,43378.0,0.012188659247482777
2415,L49594,L,299.1,308.5,1415.0,43.4,0.0,0,0,9.399999999999977,61411.0,0.03064971751412429
2416,M17275,H,299.1,308.5,1587.0,35.6,2.0,0,0,9.399999999999977,56497.200000000004,0.022418136020151136
2417,L49596,L,299.0,308.4,1571.0,38.6,5.0,0,0,9.399999999999977,60640.600000000006,0.02455470737913486
2418,L49597,L,298.9,308.3,1576.0,36.6,7.0,0,0,9.400000000000034,57681.600000000006,0.023208623969562463
2419,L49598,L,298.9,308.3,1660.0,34.4,9.0,0,0,9.400000000000034,57104.0,0.020710415412402167
2420,M17279,M,298.9,308.2,1328.0,49.2,11.0,0,0,9.300000000000011,65337.600000000006,0.03702031602708804
2421,H31834,H,298.8,308.2,1450.0,44.7,14.0,0,0,9.399999999999977,64815.00000000001,0.03080634045485872
2422,L49601,L,298.9,308.2,2384.0,15.0,19.0,0,0,9.300000000000011,35760.0,0.006289308176100629
2423,L49602,L,298.8,308.2,1443.0,53.4,21.0,0,0,9.399999999999977,77056.2,0.036980609418282545
2424,M17283,M,298.9,308.2,2022.0,20.0,23.0,0,0,9.300000000000011,40440.0,0.009886307464162136
2425,L49604,L,298.9,308.2,1828.0,23.8,26.0,0,0,9.300000000000011,43506.4,0.013012575177692729
2426,L49605,L,298.8,308.1,1472.0,53.5,28.0,0,0,9.300000000000011,78752.0,0.0363204344874406
2427,M17286,M,298.9,308.2,1372.0,63.6,30.0,1,0,9.300000000000011,87259.2,0.04632192279679534
2428,L49607,L,298.9,308.3,1855.0,23.8,33.0,0,0,9.400000000000034,44149.0,0.012823275862068965
2429,M17288,M,299.0,308.3,1377.0,47.2,35.0,0,0,9.300000000000011,64994.4,0.034252539912917275
2430,L49609,L,298.9,308.3,1432.0,48.9,38.0,0,0,9.400000000000034,70024.8,0.03412421493370551
2431,M17290,M,298.9,308.2,1335.0,47.8,40.0,0,0,9.300000000000011,63812.99999999999,0.03577844311377245
2432,M17291,M,298.9,308.2,1411.0,51.3,43.0,0,0,9.300000000000011,72384.3,0.0363314447592068
2433,L49612,L,298.9,308.2,1510.0,43.5,46.0,0,0,9.300000000000011,65685.0,0.028788881535407016
2434,L49613,L,299.0,308.3,1441.0,44.0,48.0,0,0,9.300000000000011,63404.0,0.030513176144244106
2435,M17294,M,299.0,308.2,1358.0,42.7,50.0,0,0,9.199999999999989,57986.600000000006,0.03142016188373804
2436,L49615,L,298.9,308.2,1686.0,30.4,53.0,0,0,9.300000000000011,51254.399999999994,0.01802015411973918
2437,H31850,H,299.0,308.2,1662.0,30.4,55.0,0,0,9.199999999999989,50524.799999999996,0.018280216476247745
2438,L49617,L,299.1,308.3,1426.0,40.1,60.0,0,0,9.199999999999989,57182.6,0.028100911002102314
2439,M17298,M,299.1,308.4,1330.0,53.6,62.0,0,0,9.299999999999955,71288.0,0.04027047332832457
2440,L49619,L,299.1,308.4,1693.0,31.6,65.0,0,0,9.299999999999955,53498.8,0.018654073199527745
2441,L49620,L,299.1,308.4,1426.0,47.9,67.0,0,0,9.299999999999955,68305.4,0.03356692361597757
2442,L49621,L,299.1,308.5,1676.0,31.0,69.0,0,0,9.399999999999977,51956.0,0.018485390578413835
2443,M17302,M,299.1,308.4,1332.0,51.7,71.0,0,0,9.299999999999955,68864.40000000001,0.038784696174043516
2444,L49623,L,299.1,310.1,1647.0,35.0,74.0,0,0,11.0,57645.0,0.021237864077669904
2445,L49624,L,299.2,308.6,1267.0,68.2,76.0,1,0,9.400000000000034,86409.40000000001,0.05378548895899054
2446,H31859,H,299.2,308.7,1375.0,55.1,78.0,0,0,9.5,75762.5,0.040043604651162794
2447,L49626,L,299.3,308.6,1422.0,48.9,83.0,0,0,9.300000000000011,69535.8,0.034364019676739285
2448,L49627,L,299.3,308.7,1408.0,48.7,85.0,0,0,9.399999999999977,68569.6,0.03456352022711143
2449,L49628,L,299.4,308.9,1440.0,42.5,87.0,0,0,9.5,61200.0,0.029493407356002775
2450,L49629,L,299.3,308.8,1772.0,25.2,89.0,0,0,9.5,44654.4,0.014213197969543147
2451,L49630,L,299.2,308.7,1492.0,37.8,91.0,0,0,9.5,56397.6,0.025318151373074346
2452,L49631,L,299.2,308.7,1650.0,30.5,93.0,0,0,9.5,50325.0,0.018473652331920047
2453,M17312,M,299.1,308.6,2329.0,14.6,95.0,0,0,9.5,34003.4,0.006266094420600858
2454,L49633,L,299.0,308.6,1648.0,30.8,98.0,0,0,9.600000000000023,50758.4,0.018677986658580958
2455,L49634,L,299.0,308.6,1653.0,31.7,100.0,0,0,9.600000000000023,52400.1,0.019165659008464328
2456,L49635,L,299.0,308.6,1946.0,22.3,102.0,0,0,9.600000000000023,43395.8,0.011453518233179251
2457,L49636,L,299.1,308.6,1555.0,36.6,104.0,0,0,9.5,56913.0,0.02352185089974293
2458,L49637,L,299.0,308.6,1661.0,32.2,106.0,0,0,9.600000000000023,53484.200000000004,0.01937424789410349
2459,L49638,L,299.0,308.6,1434.0,45.9,108.0,0,0,9.600000000000023,65820.59999999999,0.031986062717770034
2460,L49639,L,299.0,308.6,1297.0,54.2,110.0,0,0,9.600000000000023,70297.40000000001,0.04175654853620955
2461,L49640,L,299.0,308.6,1466.0,46.4,112.0,0,0,9.600000000000023,68022.4,0.03162917518745739
2462,M17321,M,298.9,308.6,1517.0,39.8,114.0,0,0,9.700000000000045,60376.6,0.02621870882740448
2463,L49642,L,298.9,308.5,1742.0,34.5,117.0,0,0,9.600000000000023,60099.0,0.019793459552495698
2464,L49643,L,298.9,308.5,1580.0,39.1,119.0,0,0,9.600000000000023,61778.0,0.024731182795698924
2465,M17324,M,298.9,308.5,1534.0,42.9,121.0,0,0,9.600000000000023,65808.59999999999,0.02794788273615635
2466,L49645,L,298.9,308.6,1481.0,40.7,124.0,0,0,9.700000000000045,60276.700000000004,0.02746288798920378
2467,L49646,L,299.0,308.6,1429.0,37.7,126.0,0,0,9.600000000000023,53873.3,0.026363636363636367
2468,M17327,M,298.9,308.6,1574.0,33.5,128.0,0,0,9.700000000000045,52729.0,0.02126984126984127
2469,M17328,M,298.9,308.6,1524.0,40.4,131.0,0,0,9.700000000000045,61569.6,0.026491803278688525
2470,L49649,L,299.0,308.7,1507.0,37.5,134.0,0,0,9.699999999999989,56512.5,0.02486737400530504
2471,L49650,L,298.9,308.5,1467.0,44.7,136.0,0,0,9.600000000000023,65574.90000000001,0.030449591280653953
2472,L49651,L,298.9,308.4,1301.0,51.1,138.0,0,0,9.5,66481.1,0.03924731182795699
2473,L49652,L,298.9,308.5,1429.0,55.1,140.0,0,0,9.600000000000023,78737.90000000001,0.038531468531468535
2474,M17333,M,298.9,308.5,1555.0,37.6,142.0,0,0,9.600000000000023,58468.0,0.024164524421593832
2475,L49654,L,298.9,308.5,1503.0,40.6,145.0,0,0,9.600000000000023,61021.8,0.02699468085106383
2476,L49655,L,298.9,308.5,1459.0,43.1,147.0,0,0,9.600000000000023,62882.9,0.02952054794520548
2477,H31890,H,298.9,308.4,1449.0,42.4,149.0,0,0,9.5,61437.6,0.029241379310344828
2478,L49657,L,298.9,308.5,1387.0,57.3,154.0,0,0,9.600000000000023,79475.09999999999,0.041282420749279534
2479,M17338,M,298.9,308.5,1456.0,50.0,156.0,0,0,9.600000000000023,72800.0,0.03431708991077557
2480,L49659,L,299.0,308.5,1604.0,34.7,159.0,0,0,9.5,55658.8,0.02161993769470405
2481,L49660,L,299.0,308.6,1734.0,32.4,161.0,0,0,9.600000000000023,56181.6,0.018674351585014407
2482,L49661,L,299.0,308.6,1378.0,47.8,163.0,0,0,9.600000000000023,65868.4,0.0346627991298042
2483,L49662,L,298.9,308.7,1504.0,41.8,165.0,0,0,9.800000000000011,62867.2,0.02777408637873754
2484,M17343,M,298.9,308.7,1402.0,49.8,167.0,0,0,9.800000000000011,69819.59999999999,0.035495367070563076
2485,H31898,H,298.8,308.6,1524.0,37.7,170.0,0,0,9.800000000000011,57454.8,0.02472131147540984
2486,L49665,L,298.8,308.6,1593.0,35.5,175.0,0,0,9.800000000000011,56551.5,0.022271016311166875
2487,M17346,M,298.9,308.7,1772.0,28.4,177.0,0,0,9.800000000000011,50324.799999999996,0.016018048505358148
2488,H31901,H,298.9,308.6,1623.0,31.0,180.0,0,0,9.700000000000045,50313.0,0.019088669950738917
2489,L49668,L,298.9,308.7,1356.0,50.7,185.0,0,0,9.800000000000011,68749.2,0.037361827560795875
2490,H31903,H,298.9,308.7,1500.0,41.6,187.0,0,0,9.800000000000011,62400.0,0.02771485676215856
2491,H31904,H,299.1,308.8,1566.0,46.6,192.0,0,0,9.699999999999989,72975.6,0.029738353541799618
2492,L49671,L,299.1,308.9,1445.0,43.4,197.0,0,0,9.799999999999955,62713.0,0.030013831258644534
2493,H31906,H,299.0,308.8,1382.0,58.5,199.0,0,0,9.800000000000011,80847.0,0.04229934924078091
2494,M17353,M,299.0,308.8,1418.0,45.7,204.0,0,0,9.800000000000011,64802.600000000006,0.032205778717406625
2495,L49674,L,299.1,308.8,1329.0,53.6,207.0,1,0,9.699999999999989,71234.40000000001,0.04030075187969925
2496,M17355,M,299.1,308.8,1491.0,41.0,209.0,0,0,9.699999999999989,61131.0,0.027479892761394103
2497,M17356,M,299.2,308.9,1573.0,37.4,212.0,0,0,9.699999999999989,58830.2,0.023761118170266837
2498,M17357,M,299.2,308.9,1521.0,42.3,215.0,0,0,9.699999999999989,64338.299999999996,0.02779237844940867
2499,L49678,L,299.1,308.9,1467.0,47.2,218.0,0,0,9.799999999999955,69242.40000000001,0.032152588555858314
2500,M17359,M,299.1,308.9,1325.0,48.4,220.0,0,0,9.799999999999955,64130.0,0.036500754147812974
2501,L49680,L,299.1,308.9,1617.0,32.3,223.0,0,0,9.799999999999955,52229.1,0.019962917181705807
2502,M17361,M,299.1,308.9,1476.0,42.7,225.0,0,0,9.799999999999955,63025.200000000004,0.028909952606635075
2503,L49682,L,299.2,309.0,1515.0,48.9,228.0,1,0,9.800000000000011,74083.5,0.03225593667546174
2504,L49683,L,299.2,309.0,1408.0,47.2,0.0,0,0,9.800000000000011,66457.6,0.03349893541518808
2505,L49684,L,299.2,309.1,1468.0,45.6,2.0,0,0,9.900000000000034,66940.8,0.031041524846834583
2506,L49685,L,299.2,309.1,1387.0,48.7,4.0,0,0,9.900000000000034,67546.90000000001,0.03508645533141211
2507,M17366,M,299.2,309.1,1503.0,34.7,6.0,0,0,9.900000000000034,52154.100000000006,0.023071808510638298
2508,H31921,H,299.2,309.1,1410.0,47.1,9.0,0,0,9.900000000000034,66411.0,0.0333805811481219
2509,L49688,L,299.0,308.9,1615.0,30.6,14.0,0,0,9.899999999999977,49419.0,0.018935643564356435
2510,L49689,L,299.0,308.9,1511.0,35.9,16.0,0,0,9.899999999999977,54244.9,0.023743386243386243
2511,L49690,L,299.1,309.0,1405.0,53.8,18.0,0,0,9.899999999999977,75589.0,0.03826458036984352
2512,M17371,M,299.0,308.9,1526.0,41.1,20.0,0,0,9.899999999999977,62718.6,0.026915520628683694
2513,L49692,L,298.9,308.8,1530.0,38.3,23.0,0,0,9.900000000000034,58598.99999999999,0.025016329196603525
2514,L49693,L,299.0,308.7,1583.0,32.5,25.0,0,0,9.699999999999989,51447.5,0.020517676767676768
2515,L49694,L,298.9,308.6,2069.0,18.7,27.0,0,0,9.700000000000045,38690.299999999996,0.009033816425120772
2516,L49695,L,298.8,308.5,1490.0,35.0,29.0,0,0,9.699999999999989,52150.0,0.023474178403755867
2517,L49696,L,298.8,308.5,1736.0,29.0,31.0,0,0,9.699999999999989,50344.0,0.01669545192861255
2518,L49697,L,298.8,308.5,1395.0,44.4,33.0,0,0,9.699999999999989,61938.0,0.03180515759312321
2519,M17378,M,298.9,308.6,1425.0,49.6,35.0,0,0,9.700000000000045,70680.0,0.034782608695652174
2520,L49699,L,298.8,308.6,1631.0,32.4,38.0,0,0,9.800000000000011,52844.399999999994,0.019852941176470587
2521,L49700,L,298.8,308.6,1535.0,41.2,40.0,0,0,9.800000000000011,63242.00000000001,0.02682291666666667
2522,L49701,L,298.8,308.6,1584.0,34.4,42.0,0,0,9.800000000000011,54489.6,0.02170347003154574
2523,M17382,M,298.8,308.7,1543.0,38.2,44.0,0,0,9.899999999999977,58942.600000000006,0.02474093264248705
2524,L49703,L,298.8,308.7,1635.0,35.2,47.0,0,0,9.899999999999977,57552.00000000001,0.021515892420537898
2525,M17384,M,298.8,308.7,1446.0,45.5,49.0,0,0,9.899999999999977,65793.0,0.03144436765722184
2526,M17385,M,298.8,308.6,1598.0,35.1,52.0,0,0,9.800000000000011,56089.8,0.021951219512195124
2527,L49706,L,298.8,308.6,1501.0,35.0,55.0,0,0,9.800000000000011,52535.0,0.02330226364846871
2528,L49707,L,298.8,308.5,1450.0,50.8,57.0,0,0,9.699999999999989,73660.0,0.035010337698139216
2529,L49708,L,298.8,308.6,1730.0,25.9,59.0,0,0,9.800000000000011,44807.0,0.014962449451184285
2530,M17389,M,298.8,308.6,1571.0,33.7,61.0,0,0,9.800000000000011,52942.700000000004,0.02143765903307888
2531,L49710,H,298.9,308.7,1438.0,51.7,64.0,0,0,9.800000000000011,74344.6,0.0359277275886032
2532,M17391,M,298.8,308.5,1510.0,38.7,66.0,0,0,9.699999999999989,58437.00000000001,0.025612177365982796
2533,L49712,L,298.9,308.7,1389.0,44.9,69.0,0,0,9.800000000000011,62366.1,0.032302158273381294
2534,L49713,L,298.8,308.7,1490.0,33.6,71.0,0,0,9.899999999999977,50064.0,0.022535211267605635
2535,L49714,L,298.9,308.7,1729.0,26.6,73.0,0,0,9.800000000000011,45991.4,0.015375722543352602
2536,L49715,L,299.0,308.8,1495.0,38.4,75.0,0,0,9.800000000000011,57408.0,0.025668449197860963
2537,L49716,L,298.9,308.8,1281.0,53.9,77.0,0,0,9.900000000000034,69045.9,0.04204368174726989
2538,H31951,H,298.9,308.7,1353.0,48.1,79.0,0,0,9.800000000000011,65079.3,0.03552437223042836
2539,L49718,L,299.1,308.8,1429.0,50.1,84.0,0,0,9.699999999999989,71592.90000000001,0.03503496503496504
2540,L49719,L,299.1,308.8,1413.0,42.1,86.0,0,0,9.699999999999989,59487.3,0.029773691654879773
2541,L49720,L,299.1,308.8,1502.0,38.3,88.0,0,0,9.699999999999989,57526.6,0.025482368596141048
2542,H31955,H,299.1,308.8,1553.0,32.6,90.0,0,0,9.699999999999989,50627.8,0.02097812097812098
2543,H31956,H,299.2,308.9,1712.0,26.4,95.0,0,0,9.699999999999989,45196.799999999996,0.01541155866900175
2544,L49723,L,299.3,309.0,1786.0,23.5,100.0,0,0,9.699999999999989,41971.0,0.01315053161723559
2545,L49724,L,299.2,309.0,1951.0,21.4,102.0,0,0,9.800000000000011,41751.399999999994,0.01096311475409836
2546,M17405,M,299.2,310.1,1541.0,36.3,104.0,0,0,10.900000000000034,55938.299999999996,0.023540856031128404
2547,L49726,L,299.2,309.1,1605.0,34.3,107.0,0,0,9.900000000000034,55051.49999999999,0.021357409713574096
2548,L49727,L,299.2,309.1,1578.0,38.1,109.0,0,0,9.900000000000034,60121.8,0.024129195693476886
2549,M17408,M,299.3,309.2,1503.0,37.5,111.0,0,0,9.899999999999977,56362.5,0.024933510638297872
2550,L49729,L,299.4,309.2,1489.0,42.3,114.0,0,0,9.800000000000011,62984.7,0.02838926174496644
2551,L49730,L,299.4,309.3,1366.0,48.4,116.0,0,0,9.900000000000034,66114.4,0.03540599853694221
2552,L49731,L,299.3,309.2,1541.0,37.2,118.0,0,0,9.899999999999977,57325.200000000004,0.024124513618677044
2553,H31966,H,299.3,309.1,1552.0,40.7,120.0,0,0,9.800000000000011,63166.4,0.026207340631036705
2554,L49733,L,299.3,309.1,1473.0,40.3,125.0,0,0,9.800000000000011,59361.899999999994,0.02734056987788331
2555,L49734,L,299.3,309.1,1531.0,37.9,127.0,0,0,9.800000000000011,58024.9,0.024738903394255874
2556,L49735,L,299.3,309.2,1511.0,37.2,129.0,0,0,9.899999999999977,56209.200000000004,0.024603174603174606
2557,M17416,M,299.3,309.1,1449.0,47.9,131.0,0,0,9.800000000000011,69407.09999999999,0.03303448275862069
2558,M17417,M,299.4,309.1,1440.0,50.0,134.0,0,0,9.700000000000045,72000.0,0.03469812630117974
2559,M17418,M,299.2,309.0,1881.0,23.9,137.0,0,0,9.800000000000011,44955.899999999994,0.012699256110520722
2560,L49739,L,299.3,309.0,1447.0,50.4,140.0,0,0,9.699999999999989,72928.8,0.034806629834254144
2561,M17420,M,299.4,309.1,1326.0,62.0,142.0,0,0,9.700000000000045,82212.0,0.04672192916352675
2562,L49741,L,299.4,309.2,1607.0,31.7,145.0,0,0,9.800000000000011,50941.9,0.019713930348258708
2563,L49742,L,299.3,309.1,1551.0,39.1,147.0,0,0,9.800000000000011,60644.100000000006,0.025193298969072166
2564,L49743,L,299.3,309.1,1496.0,37.2,149.0,0,0,9.800000000000011,55651.200000000004,0.0248496993987976
2565,L49744,L,299.3,309.1,1493.0,38.0,151.0,0,0,9.800000000000011,56734.0,0.025435073627844713
2566,L49745,L,299.4,309.1,1304.0,50.5,153.0,0,0,9.700000000000045,65852.0,0.03869731800766284
2567,M17426,M,299.3,309.0,1420.0,41.6,155.0,0,0,9.699999999999989,59072.0,0.02927515833919775
2568,L49747,L,299.4,309.1,1766.0,24.6,158.0,0,0,9.700000000000045,43443.600000000006,0.013921901528013583
2569,L49748,L,299.6,309.2,1450.0,43.1,160.0,0,0,9.599999999999966,62495.0,0.029703652653342523
2570,H31983,H,299.5,309.2,1872.0,22.6,162.0,0,0,9.699999999999989,42307.200000000004,0.012066203950880941
2571,L49750,L,299.6,309.2,1713.0,26.5,167.0,0,0,9.599999999999966,45394.5,0.015460910151691949
2572,M17431,M,299.5,309.2,1497.0,40.9,169.0,0,0,9.699999999999989,61227.299999999996,0.027303070761014684
2573,M17432,M,299.4,309.1,1352.0,44.7,172.0,0,0,9.700000000000045,60434.4,0.033037694013303774
2574,L49753,L,299.5,309.2,1499.0,41.5,175.0,0,0,9.699999999999989,62208.5,0.027666666666666666
2575,L49754,L,299.5,309.3,1972.0,19.3,177.0,0,0,9.800000000000011,38059.6,0.00978205778003041
2576,L49755,L,299.5,309.3,1422.0,49.2,179.0,0,0,9.800000000000011,69962.40000000001,0.034574841883345045
2577,L49756,L,299.5,309.3,1523.0,41.5,181.0,0,0,9.800000000000011,63204.5,0.027230971128608925
2578,L49757,L,299.5,309.4,1563.0,41.5,183.0,0,0,9.899999999999977,64864.5,0.026534526854219948
2579,L49758,L,299.4,309.3,1391.0,46.6,185.0,0,0,9.900000000000034,64820.6,0.033477011494252876
2580,L49759,L,299.3,309.1,1795.0,40.1,187.0,0,0,9.800000000000011,71979.5,0.02232739420935412
2581,L49760,L,299.3,309.1,1293.0,53.7,189.0,0,0,9.800000000000011,69434.1,0.041499227202472955
2582,L49761,L,299.2,309.1,1345.0,60.7,191.0,1,0,9.900000000000034,81641.5,0.04509658246656761
2583,L49762,L,299.2,309.0,1615.0,33.7,193.0,0,0,9.800000000000011,54425.50000000001,0.020853960396039605
2584,L49763,L,299.2,308.9,1342.0,50.8,195.0,0,0,9.699999999999989,68173.59999999999,0.037825763216679076
2585,L49764,L,299.1,308.8,1502.0,46.7,197.0,0,0,9.699999999999989,70143.40000000001,0.031071190951430475
2586,M17445,M,299.0,308.7,1620.0,35.4,199.0,0,0,9.699999999999989,57348.0,0.021838371375694016
2587,L49766,L,299.0,308.7,1537.0,42.8,202.0,0,0,9.699999999999989,65783.59999999999,0.027828348504551365
2588,L49767,L,299.0,308.7,2248.0,16.8,204.0,0,0,9.699999999999989,37766.4,0.007469986660738106
2589,L49768,L,299.0,308.7,1706.0,28.6,206.0,0,0,9.699999999999989,48791.600000000006,0.016754540128881078
2590,L49769,L,299.0,308.7,2250.0,16.6,208.0,0,0,9.699999999999989,37350.0,0.007374500222123501
2591,L49770,L,299.0,308.7,1396.0,48.6,0.0,0,0,9.699999999999989,67845.6,0.03478883321403006
2592,L49771,L,298.9,308.6,1522.0,46.4,2.0,0,0,9.700000000000045,70620.8,0.03046618516086671
2593,L49772,L,298.9,308.6,1539.0,45.4,4.0,0,0,9.700000000000045,69870.59999999999,0.02948051948051948
2594,H32007,H,298.9,308.5,1415.0,54.0,6.0,0,0,9.600000000000023,76410.0,0.038135593220338986
2595,L49774,L,298.8,308.5,1446.0,37.0,11.0,0,0,9.699999999999989,53502.0,0.025570145127850726
2596,M17455,M,298.8,308.6,1486.0,41.1,13.0,0,0,9.800000000000011,61074.6,0.027639542703429724
2597,L49776,L,299.0,308.7,1426.0,38.6,16.0,0,0,9.699999999999989,55043.6,0.027049754730203223
2598,L49777,L,299.0,308.7,1449.0,38.9,18.0,0,0,9.699999999999989,56366.1,0.026827586206896552
2599,L49778,L,299.1,308.8,1320.0,67.5,20.0,1,0,9.699999999999989,89100.0,0.05109765329295988
2600,M17459,M,299.2,308.9,1447.0,39.6,22.0,0,0,9.699999999999989,57301.200000000004,0.027348066298342542
2601,L49780,L,299.3,309.0,1422.0,47.3,25.0,0,0,9.699999999999989,67260.59999999999,0.03323963457484188
2602,L49781,L,299.3,309.1,1399.0,52.1,27.0,0,0,9.800000000000011,72887.90000000001,0.037214285714285714
2603,L49782,L,299.4,309.2,1427.0,41.5,29.0,0,0,9.800000000000011,59220.5,0.029061624649859945
2604,M17463,M,299.3,309.2,1334.0,46.3,31.0,0,0,9.899999999999977,61764.2,0.0346816479400749
2605,M17464,M,299.3,309.1,1385.0,45.6,34.0,0,0,9.800000000000011,63156.0,0.0329004329004329
2606,L49785,L,299.4,309.2,1552.0,37.4,37.0,0,0,9.800000000000011,58044.799999999996,0.024082421120412104
2607,H32020,H,299.4,309.3,1534.0,37.5,39.0,0,0,9.900000000000034,57525.0,0.024429967426710098
2608,L49787,L,299.4,309.3,1448.0,48.6,44.0,0,0,9.900000000000034,70372.8,0.03354037267080746
2609,L49788,L,300.1,309.3,1409.0,44.7,46.0,0,0,9.199999999999989,62982.3,0.03170212765957447
2610,L49789,L,299.4,309.2,1621.0,34.5,48.0,0,0,9.800000000000011,55924.5,0.02127003699136868
2611,H32024,H,299.4,309.1,1547.0,40.9,50.0,0,0,9.700000000000045,63272.299999999996,0.026421188630490956
2612,L49791,L,299.4,309.1,1957.0,22.1,55.0,0,0,9.700000000000045,43249.700000000004,0.01128702757916241
2613,L49792,L,299.4,309.1,2421.0,14.2,57.0,0,0,9.700000000000045,34378.2,0.005862923203963666
2614,M17473,M,299.3,309.1,1571.0,38.3,59.0,0,0,9.800000000000011,60169.299999999996,0.02436386768447837
2615,L49794,L,299.3,309.1,1634.0,36.8,62.0,0,0,9.800000000000011,60131.2,0.022507645259938838
2616,L49795,L,299.3,309.0,1516.0,38.7,64.0,0,0,9.699999999999989,58669.200000000004,0.025510876730388928
2617,L49796,L,299.4,309.1,1207.0,66.5,66.0,0,0,9.700000000000045,80265.5,0.05504966887417218
2618,L49797,L,299.4,309.1,1670.0,35.9,68.0,0,0,9.700000000000045,59953.0,0.021484141232794733
2619,M17478,M,299.4,309.1,1461.0,48.6,70.0,0,0,9.700000000000045,71004.6,0.033242134062927496
2620,L49799,L,299.4,309.2,1569.0,40.8,73.0,0,0,9.800000000000011,64015.2,0.025987261146496812
2621,L49800,L,299.4,309.2,1556.0,35.7,75.0,0,0,9.800000000000011,55549.200000000004,0.022928709055876687
2622,M17481,M,299.5,309.3,1506.0,41.5,108.0,0,0,9.800000000000011,62499.0,0.027538155275381553
2623,M17482,M,299.6,309.4,1642.0,30.3,80.0,0,0,9.799999999999955,49752.6,0.018441874619598297
2624,M17483,M,299.6,309.4,1283.0,62.1,83.0,0,0,9.799999999999955,79674.3,0.048364485981308415
2625,H32038,H,299.7,309.5,1375.0,46.8,86.0,0,0,9.800000000000011,64349.99999999999,0.03401162790697674
2626,L49805,L,299.7,309.4,1399.0,39.9,91.0,0,0,9.699999999999989,55820.1,0.028499999999999998
2627,L49806,L,299.7,309.4,1650.0,29.8,93.0,0,0,9.699999999999989,49170.0,0.018049666868564507
2628,M17487,M,299.8,309.6,1346.0,53.2,95.0,0,0,9.800000000000011,71607.2,0.03949517446176689
2629,H32042,H,299.9,309.6,1410.0,51.2,98.0,0,0,9.700000000000045,72192.0,0.036286321757618714
2630,L49809,L,300.0,309.7,1586.0,37.8,103.0,0,0,9.699999999999989,59950.799999999996,0.02381852551984877
2631,L49810,L,300.0,309.8,1372.0,39.6,105.0,0,0,9.800000000000011,54331.200000000004,0.028841951930080118
2632,H32045,H,300.0,309.7,1529.0,42.4,107.0,0,0,9.699999999999989,64829.6,0.027712418300653595
2633,M17492,M,300.0,309.7,1652.0,28.6,112.0,0,0,9.699999999999989,47247.200000000004,0.017301875378100424
2634,L49813,L,300.1,309.8,1532.0,39.8,115.0,0,0,9.699999999999989,60973.6,0.025962165688193085
2635,L49814,L,300.0,309.7,1554.0,32.0,117.0,0,0,9.699999999999989,49728.0,0.020578778135048232
2636,H32049,H,299.9,309.6,1462.0,51.0,119.0,0,0,9.700000000000045,74562.0,0.034859876965140126
2637,L49816,L,299.9,309.6,1254.0,61.3,124.0,0,0,9.700000000000045,76870.2,0.04884462151394422
2638,L49817,L,299.9,309.6,1294.0,49.7,126.0,0,0,9.700000000000045,64311.8,0.03837837837837838
2639,L49818,L,299.8,309.5,1739.0,27.5,128.0,0,0,9.699999999999989,47822.5,0.015804597701149427
2640,M17499,M,299.8,309.4,1412.0,47.8,130.0,0,0,9.599999999999966,67493.59999999999,0.033828733191790514
2641,M17500,M,299.9,309.5,1372.0,56.2,133.0,0,0,9.600000000000023,77106.40000000001,0.04093226511289148
2642,H32055,H,299.8,309.5,1420.0,46.7,136.0,0,0,9.699999999999989,66314.0,0.03286418015482055
2643,L49822,L,299.8,309.5,1542.0,40.3,141.0,0,0,9.699999999999989,62142.6,0.02611795204147764
2644,M17503,M,299.8,309.4,1401.0,48.1,143.0,0,0,9.599999999999966,67388.1,0.034308131241084165
2645,L49824,L,299.8,309.4,1510.0,42.5,146.0,0,0,9.599999999999966,64175.0,0.02812706816677697
2646,H32059,H,299.9,309.5,1547.0,38.5,148.0,0,0,9.600000000000023,59559.5,0.02487080103359173
2647,M17506,M,299.8,309.5,1453.0,43.2,153.0,0,0,9.699999999999989,62769.600000000006,0.0297111416781293
2648,L49827,L,299.8,309.4,1408.0,45.6,156.0,0,0,9.599999999999966,64204.8,0.03236337828246984
2649,L49828,L,299.8,309.4,1436.0,51.6,158.0,0,0,9.599999999999966,74097.6,0.035908141962421716
2650,M17509,M,299.9,309.5,1582.0,38.2,160.0,0,0,9.600000000000023,60432.4,0.024131396083385978
2651,L49830,L,299.9,309.6,1280.0,59.3,163.0,0,0,9.700000000000045,75904.0,0.046291959406713504
2652,L49831,L,299.9,309.5,2008.0,20.4,165.0,0,0,9.600000000000023,40963.2,0.010154305624688898
2653,L49832,L,299.9,309.5,1772.0,23.5,167.0,0,0,9.600000000000023,41642.0,0.013254371122391428
2654,L49833,L,299.9,309.5,1779.0,26.1,169.0,0,0,9.600000000000023,46431.9,0.014662921348314607
2655,L49834,L,299.9,309.5,1567.0,35.5,171.0,0,0,9.600000000000023,55628.5,0.02264030612244898
2656,M17515,M,299.8,309.4,1751.0,27.0,173.0,0,0,9.599999999999966,47277.0,0.015410958904109588
2657,L49836,L,299.9,309.5,1349.0,51.3,176.0,0,0,9.600000000000023,69203.7,0.038
2658,M17517,M,300.0,309.5,1425.0,40.8,178.0,0,0,9.5,58139.99999999999,0.02861150070126227
2659,L49838,L,300.0,309.4,1395.0,44.5,181.0,0,0,9.399999999999977,62077.5,0.03187679083094556
2660,H32073,H,299.8,309.3,1595.0,32.1,183.0,0,0,9.5,51199.5,0.020112781954887218
2661,L49840,L,299.8,309.3,1291.0,56.4,188.0,0,0,9.5,72812.4,0.043653250773993804
2662,M17521,M,299.9,309.4,1509.0,42.8,190.0,0,0,9.5,64585.2,0.02834437086092715
2663,M17522,M,299.9,309.4,1483.0,38.1,193.0,0,0,9.5,56502.3,0.025673854447439352
2664,L49843,L,299.9,309.3,1620.0,31.1,196.0,0,0,9.400000000000034,50382.0,0.01918568784700802
2665,M17524,M,299.9,309.4,1487.0,42.2,198.0,0,0,9.5,62751.4,0.028360215053763443
2666,L49845,L,299.8,309.4,2256.0,15.9,201.0,0,0,9.599999999999966,35870.4,0.007044749667700487
2667,H32080,H,299.7,309.2,1691.0,27.7,203.0,0,0,9.5,46840.7,0.016371158392434988
2668,M17527,M,299.8,309.3,1663.0,35.2,208.0,0,0,9.5,58537.600000000006,0.021153846153846155
2669,M17528,M,299.8,309.3,1640.0,31.1,211.0,0,0,9.5,51004.0,0.01895185862279098
2670,H32083,H,299.7,309.3,1494.0,37.8,214.0,0,0,9.600000000000023,56473.2,0.025284280936454847
2671,L49850,L,299.8,309.4,1467.0,46.2,219.0,0,0,9.599999999999966,67775.40000000001,0.03147138964577657
2672,M17531,M,299.7,309.3,1399.0,41.9,221.0,1,1,9.600000000000023,58618.1,0.029928571428571426
2673,L49852,L,299.7,309.3,1445.0,42.6,0.0,0,0,9.600000000000023,61557.0,0.02946058091286307
2674,L49853,L,299.8,309.4,1480.0,40.9,2.0,0,0,9.599999999999966,60532.0,0.02761647535449021
2675,L49854,L,299.7,309.3,1546.0,37.2,4.0,0,0,9.600000000000023,57511.200000000004,0.02404654169360052
2676,L49855,L,299.7,309.3,1574.0,35.8,6.0,0,0,9.600000000000023,56349.2,0.02273015873015873
2677,L49856,L,299.7,309.3,1592.0,34.2,8.0,0,0,9.600000000000023,54446.4,0.02146892655367232
2678,L49857,L,299.8,309.5,1495.0,39.6,10.0,0,0,9.699999999999989,59202.0,0.026470588235294117
2679,L49858,L,299.8,309.6,1447.0,43.1,12.0,0,0,9.800000000000011,62365.700000000004,0.029765193370165748
2680,L49859,L,299.8,309.5,1476.0,44.4,14.0,0,0,9.699999999999989,65534.4,0.03006093432633717
2681,L49860,L,299.8,309.5,1641.0,27.1,16.0,0,0,9.699999999999989,44471.100000000006,0.016504263093788066
2682,L49861,L,299.8,309.5,1545.0,32.2,18.0,0,0,9.699999999999989,49749.00000000001,0.020827943078913325
2683,M17542,M,299.9,309.6,1364.0,44.4,20.0,0,0,9.700000000000045,60561.6,0.032527472527472526
2684,L49863,L,299.8,309.5,1590.0,28.5,23.0,0,0,9.699999999999989,45315.0,0.017913262099308613
2685,L49864,L,299.8,309.4,1460.0,37.4,25.0,0,0,9.599999999999966,54604.0,0.025598904859685145
2686,L49865,L,299.8,309.4,1609.0,32.5,27.0,0,0,9.599999999999966,52292.5,0.020186335403726708
2687,L49866,L,299.8,309.4,1633.0,27.5,29.0,0,0,9.599999999999966,44907.5,0.016829865361077112
2688,L49867,L,299.9,309.4,1348.0,52.8,31.0,0,0,9.5,71174.4,0.0391401037805782
2689,L49868,L,299.9,309.4,1322.0,53.9,33.0,0,0,9.5,71255.8,0.04074074074074074
2690,L49869,L,300.0,309.5,1641.0,30.1,35.0,0,0,9.5,49394.100000000006,0.01833130328867235
2691,L49870,L,300.0,309.5,1728.0,26.0,37.0,0,0,9.5,44928.0,0.015037593984962405
2692,L49871,L,300.0,309.6,1431.0,47.7,39.0,0,0,9.600000000000023,68258.7,0.03331005586592179
2693,L49872,L,300.1,309.7,1641.0,30.4,41.0,0,0,9.599999999999966,49886.399999999994,0.018514007308160777
2694,M17553,M,300.1,309.6,1622.0,36.1,43.0,0,0,9.5,58554.200000000004,0.022242760320394333
2695,M17554,M,300.1,309.6,1625.0,38.0,46.0,0,0,9.5,61750.0,0.023370233702337023
2696,L49875,L,300.0,309.5,1869.0,22.7,49.0,0,0,9.5,42426.299999999996,0.01213903743315508
2697,L49876,L,300.0,309.6,1452.0,46.0,51.0,0,0,9.600000000000023,66792.0,0.031658637302133516
2698,L49877,L,300.0,309.6,1618.0,28.7,53.0,0,0,9.600000000000023,46436.6,0.017726991970352067
2699,L49878,L,300.0,309.4,2010.0,20.0,55.0,0,0,9.399999999999977,40200.0,0.009945300845350571
2700,L49879,L,299.9,309.4,1363.0,60.9,57.0,0,0,9.5,83006.7,0.04464809384164223
2701,L49880,L,299.9,309.3,1473.0,40.4,59.0,0,0,9.400000000000034,59509.2,0.027408412483039348
2702,L49881,L,299.9,309.2,1333.0,50.8,61.0,0,0,9.300000000000011,67716.4,0.038080959520239877
2703,L49882,L,299.8,309.2,1760.0,25.9,63.0,0,0,9.399999999999977,45584.0,0.01470755252697331
2704,M17563,M,299.8,309.2,1372.0,58.2,108.0,0,0,9.399999999999977,79850.40000000001,0.04238892935178441
2705,M17564,M,299.7,309.2,1608.0,34.4,68.0,0,0,9.5,55315.2,0.021379738968303294
2706,L49885,L,299.7,309.2,1326.0,64.8,71.0,0,0,9.5,85924.8,0.048831951770911826
2707,M17566,M,299.6,309.1,1560.0,37.1,73.0,0,0,9.5,57876.0,0.02376681614349776
2708,M17567,M,299.6,309.0,1539.0,36.1,76.0,0,0,9.399999999999977,55557.9,0.023441558441558444
2709,L49888,L,299.6,309.1,2266.0,15.3,79.0,0,0,9.5,34669.8,0.006749007498897222
2710,L49889,L,299.6,309.1,1641.0,35.8,81.0,0,0,9.5,58747.799999999996,0.021802679658952495
2711,L49890,L,299.6,309.1,1574.0,39.2,83.0,0,0,9.5,61700.8,0.02488888888888889
2712,L49891,L,299.6,309.1,1407.0,50.6,85.0,0,0,9.5,71194.2,0.035937500000000004
2713,H32126,H,299.7,309.2,1302.0,55.5,87.0,0,0,9.5,72261.0,0.04259401381427475
2714,M17573,M,299.6,309.2,1651.0,30.8,92.0,0,0,9.599999999999966,50850.8,0.01864406779661017
2715,M17574,M,299.6,309.1,1366.0,55.2,95.0,0,0,9.5,75403.2,0.04038039502560351
2716,M17575,M,299.5,309.0,1701.0,28.6,108.0,0,0,9.5,48648.600000000006,0.016803760282021154
2717,L49896,L,299.5,309.0,1498.0,44.6,101.0,0,0,9.5,66810.8,0.029753168779186125
2718,M17577,M,299.5,309.1,1422.0,45.3,103.0,0,0,9.600000000000023,64416.6,0.031834153197470134
2719,L49898,L,299.5,309.1,1357.0,47.3,106.0,0,0,9.600000000000023,64186.1,0.03483063328424153
2720,L49899,L,299.5,309.2,1690.0,29.2,108.0,0,0,9.699999999999989,49348.0,0.01726788882318155
2721,L49900,L,299.6,309.2,1559.0,39.1,110.0,0,0,9.599999999999966,60956.9,0.025064102564102565
2722,M17581,M,299.6,309.3,1553.0,32.4,112.0,0,0,9.699999999999989,50317.2,0.02084942084942085
2723,L49902,L,299.6,309.3,1558.0,34.8,115.0,0,0,9.699999999999989,54218.399999999994,0.022322001282873635
2724,L49903,L,299.7,309.4,1362.0,51.9,117.0,0,0,9.699999999999989,70687.8,0.03807776962582538
2725,M17584,M,299.8,309.3,1470.0,42.7,119.0,0,0,9.5,62769.00000000001,0.029027872195785183
2726,L49905,L,299.8,309.4,1555.0,34.8,122.0,0,0,9.599999999999966,54113.99999999999,0.022365038560411308
2727,M17586,M,299.8,309.4,1423.0,42.9,124.0,0,0,9.599999999999966,61046.7,0.03012640449438202
2728,L49907,L,299.7,309.3,1434.0,38.5,127.0,0,0,9.600000000000023,55209.0,0.026829268292682926
2729,L49908,L,299.7,309.3,1779.0,25.5,129.0,0,0,9.600000000000023,45364.5,0.014325842696629213
2730,L49909,L,299.7,309.3,1417.0,54.6,131.0,0,0,9.600000000000023,77368.2,0.0385049365303244
2731,L49910,L,299.6,309.2,1425.0,45.9,133.0,0,0,9.599999999999966,65407.5,0.032187938288920054
2732,M17591,M,299.7,309.2,1597.0,32.9,135.0,0,0,9.5,52541.299999999996,0.020588235294117647
2733,L49912,L,299.7,309.2,1346.0,57.4,138.0,0,0,9.5,77260.4,0.04261321455085375
2734,L49913,L,299.7,309.2,1422.0,40.4,140.0,0,0,9.5,57448.799999999996,0.028390723822909344
2735,H32148,H,299.7,309.2,1572.0,32.8,142.0,0,0,9.5,51561.6,0.020851875397329942
2736,L49915,L,299.7,309.2,1412.0,45.4,147.0,0,0,9.5,64104.799999999996,0.032130219391365886
2737,M17596,M,299.7,309.1,1576.0,36.4,149.0,0,0,9.400000000000034,57366.399999999994,0.023081800887761572
2738,M17597,M,299.7,309.1,1508.0,41.2,152.0,0,0,9.400000000000034,62129.600000000006,0.02730284956925116
2739,M17598,M,299.8,309.1,1496.0,44.4,155.0,0,0,9.300000000000011,66422.4,0.02965931863727455
2740,L49919,L,299.8,309.2,1572.0,35.4,158.0,0,0,9.399999999999977,55648.799999999996,0.022504767959313412
2741,L49920,L,299.6,309.0,1525.0,42.8,160.0,0,0,9.399999999999977,65269.99999999999,0.02804718217562254
2742,L49921,L,299.6,309.0,1378.0,51.9,162.0,0,0,9.399999999999977,71518.2,0.03763596809282088
2743,L49922,H,299.6,309.1,1369.0,51.4,164.0,0,0,9.5,70366.59999999999,0.037518248175182484
2744,L49923,L,299.6,309.1,1476.0,45.3,166.0,0,0,9.5,66862.8,0.030670277589708868
2745,L49924,L,299.7,309.2,1620.0,30.0,168.0,0,0,9.5,48600.0,0.01850709438618137
2746,M17605,M,299.7,309.1,1603.0,38.5,170.0,0,0,9.400000000000034,61715.5,0.024002493765586035
2747,L49926,L,299.7,309.2,1411.0,46.1,173.0,0,0,9.5,65047.1,0.03264872521246459
2748,L49927,L,299.7,309.2,1616.0,31.6,175.0,0,0,9.5,51065.600000000006,0.019542362399505256
2749,L49928,L,299.7,309.2,1631.0,35.1,177.0,0,0,9.5,57248.100000000006,0.02150735294117647
2750,M17609,M,299.7,309.2,1685.0,28.9,179.0,1,0,9.5,48696.5,0.017141162514827994
2751,H32164,H,299.7,309.2,1456.0,40.6,182.0,0,0,9.5,59113.6,0.02786547700754976
2752,L49931,L,299.7,309.1,1417.0,50.1,187.0,0,0,9.400000000000034,70991.7,0.03533145275035261
2753,M17612,M,299.7,309.1,1851.0,24.7,189.0,0,0,9.400000000000034,45719.7,0.013336933045356372
2754,L49933,L,299.7,309.1,1715.0,27.8,192.0,0,0,9.400000000000034,47677.0,0.0162004662004662
2755,H32168,H,299.6,309.1,1630.0,32.3,194.0,0,0,9.5,52648.99999999999,0.019803801348865724
2756,L49935,L,299.7,309.2,1478.0,38.8,199.0,0,0,9.5,57346.399999999994,0.02623394185260311
2757,L49936,L,299.7,309.2,1781.0,29.6,201.0,0,0,9.5,52717.600000000006,0.01661054994388328
2758,L49937,L,299.8,309.2,1439.0,36.1,203.0,0,0,9.399999999999977,51947.9,0.025069444444444446
2759,M17618,M,299.7,309.2,1412.0,45.3,205.0,0,0,9.5,63963.6,0.03205944798301486
2760,L49939,L,299.7,309.1,1483.0,41.1,208.0,0,0,9.400000000000034,60951.3,0.027695417789757412
2761,L49940,L,299.8,309.2,1400.0,42.6,210.0,0,0,9.399999999999977,59640.0,0.030406852248394005
2762,L49941,L,299.8,309.3,1299.0,65.1,212.0,1,0,9.5,84564.9,0.050076923076923074
2763,L49942,L,299.8,309.2,1479.0,44.4,214.0,0,0,9.399999999999977,65667.59999999999,0.03
2764,L49943,L,299.8,309.2,1491.0,47.5,216.0,0,0,9.399999999999977,70822.5,0.03183646112600536
2765,M17624,M,299.9,309.3,1389.0,52.8,0.0,0,0,9.400000000000034,73339.2,0.03798561151079136
2766,M17625,M,299.9,309.4,1399.0,54.8,3.0,0,0,9.5,76665.2,0.03914285714285714
2767,M17626,M,299.9,309.4,1889.0,26.0,6.0,0,0,9.5,49114.0,0.013756613756613757
2768,L49947,L,300.0,309.5,1925.0,21.9,9.0,0,0,9.5,42157.5,0.011370716510903427
2769,L49948,L,300.0,309.5,1675.0,30.2,11.0,0,0,9.5,50585.0,0.01801909307875895
2770,M17629,M,300.0,309.6,1477.0,38.1,13.0,0,0,9.600000000000023,56273.700000000004,0.02577807848443843
2771,L49950,L,300.0,309.6,1364.0,45.9,16.0,0,0,9.600000000000023,62607.6,0.03362637362637363
2772,L49951,L,299.9,309.5,1451.0,39.4,18.0,0,0,9.600000000000023,57169.4,0.027134986225895316
2773,L49952,L,299.9,309.4,1467.0,41.2,20.0,0,0,9.5,60440.4,0.02806539509536785
2774,L49953,L,299.9,309.4,1858.0,22.5,22.0,0,0,9.5,41805.0,0.012103281334050565
2775,L49954,L,300.1,309.4,1559.0,39.7,24.0,0,0,9.299999999999955,61892.3,0.02544871794871795
2776,L49955,L,300.1,309.4,1560.0,47.7,26.0,0,0,9.299999999999955,74412.0,0.030557335041639978
2777,L49956,L,300.1,309.4,1453.0,47.6,28.0,0,0,9.299999999999955,69162.8,0.03273727647867951
2778,L49957,L,300.1,309.4,1464.0,41.7,30.0,0,0,9.299999999999955,61048.8,0.0284641638225256
2779,L49958,L,300.0,309.4,1308.0,50.2,32.0,0,0,9.399999999999977,65661.6,0.03834988540870894
2780,L49959,L,300.1,309.5,1353.0,50.9,34.0,0,0,9.399999999999977,68867.7,0.03759231905465288
2781,M17640,M,300.2,309.6,1556.0,35.8,36.0,0,0,9.400000000000034,55704.799999999996,0.022992935131663454
2782,L49961,L,300.2,309.5,2183.0,17.8,39.0,0,0,9.300000000000011,38857.4,0.00815018315018315
2783,M17642,M,300.2,309.6,1491.0,41.8,41.0,0,0,9.400000000000034,62323.799999999996,0.028016085790884715
2784,M17643,M,300.2,309.6,1528.0,35.1,44.0,0,0,9.400000000000034,53632.8,0.022956180510137345
2785,L49964,L,300.2,309.6,1430.0,52.7,47.0,0,0,9.400000000000034,75361.0,0.03682739343116702
2786,L49965,L,300.2,309.5,1495.0,32.6,49.0,0,0,9.300000000000011,48737.0,0.02179144385026738
2787,M17646,M,300.2,309.5,1630.0,28.3,51.0,0,0,9.300000000000011,46129.0,0.01735131820968731
2788,M17647,M,300.3,309.6,1524.0,38.4,54.0,0,0,9.300000000000011,58521.6,0.025180327868852458
2789,L49968,L,300.3,309.6,1326.0,52.4,57.0,0,0,9.300000000000011,69482.4,0.03948756593820648
2790,H32203,H,300.3,309.5,1438.0,44.0,59.0,0,0,9.199999999999989,63272.0,0.030576789437109102
2791,L49970,L,300.4,309.6,1356.0,45.9,64.0,0,0,9.200000000000045,62240.4,0.03382461311717023
2792,H32205,H,300.4,309.6,1416.0,43.3,66.0,0,0,9.200000000000045,61312.799999999996,0.030557515878616794
2793,L49972,L,300.4,309.7,1584.0,32.6,71.0,0,0,9.300000000000011,51638.4,0.02056782334384858
2794,L49973,L,300.3,309.6,1597.0,31.8,73.0,0,0,9.300000000000011,50784.6,0.019899874843554443
2795,L49974,L,300.4,309.6,1553.0,43.9,75.0,0,0,9.200000000000045,68176.7,0.028249678249678247
2796,M17655,M,300.3,309.5,1405.0,49.4,77.0,0,0,9.199999999999989,69407.0,0.03513513513513514
2797,L49976,L,300.2,309.5,1539.0,35.3,80.0,0,0,9.300000000000011,54326.7,0.02292207792207792
2798,M17657,M,300.3,309.6,1398.0,53.7,82.0,0,0,9.300000000000011,75072.6,0.03838456040028592
2799,L49978,L,300.3,309.6,1568.0,39.6,85.0,0,0,9.300000000000011,62092.8,0.025239005736137667
2800,L49979,L,300.3,309.6,1404.0,44.6,87.0,0,0,9.300000000000011,62618.4,0.03174377224199288
2801,M17660,M,300.2,309.5,1500.0,45.7,89.0,0,0,9.300000000000011,68550.0,0.030446369087275153
2802,M17661,M,300.2,309.5,1642.0,28.8,92.0,0,0,9.300000000000011,47289.6,0.017528910529519173
2803,M17662,M,300.3,309.6,1509.0,46.6,95.0,0,0,9.300000000000011,70319.40000000001,0.03086092715231788
2804,L49983,L,300.2,309.5,1343.0,50.2,98.0,0,0,9.300000000000011,67418.6,0.037351190476190475
2805,L49984,L,300.1,310.1,1450.0,40.1,100.0,0,0,10.0,58145.0,0.027636113025499655
2806,L49985,L,300.0,309.4,1460.0,43.5,102.0,0,0,9.399999999999977,63510.0,0.029774127310061602
2807,L49986,L,300.0,309.3,1364.0,41.2,104.0,0,0,9.300000000000011,56196.8,0.030183150183150185
2808,M17667,M,299.9,309.3,1452.0,41.9,106.0,0,0,9.400000000000034,60838.799999999996,0.02883688919476944
2809,L49988,L,299.9,309.3,1471.0,41.8,109.0,0,0,9.400000000000034,61487.799999999996,0.02839673913043478
2810,L49989,L,299.9,309.2,1598.0,34.6,111.0,0,0,9.300000000000011,55290.8,0.02163852407754847
2811,L49990,L,299.8,309.1,1772.0,24.8,113.0,0,0,9.300000000000011,43945.6,0.013987591652566272
2812,L49991,L,299.9,309.2,1761.0,25.6,115.0,0,0,9.300000000000011,45081.600000000006,0.01452894438138479
2813,M17672,M,300.0,309.3,1413.0,40.7,117.0,0,0,9.300000000000011,57509.100000000006,0.028783592644978786
2814,L49993,L,300.0,309.3,1887.0,22.6,108.0,0,0,9.300000000000011,42646.200000000004,0.011970338983050848
2815,L49994,L,300.0,309.3,1395.0,56.5,122.0,0,0,9.300000000000011,78817.5,0.04047277936962751
2816,M17675,M,300.1,309.4,1569.0,31.6,124.0,0,0,9.299999999999955,49580.4,0.020127388535031848
2817,L49996,L,300.1,309.4,1434.0,47.3,127.0,0,0,9.299999999999955,67828.2,0.032961672473867595
2818,L49997,L,300.2,309.5,1417.0,41.1,129.0,0,0,9.300000000000011,58238.700000000004,0.028984485190409026
2819,L49998,L,300.2,309.5,1729.0,28.4,131.0,0,0,9.300000000000011,49103.6,0.016416184971098265
2820,L49999,L,300.2,309.5,1356.0,51.1,133.0,0,0,9.300000000000011,69291.6,0.03765659543109801
2821,L50000,L,300.2,309.5,1436.0,48.8,135.0,0,0,9.300000000000011,70076.8,0.03395963813500348
2822,M17681,M,300.3,309.6,1419.0,42.5,137.0,0,0,9.300000000000011,60307.5,0.02992957746478873
2823,L50002,L,300.3,309.6,1593.0,38.1,140.0,0,0,9.300000000000011,60693.3,0.023902132998745294
2824,M17683,M,300.3,309.5,1320.0,62.2,142.0,0,0,9.199999999999989,82104.0,0.04708554125662377
2825,M17684,M,300.3,309.5,1448.0,42.4,145.0,0,0,9.199999999999989,61395.2,0.029261559696342303
2826,L50005,L,300.3,309.4,1470.0,33.5,148.0,0,0,9.099999999999966,49245.0,0.022773623385452073
2827,M17686,M,300.3,309.4,1612.0,33.1,150.0,0,0,9.099999999999966,53357.200000000004,0.02052076875387477
2828,L50007,L,300.4,309.4,1412.0,51.6,153.0,0,0,9.0,72859.2,0.03651804670912951
2829,M17688,M,300.4,309.4,1875.0,23.9,155.0,0,0,9.0,44812.5,0.012739872068230277
2830,L50009,L,300.3,309.3,1612.0,36.0,158.0,0,0,9.0,58032.0,0.022318660880347178
2831,M17690,M,300.4,309.3,1411.0,41.6,160.0,0,0,8.900000000000034,58697.6,0.029461756373937678
2832,M17691,M,300.3,309.2,1490.0,47.9,163.0,0,0,8.899999999999977,71371.0,0.03212608987256874
2833,M17692,M,300.4,309.3,1467.0,40.3,166.0,0,0,8.900000000000034,59120.1,0.027452316076294277
2834,L50013,L,300.3,309.2,1807.0,26.4,169.0,0,0,8.899999999999977,47704.799999999996,0.014601769911504425
2835,L50014,L,300.3,309.1,1368.0,46.0,171.0,0,0,8.800000000000011,62928.0,0.03360116873630387
2836,L50015,L,300.3,309.2,1572.0,32.0,173.0,0,0,8.899999999999977,50304.0,0.020343293070565798
2837,M17696,M,300.3,309.1,1458.0,44.3,175.0,0,0,8.800000000000011,64589.399999999994,0.03036326250856751
2838,L50017,L,300.3,309.1,1699.0,30.3,178.0,0,0,8.800000000000011,51479.700000000004,0.017823529411764707
2839,L50018,L,300.3,309.3,1478.0,39.5,180.0,0,0,9.0,58381.0,0.026707234617985125
2840,M17699,M,300.4,309.4,1362.0,42.1,182.0,0,0,9.0,57340.200000000004,0.030887747615553927
2841,H32254,H,300.4,309.4,1487.0,38.9,185.0,0,0,9.0,57844.299999999996,0.02614247311827957
2842,L50021,L,300.3,309.4,1705.0,29.4,190.0,0,0,9.099999999999966,50127.0,0.01723329425556858
2843,L50022,L,300.3,309.3,1345.0,53.5,192.0,0,0,9.0,71957.5,0.03974739970282318
2844,L50023,L,300.3,309.2,1532.0,40.2,194.0,0,0,8.899999999999977,61586.4,0.026223091976516635
2845,L50024,L,300.3,309.2,1650.0,35.2,196.0,0,0,8.899999999999977,58080.00000000001,0.021320411871592976
2846,L50025,L,300.3,309.2,1398.0,54.4,198.0,0,0,8.899999999999977,76051.2,0.03888491779842745
2847,L50026,L,300.3,309.2,1412.0,44.8,200.0,0,0,8.899999999999977,63257.6,0.03170559094125973
2848,L50027,L,300.4,309.3,1525.0,39.6,202.0,0,0,8.900000000000034,60390.0,0.025950196592398427
2849,M17708,M,300.3,309.3,1391.0,57.9,204.0,0,0,9.0,80538.9,0.041594827586206896
2850,L50029,L,300.4,309.3,1766.0,28.2,207.0,0,0,8.900000000000034,49801.2,0.01595925297113752
2851,L50030,L,300.4,309.3,1671.0,35.0,209.0,0,0,8.900000000000034,58485.0,0.020933014354066987
2852,L50031,L,300.5,309.3,1373.0,48.8,211.0,0,0,8.800000000000011,67002.4,0.03551673944687045
2853,M17712,M,300.5,309.4,1347.0,50.1,213.0,0,0,8.899999999999977,67484.7,0.03716617210682493
2854,M17713,M,300.5,309.3,1539.0,39.1,216.0,0,0,8.800000000000011,60174.9,0.02538961038961039
2855,L50034,L,300.5,309.3,1470.0,40.8,219.0,0,0,8.800000000000011,59975.99999999999,0.02773623385452073
2856,L50035,L,300.5,309.3,1528.0,37.0,221.0,0,0,8.800000000000011,56536.0,0.02419882275997384
2857,H32270,H,300.5,309.3,1471.0,45.2,223.0,0,0,8.800000000000011,66489.2,0.030706521739130438
2858,M17717,M,300.4,309.2,1528.0,37.2,228.0,0,0,8.800000000000011,56841.600000000006,0.024329627207325052
2859,L50038,L,300.5,309.3,1417.0,51.5,231.0,1,0,8.800000000000011,72975.5,0.03631875881523272
2860,L50039,L,300.6,309.4,1549.0,43.4,233.0,0,0,8.799999999999955,67226.59999999999,0.028
2861,H32274,H,300.6,309.4,1463.0,49.2,235.0,0,0,8.799999999999955,71979.6,0.033606557377049186
2862,L50041,L,300.7,309.5,1479.0,43.6,240.0,0,0,8.800000000000011,64484.4,0.02945945945945946
2863,L50042,L,300.6,309.5,1867.0,23.0,242.0,0,0,8.899999999999977,42941.0,0.012312633832976445
2864,L50043,L,300.6,309.4,1471.0,44.1,244.0,0,0,8.799999999999955,64871.1,0.029959239130434783
2865,H32278,H,300.6,309.4,1380.0,47.6,246.0,1,1,8.799999999999955,65688.0,0.03446777697320782
2866,H32279,H,300.7,309.7,1623.0,32.7,0.0,0,0,9.0,53072.100000000006,0.020135467980295568
2867,L50046,L,300.8,309.7,1997.0,20.7,5.0,0,0,8.899999999999977,41337.9,0.01036036036036036
2868,H32281,H,300.7,309.6,1390.0,48.5,7.0,0,0,8.900000000000034,67415.0,0.03486700215672178
2869,L50048,L,300.8,309.7,1418.0,46.6,12.0,0,0,8.899999999999977,66078.8,0.032840028188865396
2870,L50049,L,300.8,309.7,1519.0,35.8,14.0,0,0,8.899999999999977,54380.2,0.023552631578947367
2871,M17730,M,300.8,309.7,1519.0,39.7,16.0,0,0,8.899999999999977,60304.3,0.026118421052631582
2872,M17731,M,300.7,309.6,1536.0,37.2,19.0,0,0,8.900000000000034,57139.200000000004,0.024202992843201043
2873,L50052,L,300.8,309.6,1680.0,28.7,22.0,0,0,8.800000000000011,48216.0,0.01707317073170732
2874,H32287,H,300.6,309.4,1555.0,37.9,24.0,0,0,8.799999999999955,58934.5,0.0243573264781491
2875,L50054,L,300.6,309.5,1471.0,49.6,29.0,0,0,8.899999999999977,72961.6,0.03369565217391304
2876,M17735,M,300.5,309.4,1877.0,23.8,31.0,0,0,8.899999999999977,44672.6,0.012673056443024494
2877,M17736,M,300.5,309.3,1578.0,30.5,34.0,0,0,8.800000000000011,48129.0,0.019316022799240027
2878,M17737,M,300.5,309.4,1655.0,32.1,37.0,0,0,8.899999999999977,53125.5,0.019384057971014494
2879,H32292,H,300.5,309.4,1502.0,40.1,40.0,0,0,8.899999999999977,60230.200000000004,0.026679973386560214
2880,M17739,M,300.6,309.4,1367.0,63.2,45.0,1,0,8.799999999999955,86394.40000000001,0.046198830409356725
2881,L50060,L,300.7,309.5,1541.0,37.2,48.0,0,0,8.800000000000011,57325.200000000004,0.024124513618677044
2882,M17741,M,300.6,309.6,1588.0,37.0,50.0,0,0,9.0,58756.0,0.02328508495909377
2883,L50062,L,300.6,309.6,1684.0,32.8,53.0,0,0,9.0,55235.2,0.01946587537091988
2884,L50063,L,300.6,309.5,1437.0,40.0,55.0,0,0,8.899999999999977,57480.0,0.027816411682892908
2885,L50064,L,300.6,309.6,1503.0,42.4,57.0,0,0,9.0,63727.2,0.028191489361702127
2886,M17745,M,300.5,309.5,1320.0,49.9,59.0,0,0,9.0,65868.0,0.03777441332323997
2887,H32300,H,300.5,309.5,1635.0,34.2,62.0,0,0,9.0,55917.00000000001,0.020904645476772617
2888,M17747,M,300.5,309.5,1691.0,27.6,67.0,0,0,9.0,46671.600000000006,0.016312056737588652
2889,M17748,M,300.6,309.6,1365.0,50.0,70.0,0,0,9.0,68250.0,0.036603221083455345
2890,M17749,M,300.7,309.7,1523.0,38.2,73.0,0,0,9.0,58178.600000000006,0.025065616797900266
2891,L50070,L,300.6,309.7,1593.0,32.4,76.0,0,0,9.099999999999966,51613.2,0.020326223337515683
2892,L50071,L,300.6,309.6,1682.0,30.7,78.0,0,0,9.0,51637.4,0.01824123588829471
2893,L50072,L,300.7,309.6,1329.0,54.3,80.0,0,0,8.900000000000034,72164.7,0.04082706766917293
2894,M17753,M,300.7,309.6,1568.0,35.2,82.0,0,0,8.900000000000034,55193.600000000006,0.022434671765455706
2895,L50074,L,300.7,309.6,1733.0,24.8,85.0,0,0,8.900000000000034,42978.4,0.014302191464821224
2896,M17755,M,300.7,309.6,1473.0,48.1,87.0,0,0,8.900000000000034,70851.3,0.032632293080054275
2897,M17756,M,300.7,309.5,1633.0,31.3,90.0,0,0,8.800000000000011,51112.9,0.01915544675642595
2898,M17757,M,300.6,309.5,1530.0,40.2,93.0,0,0,8.899999999999977,61506.00000000001,0.026257348138471588
2899,M17758,M,300.6,309.5,1550.0,40.2,96.0,0,0,8.899999999999977,62310.00000000001,0.025918762088974857
2900,L50079,L,300.6,309.4,1410.0,40.6,99.0,0,0,8.799999999999955,57246.0,0.028773919206236714
2901,L50080,L,300.5,309.3,1574.0,33.5,101.0,0,0,8.800000000000011,52729.0,0.02126984126984127
2902,L50081,L,300.6,309.4,1425.0,40.3,103.0,0,0,8.799999999999955,57427.49999999999,0.028260869565217388
2903,M17762,M,300.6,309.4,1541.0,35.2,105.0,0,0,8.799999999999955,54243.200000000004,0.02282749675745785
2904,M17763,M,300.7,309.5,1733.0,26.7,108.0,0,0,8.800000000000011,46271.1,0.015397923875432526
2905,L50084,L,300.6,309.4,2496.0,13.5,111.0,0,0,8.799999999999955,33696.0,0.005406487785342411
2906,L50085,L,300.6,309.4,1552.0,36.4,113.0,0,0,8.799999999999955,56492.799999999996,0.02343850611719253
2907,L50086,L,300.6,309.3,1409.0,38.7,115.0,0,0,8.699999999999989,54528.3,0.0274468085106383
2908,M17767,M,300.6,309.4,1581.0,35.7,117.0,0,0,8.799999999999955,56441.700000000004,0.022566371681415932
2909,L50088,L,300.7,309.5,1251.0,59.9,120.0,0,0,8.800000000000011,74934.9,0.047843450479233225
2910,L50089,L,300.7,309.6,1500.0,44.1,122.0,0,0,8.900000000000034,66150.0,0.02938041305796136
2911,L50090,L,300.6,309.5,1576.0,38.8,124.0,0,0,8.899999999999977,61148.799999999996,0.024603677869372224
2912,M17771,M,300.7,309.5,1352.0,44.0,126.0,0,0,8.800000000000011,59488.0,0.032520325203252036
2913,L50092,L,300.7,309.6,1661.0,30.3,129.0,0,0,8.900000000000034,50328.3,0.01823104693140794
2914,L50093,L,300.7,309.6,1541.0,34.6,131.0,0,0,8.900000000000034,53318.600000000006,0.02243839169909209
2915,H32328,H,300.6,309.6,1888.0,20.5,133.0,0,0,9.0,38704.0,0.01085230280571731
2916,L50095,L,300.5,309.5,1255.0,62.1,138.0,0,0,9.0,77935.5,0.04944267515923567
2917,L50096,L,300.6,309.6,1411.0,41.6,140.0,0,0,9.0,58697.6,0.029461756373937678
2918,L50097,L,300.6,309.5,1516.0,39.0,142.0,0,0,8.899999999999977,59124.0,0.025708635464733027
2919,M17778,M,300.6,309.5,1492.0,34.0,144.0,0,0,8.899999999999977,50728.0,0.02277294038847957
2920,L50099,L,300.6,309.6,1726.0,30.0,147.0,0,0,9.0,51780.0,0.017371163867979156
2921,L50100,L,300.7,309.7,1598.0,33.7,149.0,0,0,9.0,53852.600000000006,0.02107567229518449
2922,L50101,L,300.8,309.8,1657.0,31.1,151.0,0,0,9.0,51532.700000000004,0.018757539203860075
2923,L50102,L,300.8,309.7,1481.0,38.1,153.0,0,0,8.899999999999977,56426.1,0.0257085020242915
2924,M17783,M,300.7,309.7,1397.0,51.3,155.0,0,0,9.0,71666.09999999999,0.03669527896995708
2925,L50104,L,300.8,309.7,1461.0,44.3,158.0,0,0,8.899999999999977,64722.299999999996,0.03030095759233926
2926,M17785,M,300.7,309.6,1388.0,51.1,160.0,0,0,8.900000000000034,70926.8,0.03678905687544996
2927,L50106,L,300.7,309.7,1507.0,52.4,163.0,0,0,9.0,78966.8,0.03474801061007957
2928,M17787,M,300.7,309.6,1421.0,49.8,165.0,0,0,8.900000000000034,70765.8,0.0350210970464135
2929,M17788,M,300.8,309.7,1258.0,54.9,168.0,0,0,8.899999999999977,69064.2,0.043606036536934074
2930,M17789,M,300.8,309.7,1482.0,39.0,171.0,0,0,8.899999999999977,57798.0,0.026298044504383007
2931,H32344,H,300.7,309.6,1403.0,51.3,174.0,0,0,8.900000000000034,71973.9,0.036538461538461534
2932,L50111,L,300.8,309.7,1373.0,45.4,179.0,0,0,8.899999999999977,62334.2,0.03304221251819505
2933,L50112,L,300.9,309.7,1460.0,42.1,181.0,0,0,8.800000000000011,61466.0,0.028815879534565367
2934,M17793,M,300.8,309.7,1751.0,27.9,183.0,0,0,8.899999999999977,48852.899999999994,0.015924657534246576
2935,M17794,M,300.8,309.6,1546.0,42.3,186.0,0,0,8.800000000000011,65395.799999999996,0.02734324499030381
2936,M17795,M,300.8,309.7,1680.0,28.2,189.0,0,0,8.899999999999977,47376.0,0.016775728732897083
2937,M17796,M,300.9,309.7,1394.0,48.8,192.0,0,0,8.800000000000011,68027.2,0.03498207885304659
2938,L50117,L,300.7,309.6,1810.0,26.0,195.0,0,0,8.900000000000034,47060.0,0.01435670900055218
2939,L50118,L,300.7,309.5,1479.0,34.5,197.0,0,0,8.800000000000011,51025.5,0.023310810810810812
2940,L50119,L,300.9,309.7,1431.0,41.4,199.0,0,0,8.800000000000011,59243.4,0.028910614525139666
2941,L50120,L,300.9,309.7,2355.0,14.4,201.0,0,0,8.800000000000011,33912.0,0.006112054329371817
2942,M17801,M,300.7,309.6,1996.0,19.8,203.0,1,1,8.900000000000034,39520.8,0.009914872308462695
2943,L50122,L,300.7,309.5,1461.0,49.9,0.0,0,0,8.800000000000011,72903.9,0.0341313269493844
2944,H32357,H,300.7,309.5,2007.0,19.7,2.0,0,0,8.800000000000011,39537.9,0.009810756972111553
2945,L50124,L,300.7,309.6,1505.0,34.9,7.0,0,0,8.900000000000034,52524.5,0.023173970783532536
2946,H32359,H,300.7,309.6,1925.0,20.5,9.0,0,0,8.900000000000034,39462.5,0.010643821391484943
2947,M17806,M,300.7,309.5,1622.0,30.5,14.0,0,0,8.800000000000011,49471.0,0.018792359827479975
2948,L50127,L,300.7,309.5,1592.0,29.0,17.0,0,0,8.800000000000011,46168.0,0.01820464532328939
2949,L50128,L,300.7,309.5,1850.0,24.5,19.0,0,0,8.800000000000011,45325.0,0.013236088600756347
2950,M17809,M,300.7,309.5,1470.0,48.7,21.0,0,0,8.800000000000011,71589.0,0.03310673011556764
2951,M17810,M,300.7,309.5,1445.0,46.4,24.0,0,0,8.800000000000011,67048.0,0.03208852005532503
2952,L50131,L,300.7,309.5,1685.0,31.1,27.0,0,0,8.800000000000011,52403.5,0.01844602609727165
2953,H32366,H,300.7,309.5,1667.0,30.5,29.0,0,0,8.800000000000011,50843.5,0.01828537170263789
2954,L50133,L,300.7,309.5,1578.0,35.4,34.0,0,0,8.800000000000011,55861.2,0.022419252691576946
2955,H32368,H,300.6,309.4,1691.0,28.0,36.0,0,0,8.799999999999955,47348.0,0.016548463356973995
2956,M17815,M,300.7,309.5,1439.0,43.8,41.0,0,0,8.800000000000011,63028.2,0.030416666666666665
2957,M17816,M,300.8,309.6,1404.0,38.7,44.0,0,0,8.800000000000011,54334.8,0.027544483985765127
2958,L50137,L,300.8,309.6,1498.0,45.8,47.0,0,0,8.800000000000011,68608.4,0.030553702468312207
2959,M17818,M,300.8,309.5,1481.0,44.5,49.0,0,0,8.699999999999989,65904.5,0.03002699055330634
2960,M17819,M,300.7,309.4,1589.0,35.0,52.0,0,0,8.699999999999989,55615.0,0.0220125786163522
2961,L50140,L,300.7,309.5,1467.0,44.3,55.0,0,0,8.800000000000011,64988.1,0.03017711171662125
2962,L50141,L,300.6,309.4,1654.0,40.1,57.0,0,0,8.799999999999955,66325.40000000001,0.02422960725075529
2963,L50142,L,300.7,309.5,1508.0,39.9,59.0,0,0,8.800000000000011,60169.2,0.02644135188866799
2964,M17823,M,300.7,309.6,1439.0,43.0,61.0,0,0,8.900000000000034,61877.0,0.029861111111111113
2965,L50144,L,300.7,310.1,1692.0,30.3,64.0,0,0,9.400000000000034,51267.6,0.01789722386296515
2966,M17825,M,300.7,309.5,1838.0,24.9,66.0,0,0,8.800000000000011,45766.2,0.013539967373572593
2967,L50146,L,300.6,309.3,1601.0,40.2,69.0,0,0,8.699999999999989,64360.200000000004,0.0250936329588015
2968,L50147,L,300.6,309.4,1369.0,51.6,71.0,0,0,8.799999999999955,70640.40000000001,0.037664233576642336
2969,M17828,M,300.6,309.4,1312.0,45.2,73.0,0,0,8.799999999999955,59302.4,0.03442498095963443
2970,L50149,L,300.6,309.4,1468.0,44.1,76.0,0,0,8.799999999999955,64738.8,0.030020422055820287
2971,M17830,M,300.6,309.4,1452.0,39.4,78.0,0,0,8.799999999999955,57208.799999999996,0.027116311080523054
2972,M17831,M,300.7,309.5,1393.0,43.9,81.0,0,0,8.800000000000011,61152.7,0.03149210903873745
2973,M17832,M,300.6,309.4,1432.0,44.2,84.0,0,0,8.799999999999955,63294.4,0.030844382414515006
2974,M17833,M,300.6,309.3,1510.0,46.0,87.0,0,0,8.699999999999989,69460.0,0.03044341495698213
2975,M17834,M,300.6,309.4,1521.0,37.2,90.0,0,0,8.799999999999955,56581.200000000004,0.024441524310118267
2976,H32389,H,300.5,309.4,1360.0,46.2,93.0,0,0,8.899999999999977,62832.00000000001,0.03394562821454813
2977,M17836,M,300.5,309.3,1881.0,25.5,98.0,0,0,8.800000000000011,47965.5,0.01354941551540914
2978,L50157,L,300.4,309.3,1413.0,50.3,101.0,0,0,8.900000000000034,71073.9,0.03557284299858557
2979,H32392,L,300.5,309.4,1642.0,36.2,103.0,0,0,8.899999999999977,59440.4,0.02203286670724285
2980,L50159,L,300.5,309.5,1542.0,38.5,108.0,0,0,9.0,59367.0,0.024951393389500972
2981,L50160,L,300.4,309.5,1447.0,39.3,110.0,0,0,9.100000000000023,56867.1,0.02714088397790055
2982,H32395,H,300.4,309.4,1530.0,40.4,112.0,0,0,9.0,61812.0,0.0263879817112998
2983,L50162,L,300.5,309.5,1795.0,27.7,117.0,0,0,9.0,49721.5,0.01542316258351893
2984,L50163,L,300.6,309.6,1290.0,57.4,119.0,0,0,9.0,74046.0,0.04446165762974438
2985,L50164,L,300.6,309.7,1639.0,30.4,121.0,0,0,9.099999999999966,49825.6,0.018536585365853658
2986,L50165,L,300.7,309.8,1596.0,31.5,123.0,0,0,9.100000000000023,50274.0,0.019724483406386977
2987,L50166,L,300.6,309.8,1455.0,48.0,125.0,0,0,9.199999999999989,69840.0,0.03296703296703297
2988,M17847,M,300.6,309.8,1659.0,28.9,127.0,0,0,9.199999999999989,47945.1,0.017409638554216865
2989,M17848,M,300.6,309.8,1532.0,42.5,130.0,0,0,9.199999999999989,65110.0,0.027723418134377037
2990,L50169,L,300.6,309.8,1502.0,42.4,133.0,0,0,9.199999999999989,63684.799999999996,0.02821024617431803
2991,L50170,L,300.6,309.8,1688.0,28.6,135.0,0,0,9.199999999999989,48276.8,0.016933096506808763
2992,M17851,M,300.5,309.7,1341.0,50.9,137.0,0,0,9.199999999999989,68256.9,0.03792846497764531
2993,M17852,M,300.5,309.7,1685.0,29.4,140.0,0,0,9.199999999999989,49539.0,0.017437722419928824
2994,M17853,M,300.5,309.8,1370.0,55.9,143.0,0,0,9.300000000000011,76583.0,0.040773158278628735
2995,L50174,L,300.5,309.8,1461.0,52.5,146.0,0,0,9.300000000000011,76702.5,0.035909712722298225
2996,L50175,L,300.5,309.8,1550.0,37.4,148.0,0,0,9.300000000000011,57970.0,0.024113475177304965
2997,M17856,M,300.5,309.8,1508.0,37.8,150.0,0,0,9.300000000000011,57002.399999999994,0.02504970178926441
2998,L50177,L,300.5,309.8,1345.0,62.7,153.0,0,0,9.300000000000011,84331.5,0.04658246656760773
2999,L50178,L,300.5,309.7,1616.0,34.5,155.0,0,0,9.199999999999989,55752.0,0.021335807050092765
3000,L50179,L,300.5,309.7,1395.0,61.0,157.0,0,0,9.199999999999989,85095.0,0.04369627507163324
3001,H32414,H,300.5,309.8,1324.0,72.8,159.0,1,0,9.300000000000011,96387.2,0.054943396226415094
3002,L50181,L,300.5,309.8,1445.0,43.9,164.0,0,0,9.300000000000011,63435.5,0.030359612724757953
3003,M17862,M,300.5,309.8,1555.0,38.9,166.0,0,0,9.300000000000011,60489.5,0.024999999999999998
3004,M17863,M,300.6,309.9,1449.0,42.4,169.0,0,0,9.299999999999955,61437.6,0.029241379310344828
3005,M17864,M,300.5,309.9,1466.0,40.1,172.0,0,0,9.399999999999977,58786.6,0.027334696659850034
3006,L50185,L,300.5,309.9,1503.0,37.4,175.0,0,0,9.399999999999977,56212.2,0.024867021276595742
3007,L50186,L,300.4,309.7,1488.0,35.7,177.0,0,0,9.300000000000011,53121.600000000006,0.023975822699798525
3008,L50187,L,300.4,309.7,1314.0,50.2,179.0,0,0,9.300000000000011,65962.8,0.038174904942965784
3009,M17868,M,300.4,309.7,1547.0,38.0,181.0,0,0,9.300000000000011,58786.0,0.02454780361757106
3010,M17869,M,300.4,309.7,1466.0,39.8,184.0,0,0,9.300000000000011,58346.799999999996,0.02713019768234492
3011,L50190,L,300.3,309.6,1537.0,37.1,187.0,0,0,9.300000000000011,57022.700000000004,0.0241222366710013
3012,M17871,M,300.2,309.5,1434.0,51.5,189.0,0,0,9.300000000000011,73851.0,0.03588850174216028
3013,L50192,L,300.4,309.6,1432.0,44.7,192.0,0,0,9.200000000000045,64010.4,0.031193300767620377
3014,L50193,L,300.5,309.6,1390.0,48.4,194.0,0,0,9.100000000000023,67276.0,0.03479511143062545
3015,L50194,L,300.5,309.7,1580.0,42.8,196.0,0,0,9.199999999999989,67624.0,0.027071473750790637
3016,L50195,L,300.5,309.7,1589.0,30.5,198.0,0,0,9.199999999999989,48464.5,0.019182389937106917
3017,L50196,L,300.5,309.8,1441.0,48.8,200.0,0,0,9.300000000000011,70320.8,0.03384188626907073
3018,L50197,L,300.5,309.8,1305.0,51.7,202.0,0,0,9.300000000000011,67468.5,0.03958652373660031
3019,M17878,M,300.5,309.8,1566.0,35.9,204.0,0,0,9.300000000000011,56219.399999999994,0.022910019144862796
3020,L50199,L,300.5,309.8,1379.0,54.2,207.0,1,0,9.300000000000011,74741.8,0.03927536231884058
3021,L50200,L,300.4,309.6,1543.0,38.1,209.0,0,0,9.200000000000045,58788.3,0.02467616580310881
3022,L50201,L,300.5,309.8,1421.0,49.6,211.0,0,0,9.300000000000011,70481.6,0.03488045007032349
3023,L50202,L,300.5,309.6,1760.0,30.6,213.0,0,0,9.100000000000023,53856.0,0.01737649063032368
3024,L50203,L,300.4,309.5,1711.0,29.2,215.0,0,0,9.100000000000023,49961.2,0.01705607476635514
3025,L50204,L,300.5,309.6,1465.0,41.6,217.0,0,0,9.100000000000023,60944.0,0.028376534788540245
3026,L50205,L,300.5,309.6,1366.0,50.2,219.0,0,0,9.100000000000023,68573.2,0.036722750548646675
3027,M17886,M,300.4,309.5,1888.0,21.9,221.0,0,0,9.100000000000023,41347.2,0.011593435680254102
3028,L50207,L,300.5,310.1,1777.0,23.6,0.0,0,0,9.600000000000023,41937.200000000004,0.01327334083239595
3029,L50208,L,300.5,309.5,1379.0,55.6,2.0,0,0,9.0,76672.40000000001,0.04028985507246377
3030,L50209,L,300.4,309.5,1525.0,51.3,4.0,0,0,9.100000000000023,78232.5,0.033617300131061595
3031,M17890,M,300.4,309.6,1563.0,34.0,6.0,0,0,9.200000000000045,53142.0,0.021739130434782608
3032,M17891,M,300.5,309.7,1389.0,43.3,9.0,0,0,9.199999999999989,60143.7,0.031151079136690647
3033,M17892,M,300.6,309.8,1447.0,42.9,12.0,0,0,9.199999999999989,62076.299999999996,0.02962707182320442
3034,M17893,M,300.6,309.7,1934.0,22.8,15.0,0,0,9.099999999999966,44095.200000000004,0.01178294573643411
3035,H32448,H,300.6,309.7,1470.0,43.8,18.0,0,0,9.099999999999966,64385.99999999999,0.029775662814411963
3036,M17895,M,300.6,309.7,1428.0,42.6,23.0,0,0,9.099999999999966,60832.8,0.029811056682995104
3037,L50216,L,300.4,309.6,1319.0,48.1,26.0,0,0,9.200000000000045,63443.9,0.03643939393939394
3038,L50217,L,300.5,309.7,1887.0,24.3,28.0,0,0,9.199999999999989,45854.1,0.012870762711864407
3039,L50218,L,300.4,309.5,1349.0,50.4,30.0,0,0,9.100000000000023,67989.59999999999,0.03733333333333333
3040,M17899,M,300.3,309.5,1665.0,31.4,32.0,0,0,9.199999999999989,52281.0,0.018847539015606242
3041,L50220,L,300.3,309.5,1474.0,38.7,35.0,0,0,9.199999999999989,57043.8,0.02623728813559322
3042,L50221,L,300.4,309.5,1543.0,38.9,37.0,0,0,9.100000000000023,60022.7,0.025194300518134715
3043,M17902,M,300.2,309.4,1459.0,43.9,39.0,0,0,9.199999999999989,64050.1,0.03006849315068493
3044,L50223,L,300.3,309.5,1551.0,37.9,42.0,0,0,9.199999999999989,58782.899999999994,0.024420103092783505
3045,L50224,L,300.2,309.4,1981.0,21.4,44.0,0,0,9.199999999999989,42393.399999999994,0.010797174571140261
3046,L50225,L,300.2,309.4,1526.0,35.3,46.0,0,0,9.199999999999989,53867.799999999996,0.023117223313686965
3047,M17906,M,300.2,309.4,1501.0,40.0,48.0,0,0,9.199999999999989,60040.0,0.02663115845539281
3048,L50227,L,300.2,309.4,1558.0,38.3,51.0,0,0,9.199999999999989,59671.399999999994,0.024567030147530467
3049,L50228,L,300.2,309.3,1532.0,43.2,53.0,0,0,9.100000000000023,66182.40000000001,0.02818003913894325
3050,L50229,L,300.1,309.2,1326.0,55.9,55.0,0,0,9.099999999999966,74123.4,0.04212509419743783
3051,L50230,L,300.2,309.2,1431.0,51.3,57.0,0,0,9.0,73410.3,0.035824022346368715
3052,L50231,L,300.2,309.3,1366.0,49.3,59.0,0,0,9.100000000000023,67343.8,0.03606437454279444
3053,L50232,L,300.1,309.2,1421.0,42.5,61.0,0,0,9.099999999999966,60392.5,0.02988748241912799
3054,H32467,H,300.2,309.3,1506.0,35.6,63.0,0,0,9.100000000000023,53613.6,0.023623092236230922
3055,H32468,H,300.2,309.3,1342.0,48.7,68.0,0,0,9.100000000000023,65355.4,0.03626209977661951
3056,L50235,L,300.1,309.2,1427.0,37.6,73.0,0,0,9.099999999999966,53655.200000000004,0.026330532212885154
3057,L50236,L,300.2,309.2,1667.0,29.9,75.0,0,0,9.0,49843.299999999996,0.01792565947242206
3058,L50237,L,300.1,309.1,1400.0,46.7,77.0,0,0,9.0,65380.00000000001,0.03333333333333333
3059,L50238,L,300.0,309.0,1709.0,32.1,79.0,0,0,9.0,54858.9,0.018771929824561405
3060,M17919,M,300.0,309.0,1368.0,45.8,81.0,0,0,9.0,62654.399999999994,0.03345507669831994
3061,L50240,L,300.0,309.1,1882.0,23.8,84.0,0,0,9.100000000000023,44791.6,0.012639405204460967
3062,L50241,M,300.1,309.1,1353.0,58.7,86.0,0,0,9.0,79421.1,0.04335302806499262
3063,L50242,L,299.9,309.0,1553.0,40.0,88.0,0,0,9.100000000000023,62120.0,0.02574002574002574
3064,L50243,L,300.0,309.1,1431.0,45.4,90.0,0,0,9.100000000000023,64967.4,0.03170391061452514
3065,M17924,M,300.1,309.1,1731.0,30.4,92.0,0,0,9.0,52622.399999999994,0.017551963048498844
3066,M17925,M,300.1,309.2,1687.0,27.7,95.0,0,0,9.099999999999966,46729.9,0.01640995260663507
3067,M17926,M,300.1,309.2,1457.0,44.3,98.0,0,0,9.099999999999966,64545.1,0.030384087791495196
3068,L50247,L,300.1,309.2,1533.0,37.0,101.0,0,0,9.099999999999966,56721.0,0.024119947848761408
3069,H32482,H,300.0,309.0,1622.0,31.8,103.0,0,0,9.0,51579.6,0.019593345656192238
3070,L50249,L,300.0,309.1,1791.0,28.2,108.0,0,0,9.100000000000023,50506.2,0.015736607142857142
3071,L50250,L,300.0,309.1,1631.0,28.3,110.0,0,0,9.100000000000023,46157.3,0.017340686274509805
3072,L50251,L,300.0,309.0,2174.0,16.9,112.0,0,0,9.0,36740.6,0.007770114942528735
3073,L50252,L,300.1,309.0,1314.0,58.2,114.0,0,0,8.899999999999977,76474.8,0.04425855513307985
3074,L50253,L,300.1,309.1,1478.0,46.9,116.0,0,0,9.0,69318.2,0.031710615280594996
3075,L50254,L,300.1,309.2,1783.0,27.3,118.0,0,0,9.099999999999966,48675.9,0.015302690582959641
3076,M17935,M,300.1,309.2,1385.0,46.1,120.0,0,0,9.099999999999966,63848.5,0.03326118326118326
3077,L50256,L,300.0,309.2,1444.0,43.6,123.0,0,0,9.199999999999989,62958.4,0.03017301038062284
3078,L50257,L,300.1,309.3,1841.0,23.0,125.0,0,0,9.199999999999989,42343.0,0.01248642779587405
3079,M17938,M,300.1,309.4,1349.0,56.2,127.0,0,0,9.299999999999955,75813.8,0.041629629629629634
3080,L50259,L,300.1,309.3,1340.0,56.0,130.0,0,0,9.199999999999989,75040.0,0.041759880686055184
3081,M17940,M,299.9,309.2,1539.0,43.2,132.0,0,0,9.300000000000011,66484.8,0.028051948051948054
3082,M17941,M,300.0,309.3,1932.0,21.8,135.0,0,0,9.300000000000011,42117.6,0.011277806518365236
3083,M17942,M,300.0,309.3,1407.0,43.9,138.0,0,0,9.300000000000011,61767.299999999996,0.03117897727272727
3084,L50263,L,300.1,309.3,1712.0,28.5,141.0,0,0,9.199999999999989,48792.0,0.016637478108581436
3085,H32498,H,300.1,309.4,1329.0,55.2,143.0,0,0,9.299999999999955,73360.8,0.041503759398496244
3086,L50265,L,300.1,309.2,1441.0,42.9,148.0,0,0,9.099999999999966,61818.9,0.029750346740638003
3087,L50266,L,300.0,309.2,1610.0,32.1,150.0,0,0,9.199999999999989,51681.0,0.019925512104283054
3088,M17947,M,300.0,309.1,1474.0,45.2,152.0,0,0,9.100000000000023,66624.8,0.03064406779661017
3089,M17948,M,300.0,309.1,1624.0,30.8,155.0,0,0,9.100000000000023,50019.200000000004,0.018953846153846154
3090,H32503,H,300.1,309.3,1520.0,38.2,158.0,0,0,9.199999999999989,58064.00000000001,0.025115055884286655
3091,H32504,H,300.1,309.3,1448.0,45.8,163.0,0,0,9.199999999999989,66318.4,0.031608005521049
3092,L50271,L,300.0,309.3,1558.0,29.7,168.0,0,0,9.300000000000011,46272.6,0.019050673508659396
3093,M17952,M,300.0,309.3,2293.0,16.3,170.0,0,0,9.300000000000011,37375.9,0.007105492589363558
3094,L50273,L,300.0,309.3,1397.0,51.2,173.0,0,0,9.300000000000011,71526.40000000001,0.03662374821173105
3095,L50274,L,300.0,309.3,1972.0,22.0,175.0,0,0,9.300000000000011,43384.0,0.011150532184490624
3096,M17955,M,299.9,309.2,1574.0,36.5,177.0,0,0,9.300000000000011,57451.0,0.023174603174603174
3097,L50276,L,299.9,309.2,1560.0,38.9,180.0,0,0,9.300000000000011,60684.0,0.024919923126201154
3098,M17957,M,299.9,309.2,1353.0,49.8,182.0,0,0,9.300000000000011,67379.4,0.03677991137370753
3099,M17958,M,299.9,309.2,1389.0,51.2,185.0,0,0,9.300000000000011,71116.8,0.03683453237410072
3100,M17959,M,299.9,309.1,1513.0,43.8,188.0,0,0,9.200000000000045,66269.4,0.02892998678996037
3101,L50280,L,299.8,309.1,1578.0,42.1,191.0,0,0,9.300000000000011,66433.8,0.026662444585180495
3102,H32515,H,299.8,309.0,1467.0,37.3,193.0,0,0,9.199999999999989,54719.1,0.025408719346049043
3103,L50282,L,299.9,309.1,1412.0,48.3,198.0,0,0,9.200000000000045,68199.59999999999,0.03418259023354565
3104,L50283,L,299.8,309.1,1668.0,30.3,200.0,0,0,9.300000000000011,50540.4,0.018154583582983823
3105,M17964,M,299.8,309.2,1678.0,29.8,202.0,0,0,9.399999999999977,50004.4,0.017748659916617036
3106,L50285,L,299.8,309.1,1612.0,35.4,205.0,0,0,9.300000000000011,57064.799999999996,0.021946683199008058
3107,L50286,L,299.8,309.1,1485.0,39.9,207.0,0,0,9.300000000000011,59251.5,0.026850605652759083
3108,M17967,M,299.8,309.1,1456.0,39.4,209.0,0,0,9.300000000000011,57366.4,0.027041866849691145
3109,L50288,L,299.8,309.2,1504.0,38.7,212.0,0,0,9.399999999999977,58204.8,0.025714285714285717
3110,L50289,L,299.9,309.2,1491.0,44.3,214.0,0,0,9.300000000000011,66051.3,0.029691689008042893
3111,H32524,H,299.9,309.2,1525.0,33.2,0.0,0,0,9.300000000000011,50630.00000000001,0.0217562254259502
3112,L50291,L,300.0,309.2,1759.0,27.9,5.0,0,0,9.199999999999989,49076.1,0.015852272727272725
3113,M17972,M,299.8,309.1,1355.0,56.7,7.0,0,0,9.300000000000011,76828.5,0.0418141592920354
3114,M17973,M,299.9,309.1,1345.0,56.8,10.0,0,0,9.200000000000045,76396.0,0.04219910846953937
3115,M17974,M,299.9,309.2,1683.0,30.5,13.0,0,0,9.300000000000011,51331.5,0.01811163895486936
3116,L50295,L,299.9,309.2,1658.0,34.8,16.0,0,0,9.300000000000011,57698.399999999994,0.02097649186256781
3117,L50296,L,300.0,309.2,1566.0,34.4,18.0,0,0,9.199999999999989,53870.399999999994,0.021952776005105295
3118,M17977,M,300.1,309.3,1469.0,43.9,20.0,0,0,9.199999999999989,64489.1,0.029863945578231292
3119,M17978,M,300.2,309.5,1458.0,46.9,23.0,0,0,9.300000000000011,68380.2,0.032145305003427
3120,L50299,L,300.1,309.4,1858.0,23.6,26.0,0,0,9.299999999999955,43848.8,0.012694997310381926
3121,H32534,H,300.1,309.4,1563.0,40.8,28.0,0,0,9.299999999999955,63770.399999999994,0.02608695652173913
3122,L50301,M,300.1,309.4,2141.0,17.9,33.0,0,0,9.299999999999955,38323.899999999994,0.008356676003734827
3123,L50302,L,300.0,309.3,1473.0,46.0,35.0,0,0,9.300000000000011,67758.0,0.031207598371777476
3124,H32537,H,300.0,309.4,1498.0,38.5,37.0,0,0,9.399999999999977,57673.0,0.0256837891927952
3125,L50304,L,300.1,309.4,1568.0,39.7,42.0,0,0,9.299999999999955,62249.600000000006,0.025302740599107712
3126,L50305,L,300.1,309.4,1503.0,27.4,44.0,0,0,9.299999999999955,41182.2,0.018218085106382977
3127,L50306,L,300.0,309.4,1499.0,35.7,46.0,0,0,9.399999999999977,53514.3,0.0238
3128,L50307,L,300.0,309.5,1717.0,28.3,48.0,0,0,9.5,48591.1,0.016472642607683354
3129,M17988,M,300.1,309.5,1462.0,42.8,50.0,0,0,9.399999999999977,62573.6,0.029254955570745044
3130,L50309,L,300.1,309.6,1642.0,34.5,53.0,0,0,9.5,56649.0,0.020998174071819843
3131,L50310,L,300.1,309.6,1760.0,25.4,55.0,0,0,9.5,44704.0,0.014423622941510504
3132,L50311,L,300.1,309.5,1660.0,32.7,57.0,0,0,9.399999999999977,54282.00000000001,0.01968693558097532
3133,L50312,L,300.1,309.5,1557.0,40.6,59.0,0,0,9.399999999999977,63214.200000000004,0.026059050064184852
3134,H32547,H,300.2,309.6,1442.0,49.2,61.0,0,0,9.400000000000034,70946.40000000001,0.0340956340956341
3135,L50314,L,300.2,309.6,1359.0,51.5,66.0,0,0,9.400000000000034,69988.5,0.03786764705882353
3136,L50315,L,300.4,309.8,1342.0,52.5,68.0,0,0,9.400000000000034,70455.0,0.0390915860014892
3137,L50316,L,300.4,309.9,1435.0,54.8,70.0,0,0,9.5,78638.0,0.03816155988857939
3138,L50317,L,300.4,309.9,1567.0,36.5,72.0,0,0,9.5,57195.5,0.023278061224489797
3139,L50318,L,300.4,309.9,1376.0,43.5,74.0,0,0,9.5,59856.0,0.03159041394335512
3140,H32553,H,300.4,309.9,1513.0,38.7,76.0,0,0,9.5,58553.100000000006,0.025561426684280054
3141,H32554,H,300.4,309.9,2563.0,12.8,81.0,1,0,9.5,32806.4,0.0049921996879875195
3142,L50321,L,300.5,310.0,1521.0,45.1,86.0,0,0,9.5,68597.1,0.029632063074901446
3143,L50322,L,300.6,310.0,1658.0,34.7,88.0,0,0,9.399999999999977,57532.600000000006,0.020916214587100666
3144,H32557,H,300.6,310.0,1419.0,42.4,90.0,0,0,9.399999999999977,60165.6,0.029859154929577462
3145,M18004,M,300.6,310.0,1478.0,36.3,95.0,0,0,9.399999999999977,53651.399999999994,0.024543610547667342
3146,M18005,M,300.5,310.0,1415.0,43.5,98.0,0,0,9.5,61552.5,0.03072033898305085
3147,M18006,M,300.5,309.9,1780.0,26.5,101.0,0,0,9.399999999999977,47170.0,0.014879281302638967
3148,M18007,M,300.4,309.7,1440.0,42.8,104.0,0,0,9.300000000000011,61631.99999999999,0.02970159611380985
3149,H32562,H,300.4,309.8,1448.0,39.7,107.0,0,0,9.400000000000034,57485.600000000006,0.027398205659075227
3150,H32563,H,300.4,309.7,1500.0,35.2,112.0,0,0,9.300000000000011,52800.00000000001,0.023451032644903398
3151,L50330,L,300.4,309.8,1513.0,32.9,117.0,0,0,9.400000000000034,49777.7,0.021730515191545573
3152,L50331,L,300.5,309.8,1428.0,43.8,119.0,0,0,9.300000000000011,62546.399999999994,0.030650804758572427
3153,M18012,M,300.5,309.8,1473.0,42.3,121.0,0,0,9.300000000000011,62307.899999999994,0.028697421981004067
3154,M18013,M,300.5,309.9,1483.0,49.3,124.0,0,0,9.399999999999977,73111.9,0.033221024258760105
3155,L50334,L,300.4,309.7,1534.0,42.5,127.0,0,0,9.300000000000011,65195.0,0.02768729641693811
3156,L50335,L,300.5,309.8,1367.0,54.0,129.0,0,0,9.300000000000011,73818.0,0.039473684210526314
3157,L50336,L,300.4,309.7,1467.0,36.9,131.0,0,0,9.300000000000011,54132.299999999996,0.02513623978201635
3158,M18017,M,300.4,309.7,1488.0,42.2,133.0,0,0,9.300000000000011,62793.600000000006,0.02834116856950974
3159,L50338,L,300.4,309.7,1679.0,30.1,136.0,0,0,9.300000000000011,50537.9,0.017916666666666668
3160,H32573,H,300.4,309.8,1409.0,47.5,138.0,0,0,9.400000000000034,66927.5,0.03368794326241135
3161,M18020,M,300.4,309.7,1367.0,51.2,143.0,0,0,9.300000000000011,69990.40000000001,0.03742690058479532
3162,L50341,L,300.4,309.8,1314.0,63.1,146.0,0,0,9.400000000000034,82913.40000000001,0.047984790874524716
3163,L50342,L,300.5,309.9,1480.0,40.0,148.0,0,0,9.399999999999977,59200.0,0.02700877785280216
3164,L50343,L,300.4,309.8,1549.0,38.9,150.0,0,0,9.400000000000034,60256.1,0.025096774193548388
3165,L50344,L,300.4,309.7,1685.0,31.3,152.0,0,0,9.300000000000011,52740.5,0.01856465005931198
3166,L50345,L,300.4,309.6,1536.0,34.5,154.0,0,0,9.200000000000045,52992.0,0.022446324007807418
3167,M18026,M,300.4,309.7,1539.0,37.7,156.0,0,0,9.300000000000011,58020.3,0.02448051948051948
3168,L50347,L,300.4,309.7,1384.0,45.1,159.0,0,0,9.300000000000011,62418.4,0.03256317689530686
3169,M18028,M,300.4,309.6,1614.0,30.3,161.0,0,0,9.200000000000045,48904.200000000004,0.018761609907120745
3170,M18029,M,300.4,309.6,1675.0,35.5,164.0,0,0,9.200000000000045,59462.5,0.021181384248210023
3171,M18030,M,300.4,309.7,1685.0,32.3,167.0,0,0,9.300000000000011,54425.49999999999,0.01915776986951364
3172,L50351,L,300.4,309.6,1386.0,56.9,170.0,0,0,9.200000000000045,78863.4,0.041023792357606344
3173,M18032,M,300.3,309.6,1488.0,41.3,172.0,0,0,9.300000000000011,61454.399999999994,0.0277367360644728
3174,L50353,L,300.3,309.6,1624.0,32.6,175.0,0,0,9.300000000000011,52942.4,0.020061538461538464
3175,L50354,L,300.3,309.6,1503.0,34.6,177.0,0,0,9.300000000000011,52003.8,0.023005319148936172
3176,L50355,L,300.3,309.6,1468.0,44.7,179.0,0,0,9.300000000000011,65619.6,0.030428863172226005
3177,L50356,L,300.3,309.6,1435.0,45.4,181.0,0,0,9.300000000000011,65149.0,0.03161559888579387
3178,M18037,M,300.2,309.5,1564.0,33.4,183.0,0,0,9.300000000000011,52237.6,0.02134185303514377
3179,M18038,M,300.2,309.4,1329.0,53.6,186.0,0,0,9.199999999999989,71234.40000000001,0.04030075187969925
3180,L50359,L,300.1,309.3,1570.0,36.8,189.0,0,0,9.199999999999989,57775.99999999999,0.023424570337364736
3181,M18040,M,300.2,309.4,1433.0,48.8,191.0,0,0,9.199999999999989,69930.4,0.03403068340306834
3182,L50361,L,300.2,309.4,1527.0,37.0,194.0,0,0,9.199999999999989,56499.0,0.024214659685863876
3183,M18042,M,300.1,309.3,1443.0,50.3,196.0,0,0,9.199999999999989,72582.9,0.034833795013850415
3184,L50363,L,300.1,309.3,1616.0,32.0,199.0,0,0,9.199999999999989,51712.0,0.019789734075448363
3185,L50364,L,300.1,309.3,1654.0,31.0,201.0,0,0,9.199999999999989,51274.0,0.018731117824773415
3186,L50365,L,300.1,309.3,1685.0,27.1,203.0,0,0,9.199999999999989,45663.5,0.016073546856465008
3187,M18046,M,300.2,309.4,1456.0,48.8,205.0,0,0,9.199999999999989,71052.8,0.03349347975291695
3188,M18047,M,300.2,309.4,1752.0,27.8,208.0,0,0,9.199999999999989,48705.6,0.015858528237307472
3189,M18048,M,300.1,309.2,1438.0,51.0,211.0,0,0,9.099999999999966,73338.0,0.035441278665740095
3190,L50369,L,300.1,309.1,1551.0,33.7,214.0,0,0,9.0,52268.700000000004,0.0217139175257732
3191,L50370,L,300.1,309.2,1599.0,30.1,216.0,0,0,9.099999999999966,48129.9,0.0188125
3192,M18051,M,300.1,309.2,1732.0,33.7,218.0,0,0,9.099999999999966,58368.4,0.01944604731679169
3193,M18052,M,300.1,309.2,1418.0,39.8,221.0,0,0,9.099999999999966,56436.399999999994,0.028047921071176884
3194,L50373,L,300.0,309.1,1401.0,44.5,0.0,0,0,9.100000000000023,62344.5,0.03174037089871612
3195,L50374,L,300.0,309.0,1454.0,51.7,2.0,0,0,9.0,75171.8,0.03553264604810997
3196,M18055,M,300.0,309.2,1635.0,32.4,4.0,0,0,9.199999999999989,52974.0,0.01980440097799511
3197,L50376,L,300.0,309.1,1489.0,40.3,7.0,0,0,9.100000000000023,60006.7,0.02704697986577181
3198,L50377,L,300.0,309.1,1465.0,40.6,9.0,0,0,9.100000000000023,59479.0,0.027694406548431107
3199,M18058,M,300.0,309.1,1463.0,45.7,11.0,0,0,9.100000000000023,66859.1,0.031215846994535522
3200,H32613,H,300.1,309.1,1560.0,35.4,14.0,0,0,9.0,55224.0,0.022677770659833438
3201,M18060,M,300.1,309.2,1454.0,44.4,19.0,0,0,9.099999999999966,64557.6,0.030515463917525774
3202,L50381,L,300.2,309.1,1479.0,47.0,22.0,0,0,8.900000000000034,69513.0,0.03175675675675676
3203,L50382,L,300.2,309.2,1430.0,43.4,24.0,0,0,9.0,62062.0,0.030328441649196364
3204,M18063,M,300.1,309.1,1533.0,38.0,26.0,0,0,9.0,58254.0,0.024771838331160364
3205,L50384,L,300.1,309.0,1404.0,54.8,29.0,0,0,8.899999999999977,76939.2,0.03900355871886121
3206,M18065,M,300.1,308.9,1548.0,38.4,31.0,0,0,8.799999999999955,59443.2,0.024790187217559715
3207,M18066,M,300.1,309.0,1612.0,33.0,34.0,0,0,8.899999999999977,53196.0,0.02045877247365158
3208,M18067,M,300.2,309.0,1642.0,31.2,37.0,0,0,8.800000000000011,51230.4,0.01898965307364577
3209,M18068,M,300.2,309.1,1406.0,42.2,40.0,0,0,8.900000000000034,59333.200000000004,0.029992892679459846
3210,L50389,L,300.3,309.2,1587.0,31.4,43.0,0,0,8.899999999999977,49831.799999999996,0.01977329974811083
3211,M18070,M,300.3,309.2,1364.0,47.6,45.0,0,0,8.899999999999977,64926.4,0.03487179487179487
3212,L50391,L,300.3,309.2,1462.0,51.4,48.0,0,0,8.899999999999977,75146.8,0.03513328776486671
3213,L50392,L,300.3,309.2,1649.0,32.4,50.0,0,0,8.899999999999977,53427.6,0.019636363636363636
3214,L50393,L,300.4,309.2,1752.0,29.0,52.0,0,0,8.800000000000011,50808.0,0.01654306902452938
3215,H32628,H,300.4,309.3,1396.0,51.2,54.0,0,0,8.900000000000034,71475.2,0.03664996420901933
3216,M18075,M,300.5,309.4,2179.0,16.3,59.0,0,0,8.899999999999977,35517.700000000004,0.007477064220183486
3217,L50396,L,300.5,309.5,1653.0,27.6,62.0,0,0,9.0,45622.8,0.016686819830713424
3218,L50397,L,300.6,309.5,2025.0,21.4,64.0,0,0,8.899999999999977,43335.0,0.010562685093780848
3219,L50398,L,300.6,309.6,1426.0,53.6,66.0,0,0,9.0,76433.6,0.037561317449194116
3220,M18079,M,300.6,309.6,1503.0,38.4,68.0,0,0,9.0,57715.2,0.02553191489361702
3221,M18080,M,300.7,309.6,1525.0,36.5,71.0,0,0,8.900000000000034,55662.5,0.023918741808650064
3222,L50401,L,300.6,309.6,1423.0,49.1,74.0,0,0,9.0,69869.3,0.03448033707865169
3223,M18082,M,300.7,309.7,1435.0,44.7,76.0,0,0,9.0,64144.50000000001,0.031128133704735376
3224,H32637,H,300.6,309.5,1495.0,36.5,79.0,0,0,8.899999999999977,54567.5,0.024398395721925134
3225,M18084,M,300.6,309.5,1557.0,33.8,84.0,0,0,8.899999999999977,52626.6,0.02169448010269576
3226,L50405,L,300.6,309.4,1474.0,40.7,87.0,0,0,8.799999999999955,59991.8,0.02759322033898305
3227,L50406,L,300.5,309.3,1465.0,46.0,89.0,0,0,8.800000000000011,67390.0,0.03137789904502047
3228,M18087,M,300.5,309.3,1589.0,34.9,91.0,0,0,8.800000000000011,55456.1,0.021949685534591194
3229,L50408,L,300.5,309.3,1475.0,46.8,94.0,0,0,8.800000000000011,69030.0,0.03170731707317073
3230,L50409,L,300.6,309.4,1442.0,43.2,96.0,0,0,8.799999999999955,62294.4,0.02993762993762994
3231,L50410,L,300.6,309.4,1556.0,36.0,98.0,0,0,8.799999999999955,56016.0,0.023121387283236993
3232,L50411,L,300.7,309.3,1425.0,45.3,100.0,0,0,8.600000000000023,64552.49999999999,0.031767180925666196
3233,L50412,L,300.7,309.3,1580.0,38.3,102.0,0,0,8.600000000000023,60513.99999999999,0.024225173940543958
3234,H32647,H,300.8,309.4,1474.0,40.7,104.0,0,0,8.599999999999966,59991.8,0.02759322033898305
3235,L50414,L,300.8,309.4,1489.0,38.4,109.0,0,0,8.599999999999966,57177.6,0.025771812080536912
3236,L50415,L,300.8,309.4,1946.0,20.5,111.0,0,0,8.599999999999966,39893.0,0.010529019003595274
3237,M18096,M,300.8,309.4,1342.0,62.4,113.0,1,0,8.599999999999966,83740.8,0.04646314221891288
3238,M18097,M,300.9,309.5,1758.0,26.8,116.0,0,0,8.600000000000023,47114.4,0.015235929505400796
3239,M18098,M,300.9,309.4,1724.0,25.6,119.0,0,0,8.5,44134.4,0.014840579710144929
3240,L50419,L,301.0,309.5,1430.0,48.5,122.0,0,0,8.5,69355.0,0.03389238294898672
3241,L50420,L,300.9,309.5,1612.0,35.2,124.0,0,0,8.600000000000023,56742.4,0.02182269063856169
3242,H32655,H,300.9,309.5,1469.0,43.4,126.0,0,0,8.600000000000023,63754.6,0.02952380952380952
3243,L50422,L,300.9,309.6,1384.0,42.4,131.0,0,0,8.700000000000045,58681.6,0.030613718411552346
3244,L50423,L,301.0,309.6,1724.0,28.1,133.0,0,0,8.600000000000023,48444.4,0.01628985507246377
3245,M18104,M,301.0,309.6,1397.0,48.0,135.0,0,0,8.600000000000023,67056.0,0.034334763948497854
3246,M18105,M,301.0,309.6,1588.0,32.7,138.0,0,0,8.600000000000023,51927.600000000006,0.020578980490874765
3247,L50426,L,301.0,309.7,1468.0,42.0,141.0,0,0,8.699999999999989,61656.0,0.02859087814840027
3248,M18107,M,301.0,309.8,1594.0,31.1,143.0,0,0,8.800000000000011,49573.4,0.019498432601880878
3249,M18108,M,301.0,309.7,1511.0,39.3,146.0,0,0,8.699999999999989,59382.299999999996,0.02599206349206349
3250,L50429,L,301.1,309.8,1493.0,38.9,149.0,0,0,8.699999999999989,58077.7,0.026037483266398927
3251,H32664,L,301.2,309.8,1709.0,27.0,151.0,0,0,8.600000000000023,46143.0,0.015789473684210527
3252,L50431,L,301.1,309.6,1501.0,36.1,156.0,0,0,8.5,54186.1,0.024034620505992012
3253,L50432,L,301.1,309.7,1668.0,30.8,158.0,0,0,8.599999999999966,51374.4,0.018454164170161776
3254,L50433,L,301.1,309.6,1502.0,48.9,160.0,0,0,8.5,73447.8,0.03253493013972056
3255,M18114,M,301.0,309.7,1288.0,58.4,162.0,0,0,8.699999999999989,75219.2,0.045306439100077575
3256,L50435,L,301.0,309.7,1491.0,42.9,165.0,0,0,8.699999999999989,63963.9,0.028753351206434314
3257,L50436,L,301.1,309.8,1519.0,39.6,167.0,0,0,8.699999999999989,60152.4,0.02605263157894737
3258,L50437,L,301.2,309.9,1984.0,19.7,169.0,0,0,8.699999999999989,39084.799999999996,0.009924433249370276
3259,L50438,L,301.2,309.9,1643.0,32.9,171.0,0,0,8.699999999999989,54054.7,0.020012165450121654
3260,M18119,M,301.2,310.0,1625.0,31.6,173.0,0,0,8.800000000000011,51350.0,0.01943419434194342
3261,M18120,M,301.3,310.0,2068.0,17.8,176.0,0,0,8.699999999999989,36810.4,0.00860318994683422
3262,H32675,H,301.3,310.1,1469.0,39.7,179.0,0,0,8.800000000000011,58319.3,0.02700680272108844
3263,L50442,L,301.3,310.1,1558.0,36.3,184.0,0,0,8.800000000000011,56555.399999999994,0.023284156510583704
3264,L50443,L,301.3,310.0,1344.0,54.8,186.0,0,0,8.699999999999989,73651.2,0.04074349442379182
3265,H32678,H,301.3,310.1,1455.0,44.1,188.0,0,0,8.800000000000011,64165.5,0.03028846153846154
3266,L50445,L,301.3,310.1,1355.0,53.6,193.0,0,0,8.800000000000011,72628.0,0.03952802359882006
3267,L50446,L,301.3,310.1,1269.0,56.8,195.0,1,0,8.800000000000011,72079.2,0.0447244094488189
3268,L50447,L,301.3,310.0,1550.0,41.5,197.0,0,0,8.699999999999989,64325.0,0.02675693101225016
3269,M18128,M,301.3,310.1,1525.0,37.8,199.0,0,0,8.800000000000011,57644.99999999999,0.02477064220183486
3270,M18129,M,301.3,310.0,1696.0,32.4,202.0,0,0,8.699999999999989,54950.399999999994,0.019092516205067765
3271,L50450,L,301.4,310.1,1937.0,21.8,205.0,0,0,8.700000000000045,42226.6,0.011248710010319917
3272,M18131,M,301.4,310.0,1689.0,32.1,207.0,0,0,8.600000000000023,54216.9,0.018994082840236688
3273,M18132,M,301.3,310.0,1593.0,30.8,210.0,0,0,8.699999999999989,49064.4,0.01932245922208281
3274,M18133,M,301.3,309.9,1565.0,36.0,213.0,0,0,8.599999999999966,56340.0,0.022988505747126436
3275,L50454,L,301.3,310.0,1665.0,31.4,0.0,0,0,8.699999999999989,52281.0,0.018847539015606242
3276,H32689,H,301.3,310.0,1532.0,36.3,2.0,0,0,8.699999999999989,55611.6,0.023679060665362035
3277,L50456,L,301.3,310.0,1438.0,40.9,7.0,0,0,8.699999999999989,58814.2,0.028422515635858233
3278,L50457,L,301.3,310.1,1531.0,41.6,9.0,0,0,8.800000000000011,63689.6,0.027154046997389034
3279,L50458,L,301.3,310.0,1506.0,40.8,11.0,0,0,8.699999999999989,61444.799999999996,0.02707365627073656
3280,L50459,L,301.2,309.9,1382.0,52.4,13.0,0,0,8.699999999999989,72416.8,0.037888647866955893
3281,M18140,M,301.2,309.9,1456.0,50.8,15.0,0,0,8.699999999999989,73964.8,0.03486616334934797
3282,M18141,M,301.2,310.0,1445.0,45.6,18.0,0,0,8.800000000000011,65892.0,0.03153526970954357
3283,L50462,L,301.2,309.9,1515.0,40.9,21.0,0,0,8.699999999999989,61963.5,0.026978891820580473
3284,L50463,L,301.2,309.9,1449.0,45.5,23.0,0,0,8.699999999999989,65929.5,0.031379310344827584
3285,H32698,H,301.2,309.9,1362.0,50.7,25.0,0,0,8.699999999999989,69053.40000000001,0.0371973587674248
3286,L50465,L,301.2,309.9,1687.0,29.7,30.0,0,0,8.699999999999989,50103.9,0.01759478672985782
3287,L50466,L,301.2,310.0,1618.0,37.6,32.0,0,0,8.800000000000011,60836.8,0.023224212476837557
3288,M18147,M,301.2,310.1,1558.0,32.6,108.0,0,0,8.900000000000034,50790.8,0.0209108402822322
3289,L50468,L,301.3,310.1,1662.0,31.0,37.0,0,0,8.800000000000011,51522.0,0.018641010222489478
3290,M18149,M,301.2,310.1,1295.0,56.6,39.0,0,0,8.900000000000034,73297.0,0.04367283950617284
3291,L50470,L,301.2,310.2,1385.0,42.3,42.0,0,0,9.0,58585.49999999999,0.030519480519480516
3292,M18151,M,301.2,310.1,1479.0,45.5,44.0,0,0,8.900000000000034,67294.5,0.030743243243243245
3293,L50472,M,301.3,310.3,1400.0,44.3,47.0,0,0,9.0,62019.99999999999,0.03162027123483226
3294,M18153,M,301.2,310.3,1357.0,54.5,49.0,0,0,9.100000000000023,73956.5,0.04013254786450663
3295,L50474,L,301.1,310.2,1657.0,34.1,52.0,0,0,9.099999999999966,56503.700000000004,0.020566948130277443
3296,L50475,L,301.1,310.2,1496.0,43.4,54.0,0,0,9.099999999999966,64926.4,0.02899131596526386
3297,M18156,M,301.2,310.3,1379.0,43.2,56.0,0,0,9.100000000000023,59572.8,0.03130434782608696
3298,L50477,L,301.2,310.3,1548.0,38.6,59.0,0,0,9.100000000000023,59752.8,0.024919302775984507
3299,L50478,L,301.2,310.3,1499.0,38.1,61.0,0,0,9.100000000000023,57111.9,0.025400000000000002
3300,L50479,L,301.3,310.5,1390.0,45.8,63.0,0,0,9.199999999999989,63661.99999999999,0.032925952552120774
3301,H32714,H,301.3,310.4,1538.0,38.4,65.0,0,0,9.099999999999966,59059.2,0.024951267056530214
3302,L50481,L,301.3,310.5,1365.0,47.7,70.0,0,0,9.199999999999989,65110.50000000001,0.0349194729136164
3303,L50482,L,301.3,310.5,1503.0,48.6,72.0,0,0,9.199999999999989,73045.8,0.032313829787234044
3304,L50483,L,301.2,310.4,1390.0,49.9,74.0,0,0,9.199999999999989,69361.0,0.03587347232207045
3305,L50484,L,301.2,310.3,1497.0,45.7,76.0,0,0,9.100000000000023,68412.90000000001,0.030507343124165556
3306,M18165,M,301.3,310.4,1577.0,48.3,78.0,0,0,9.099999999999966,76169.09999999999,0.030608365019011406
3307,L50486,L,301.4,310.5,1432.0,54.3,81.0,0,0,9.100000000000023,77757.59999999999,0.03789253314724354
3308,M18167,M,301.4,310.5,1563.0,39.9,83.0,0,0,9.100000000000023,62363.7,0.02551150895140665
3309,L50488,L,301.4,310.4,1433.0,43.4,86.0,0,0,9.0,62192.2,0.030264993026499303
3310,L50489,L,301.3,310.4,1384.0,50.1,88.0,0,0,9.099999999999966,69338.40000000001,0.036173285198555956
3311,L50490,L,301.3,310.4,1346.0,46.7,90.0,0,0,9.099999999999966,62858.200000000004,0.03466963622865628
3312,L50491,L,301.3,310.4,1459.0,44.7,92.0,0,0,9.099999999999966,65217.3,0.030616438356164385
3313,L50492,L,301.4,310.4,1639.0,28.9,94.0,0,0,9.0,47367.1,0.017621951219512193
3314,L50493,L,301.4,310.4,1737.0,31.9,96.0,0,0,9.0,55410.299999999996,0.018354430379746836
3315,L50494,L,301.4,310.5,1489.0,43.5,98.0,0,0,9.100000000000023,64771.5,0.02919463087248322
3316,M18175,M,301.5,310.6,1492.0,43.0,100.0,0,0,9.100000000000023,64156.0,0.028801071667782986
3317,M18176,M,301.4,310.5,1217.0,60.6,103.0,0,0,9.100000000000023,73750.2,0.04975369458128079
3318,L50497,L,301.5,310.5,1636.0,28.7,106.0,0,0,9.0,46953.2,0.017532070861331704
3319,L50498,L,301.4,310.4,1436.0,49.7,108.0,0,0,9.0,71369.2,0.03458594293667363
3320,L50499,L,301.4,310.4,1689.0,30.6,110.0,0,0,9.0,51683.4,0.018106508875739644
3321,L50500,L,301.5,310.5,2289.0,16.4,112.0,0,0,9.0,37539.6,0.007161572052401746
3322,L50501,L,301.5,310.6,1522.0,41.0,114.0,0,0,9.100000000000023,62402.0,0.026920551543007223
3323,L50502,L,301.5,310.5,1351.0,52.9,116.0,0,0,9.0,71467.9,0.039127218934911244
3324,L50503,L,301.5,310.5,1589.0,36.7,118.0,0,0,9.0,58316.3,0.02308176100628931
3325,L50504,L,301.5,310.6,1578.0,34.1,120.0,0,0,9.100000000000023,53809.8,0.021595946801773274
3326,L50505,L,301.5,310.6,1587.0,33.7,122.0,0,0,9.100000000000023,53481.9,0.021221662468513855
3327,L50506,L,301.5,310.6,1962.0,20.2,124.0,0,0,9.100000000000023,39632.4,0.010290371879775852
3328,M18187,M,301.5,310.6,2432.0,14.2,126.0,0,0,9.100000000000023,34534.4,0.005836415947390053
3329,L50508,L,301.6,310.6,1418.0,43.9,129.0,0,0,9.0,62250.2,0.030937279774489075
3330,L50509,L,301.6,310.7,1683.0,29.7,131.0,0,0,9.099999999999966,49985.1,0.017636579572446555
3331,L50510,L,301.7,310.8,1385.0,50.7,133.0,0,0,9.100000000000023,70219.5,0.03658008658008658
3332,L50511,L,301.7,310.8,1559.0,44.5,135.0,0,0,9.100000000000023,69375.5,0.028525641025641025
3333,M18192,M,301.7,310.8,1671.0,31.6,137.0,0,0,9.100000000000023,52803.600000000006,0.01889952153110048
3334,M18193,M,301.6,310.8,1343.0,49.5,140.0,0,0,9.199999999999989,66478.5,0.036830357142857144
3335,M18194,M,301.6,310.8,1548.0,34.2,143.0,0,0,9.199999999999989,52941.600000000006,0.022078760490639122
3336,L50515,L,301.7,310.9,1705.0,31.2,146.0,0,0,9.199999999999989,53196.0,0.0182883939038687
3337,L50516,L,301.6,310.8,1535.0,35.4,148.0,0,0,9.199999999999989,54339.0,0.023046874999999998
3338,L50517,L,301.6,310.8,1564.0,34.1,150.0,0,0,9.199999999999989,53332.4,0.021789137380191694
3339,M18198,M,301.6,310.9,1510.0,40.9,152.0,0,0,9.299999999999955,61759.0,0.027068166776968893
3340,L50519,L,301.6,310.9,1492.0,45.2,155.0,0,0,9.299999999999955,67438.40000000001,0.030274614869390492
3341,M18200,M,301.5,310.8,1452.0,44.1,157.0,0,0,9.300000000000011,64033.200000000004,0.030350997935306264
3342,H32755,H,301.4,310.7,1329.0,52.0,160.0,0,0,9.300000000000011,69108.0,0.039097744360902256
3343,L50522,L,301.5,310.8,1382.0,52.4,165.0,0,0,9.300000000000011,72416.8,0.037888647866955893
3344,M18203,M,301.5,310.8,1628.0,40.1,167.0,0,0,9.300000000000011,65282.8,0.02461632903621854
3345,L50524,L,301.4,310.7,1706.0,27.9,170.0,0,0,9.300000000000011,47597.399999999994,0.016344463971880493
3346,L50525,L,301.3,310.7,1594.0,34.1,172.0,0,0,9.399999999999977,54355.4,0.02137931034482759
3347,L50526,L,301.3,310.7,1761.0,24.3,174.0,0,0,9.399999999999977,42792.3,0.013791146424517594
3348,L50527,L,301.3,310.6,1529.0,41.8,176.0,0,0,9.300000000000011,63912.2,0.027320261437908496
3349,M18208,M,301.3,310.7,1532.0,40.7,178.0,0,0,9.399999999999977,62352.4,0.02654924983692107
3350,L50529,L,301.4,310.7,1673.0,27.8,181.0,0,0,9.300000000000011,46509.4,0.016606929510155317
3351,L50530,L,301.4,310.8,1503.0,62.6,183.0,1,0,9.400000000000034,94087.8,0.041622340425531916
3352,L50531,L,301.4,310.8,1680.0,31.4,185.0,0,0,9.400000000000034,52752.0,0.018679357525282568
3353,L50532,L,301.4,310.8,1610.0,34.6,187.0,0,0,9.400000000000034,55706.0,0.021477343265052764
3354,L50533,L,301.6,310.9,1632.0,31.6,189.0,0,0,9.299999999999955,51571.200000000004,0.019350887936313534
3355,L50534,L,301.6,310.9,1559.0,40.2,191.0,0,0,9.299999999999955,62671.8,0.02576923076923077
3356,L50535,L,301.5,310.8,1367.0,49.0,193.0,0,0,9.300000000000011,66983.0,0.035818713450292396
3357,L50536,L,301.6,310.8,1355.0,57.8,195.0,1,0,9.199999999999989,78319.0,0.04262536873156342
3358,H32771,H,301.6,310.7,1414.0,51.7,197.0,0,0,9.099999999999966,73103.8,0.036537102473498236
3359,L50538,L,301.5,310.6,1522.0,36.6,202.0,0,0,9.100000000000023,55705.200000000004,0.02403151674326986
3360,L50539,L,301.5,310.6,1525.0,41.9,204.0,0,0,9.100000000000023,63897.5,0.027457404980340758
3361,L50540,L,301.5,310.6,1394.0,46.5,206.0,0,0,9.100000000000023,64821.0,0.03333333333333333
3362,L50541,L,301.5,310.6,1519.0,40.7,208.0,0,0,9.100000000000023,61823.3,0.026776315789473686
3363,L50542,L,301.4,310.6,1445.0,43.9,210.0,0,0,9.200000000000045,63435.5,0.030359612724757953
3364,L50543,L,301.4,310.6,1555.0,43.3,212.0,0,0,9.200000000000045,67331.5,0.027827763496143958
3365,L50544,L,301.4,310.5,1633.0,39.5,0.0,0,0,9.100000000000023,64503.5,0.024173806609547124
3366,M18225,M,301.4,310.6,1630.0,30.3,2.0,0,0,9.200000000000045,49389.0,0.01857755977927652
3367,M18226,M,301.4,310.7,1692.0,32.3,5.0,0,0,9.300000000000011,54651.6,0.019078558771411694
3368,H32781,H,301.5,310.7,1790.0,26.2,8.0,0,0,9.199999999999989,46898.0,0.014628699050809603
3369,L50548,L,301.5,310.8,1350.0,58.5,13.0,0,0,9.300000000000011,78975.0,0.04330125832716506
3370,L50549,L,301.5,310.9,2760.0,8.0,15.0,1,0,9.399999999999977,22080.0,0.002897500905469033
3371,L50550,L,301.4,310.7,1584.0,32.2,17.0,0,0,9.300000000000011,51004.8,0.020315457413249215
3372,L50551,L,301.4,310.7,1989.0,21.8,19.0,0,0,9.300000000000011,43360.200000000004,0.010954773869346734
3373,L50552,L,301.4,310.8,1431.0,44.3,21.0,0,0,9.400000000000034,63393.299999999996,0.030935754189944133
3374,L50553,L,301.4,310.7,1568.0,35.2,23.0,0,0,9.300000000000011,55193.600000000006,0.022434671765455706
3375,L50554,L,301.4,310.7,1376.0,50.6,25.0,0,0,9.300000000000011,69625.6,0.036746550472040666
3376,M18235,M,301.4,310.6,1459.0,46.9,27.0,0,0,9.200000000000045,68427.09999999999,0.032123287671232875
3377,M18236,M,301.5,310.8,1385.0,47.5,30.0,0,0,9.300000000000011,65787.5,0.03427128427128427
3378,H32791,H,301.5,310.8,1591.0,29.6,33.0,0,0,9.300000000000011,47093.600000000006,0.018592964824120605
3379,L50558,L,301.5,310.7,1568.0,33.1,38.0,0,0,9.199999999999989,51900.8,0.02109623964308477
3380,M18239,M,301.4,310.7,1459.0,37.7,40.0,0,0,9.300000000000011,55004.3,0.02582191780821918
3381,L50560,L,301.4,310.7,1590.0,36.3,43.0,0,0,9.300000000000011,57716.99999999999,0.02281583909490886
3382,L50561,L,301.3,310.6,1376.0,47.6,45.0,0,0,9.300000000000011,65497.6,0.034567901234567905
3383,L50562,L,301.3,310.6,1510.0,38.5,47.0,0,0,9.300000000000011,58135.0,0.025479814692256783
3384,H32797,H,301.4,310.6,1674.0,33.6,49.0,0,0,9.200000000000045,56246.4,0.020059701492537316
3385,L50564,L,301.3,310.6,1426.0,40.7,54.0,0,0,9.300000000000011,58038.200000000004,0.02852137351086195
3386,L50565,L,301.5,310.7,1466.0,43.6,56.0,0,0,9.199999999999989,63917.6,0.029720518064076346
3387,H32800,H,301.5,310.8,1474.0,38.7,58.0,0,0,9.300000000000011,57043.8,0.02623728813559322
3388,M18247,M,301.6,310.8,1290.0,65.3,63.0,0,0,9.199999999999989,84237.0,0.05058094500387297
3389,M18248,M,301.7,310.9,1435.0,48.0,66.0,0,0,9.199999999999989,68880.0,0.033426183844011144
3390,M18249,M,301.5,310.7,1416.0,53.2,69.0,0,0,9.199999999999989,75331.2,0.03754410726887791
3391,H32804,H,301.5,310.7,1599.0,40.4,72.0,0,0,9.199999999999989,64599.6,0.025249999999999998
3392,L50571,L,301.5,310.7,1466.0,47.3,77.0,0,0,9.199999999999989,69341.8,0.03224267211997273
3393,L50572,L,301.5,310.7,1408.0,47.3,79.0,0,0,9.199999999999989,66598.4,0.033569907735982965
3394,L50573,L,301.5,310.6,1490.0,48.1,81.0,0,0,9.100000000000023,71669.0,0.032260228034875923
3395,L50574,L,301.5,310.6,1405.0,42.3,83.0,0,0,9.100000000000023,59431.49999999999,0.030085348506401138
3396,L50575,L,301.4,310.5,1647.0,33.3,85.0,0,0,9.100000000000023,54845.1,0.02020631067961165
3397,M18256,M,301.4,310.6,1459.0,35.0,87.0,0,0,9.200000000000045,51065.0,0.023972602739726026
3398,L50577,L,301.4,310.6,1648.0,30.7,90.0,0,0,9.200000000000045,50593.6,0.018617343844754396
3399,L50578,L,301.4,310.7,1675.0,30.7,92.0,0,0,9.300000000000011,51422.5,0.018317422434367542
3400,L50579,L,301.4,310.7,1605.0,34.2,94.0,0,0,9.300000000000011,54891.00000000001,0.021295143212951433
3401,H32814,H,301.4,310.7,1536.0,44.4,96.0,0,0,9.300000000000011,68198.4,0.02888744307091737
3402,M18261,M,301.4,310.7,1617.0,34.3,101.0,0,0,9.300000000000011,55463.1,0.021199011124845485
3403,L50582,L,301.4,310.6,1347.0,53.3,104.0,0,0,9.200000000000045,71795.09999999999,0.03954005934718101
3404,L50583,L,301.3,310.5,1337.0,52.7,106.0,0,0,9.199999999999989,70459.90000000001,0.03938714499252616
3405,L50584,L,301.3,310.4,1695.0,30.9,108.0,0,0,9.099999999999966,52375.5,0.01821933962264151
3406,M18265,M,301.3,310.4,1635.0,32.5,110.0,0,0,9.099999999999966,53137.5,0.01986552567237164
3407,L50586,L,301.2,310.4,1470.0,44.0,113.0,0,0,9.199999999999989,64680.0,0.02991162474507138
3408,L50587,L,301.2,310.4,1381.0,49.8,115.0,0,0,9.199999999999989,68773.8,0.036034732272069464
3409,M18268,M,301.2,310.4,1382.0,41.6,117.0,0,0,9.199999999999989,57491.200000000004,0.03007953723788865
3410,M18269,M,301.2,310.4,1697.0,30.0,120.0,0,0,9.199999999999989,50910.0,0.0176678445229682
3411,L50590,L,301.2,310.3,1451.0,39.7,123.0,0,0,9.100000000000023,57604.700000000004,0.027341597796143254
3412,L50591,L,301.3,310.3,1419.0,55.7,125.0,0,0,9.0,79038.3,0.03922535211267606
3413,L50592,L,301.3,310.3,1313.0,55.6,127.0,0,0,9.0,73002.8,0.042313546423135465
3414,L50593,L,301.3,310.3,1560.0,36.3,129.0,0,0,9.0,56627.99999999999,0.023254324151185137
3415,L50594,L,301.3,310.3,1555.0,41.2,131.0,0,0,9.0,64066.00000000001,0.026478149100257073
3416,L50595,L,301.4,310.4,1579.0,36.9,133.0,0,0,9.0,58265.1,0.023354430379746834
3417,L50596,L,301.5,310.5,1435.0,44.6,135.0,0,0,9.0,64001.0,0.03105849582172702
3418,L50597,L,301.6,310.6,1621.0,33.7,137.0,0,0,9.0,54627.700000000004,0.020776818742293465
3419,H32832,H,301.6,310.6,1555.0,40.4,139.0,0,0,9.0,62822.0,0.02596401028277635
3420,L50599,L,301.5,310.5,1611.0,33.8,144.0,0,0,9.0,54451.799999999996,0.02096774193548387
3421,L50600,L,301.6,310.6,1834.0,23.5,146.0,0,0,9.0,43099.0,0.012806539509536785
3422,M18281,M,301.5,310.5,1612.0,29.8,148.0,0,0,9.0,48037.6,0.01847489150650961
3423,L50602,L,301.5,310.4,1629.0,34.1,151.0,0,0,8.899999999999977,55548.9,0.020920245398773008
3424,L50603,L,301.4,310.4,1496.0,35.2,153.0,0,0,9.0,52659.200000000004,0.02351369405477622
3425,L50604,L,301.5,310.5,1593.0,32.9,155.0,0,0,9.0,52409.7,0.020639899623588455
3426,M18285,M,301.5,310.5,1623.0,33.5,157.0,0,0,9.0,54370.5,0.02062807881773399
3427,L50606,L,301.5,310.5,1380.0,48.7,160.0,0,0,9.0,67206.0,0.035264301230992036
3428,L50607,L,301.6,310.6,1562.0,34.4,162.0,0,0,9.0,53732.799999999996,0.02200895713371721
3429,L50608,L,301.6,310.6,1391.0,49.4,164.0,0,0,9.0,68715.4,0.035488505747126434
3430,H32843,H,301.5,310.5,1551.0,34.3,166.0,0,0,9.0,53199.299999999996,0.022100515463917524
3431,H32844,H,301.6,310.6,1821.0,26.2,171.0,0,0,9.0,47710.2,0.01437980241492865
3432,L50611,L,301.6,310.7,1429.0,43.6,176.0,0,0,9.099999999999966,62304.4,0.030489510489510492
3433,M18292,M,301.6,310.7,2012.0,20.7,178.0,0,0,9.099999999999966,41648.4,0.010283159463487332
3434,M18293,M,301.6,310.6,1924.0,23.6,181.0,0,0,9.0,45406.4,0.01225974025974026
3435,M18294,M,301.5,310.5,1503.0,44.1,184.0,0,0,9.0,66282.3,0.0293218085106383
3436,L50615,L,300.1,310.5,1389.0,54.9,187.0,0,0,10.399999999999977,76256.09999999999,0.03949640287769784
3437,L50616,L,301.5,310.5,1466.0,48.1,189.0,0,0,9.0,70514.6,0.03278800272665303
3438,L50617,L,301.5,310.5,2297.0,15.8,191.0,0,0,9.0,36292.6,0.006875543951261967
3439,L50618,L,301.4,310.4,1471.0,37.5,193.0,0,0,9.0,55162.5,0.025475543478260868
3440,L50619,L,301.4,310.3,1492.0,41.4,195.0,0,0,8.900000000000034,61768.799999999996,0.027729403884795712
3441,L50620,L,301.3,310.3,1460.0,41.5,197.0,0,0,9.0,60590.0,0.02840520191649555
3442,L50621,L,301.4,310.4,1559.0,39.4,199.0,0,0,9.0,61424.6,0.025256410256410254
3443,M18302,M,301.4,310.5,1495.0,52.5,201.0,0,0,9.100000000000023,78487.5,0.035093582887700536
3444,L50623,L,301.5,310.5,1535.0,39.0,204.0,0,0,9.0,59865.0,0.025390625
3445,L50624,L,301.5,310.6,1381.0,50.7,206.0,0,0,9.100000000000023,70016.7,0.036685962373371926
3446,M18305,M,301.6,310.6,1599.0,36.1,208.0,0,0,9.0,57723.9,0.0225625
3447,H32860,H,301.6,310.6,1400.0,49.5,211.0,0,0,9.0,69300.0,0.035331905781584586
3448,L50627,L,301.7,310.6,1624.0,34.5,216.0,0,0,8.900000000000034,56028.0,0.02123076923076923
3449,L50628,L,301.6,310.6,1478.0,36.6,218.0,0,0,9.0,54094.8,0.024746450304259635
3450,L50629,L,301.7,310.7,1605.0,33.3,220.0,0,0,9.0,53446.49999999999,0.020734744707347444
3451,L50630,L,301.6,310.6,1506.0,43.4,222.0,0,0,9.0,65360.4,0.028798938287989382
3452,L50631,L,301.6,310.6,1455.0,43.9,0.0,0,0,9.0,63874.5,0.0301510989010989
3453,H32866,H,301.6,310.5,1602.0,32.3,2.0,0,0,8.899999999999977,51744.6,0.02014971927635683
3454,L50633,L,301.5,310.4,1425.0,54.4,7.0,0,0,8.899999999999977,77520.0,0.03814866760168303
3455,L50634,L,301.5,310.4,1918.0,21.8,9.0,0,0,8.899999999999977,41812.4,0.011360083376758728
3456,H32869,H,301.4,310.3,1611.0,41.5,11.0,0,0,8.900000000000034,66856.5,0.02574441687344913
3457,H32870,H,301.4,310.4,1610.0,38.6,16.0,0,0,9.0,62146.0,0.023960273122284298
3458,M18317,M,301.5,310.4,2639.0,12.0,21.0,1,0,8.899999999999977,31668.0,0.004545454545454545
3459,L50638,L,301.5,310.4,1329.0,46.6,24.0,0,0,8.899999999999977,61931.4,0.03503759398496241
3460,L50639,L,301.5,310.4,1270.0,54.2,26.0,0,0,8.899999999999977,68834.0,0.04264358772619985
3461,L50640,L,301.5,310.3,1415.0,41.6,28.0,0,0,8.800000000000011,58864.0,0.02937853107344633
3462,H32875,H,301.6,310.4,1330.0,49.5,30.0,0,0,8.799999999999955,65835.0,0.0371900826446281
3463,H32876,H,301.6,310.5,1786.0,27.1,35.0,0,0,8.899999999999977,48400.600000000006,0.015165081141578064
3464,L50643,L,301.6,310.5,1809.0,25.5,40.0,0,0,8.899999999999977,46129.5,0.01408839779005525
3465,L50644,L,301.7,310.6,1303.0,59.7,42.0,0,0,8.900000000000034,77789.1,0.045782208588957055
3466,M18325,M,301.8,310.7,1383.0,45.7,44.0,0,0,8.899999999999977,63203.100000000006,0.03302023121387283
3467,L50646,L,301.7,310.6,1447.0,56.9,47.0,0,0,8.900000000000034,82334.3,0.03929558011049724
3468,L50647,L,301.8,310.7,1461.0,44.2,49.0,0,0,8.899999999999977,64576.200000000004,0.030232558139534887
3469,L50648,L,301.8,310.7,2092.0,18.6,51.0,0,0,8.899999999999977,38911.200000000004,0.008886765408504539
3470,M18329,M,301.8,310.7,1429.0,47.9,53.0,0,0,8.899999999999977,68449.09999999999,0.033496503496503495
3471,L50650,L,301.8,310.8,1736.0,26.5,56.0,0,0,9.0,46004.0,0.015256188831318365
3472,L50651,L,301.8,310.7,1441.0,49.3,58.0,0,0,8.899999999999977,71041.3,0.034188626907073506
3473,L50652,L,301.8,310.7,1523.0,43.3,60.0,0,0,8.899999999999977,65945.9,0.028412073490813646
3474,M18333,M,301.8,310.8,1691.0,33.4,62.0,0,0,9.0,56479.399999999994,0.019739952718676124
3475,M18334,M,301.9,310.8,1557.0,35.3,65.0,0,0,8.900000000000034,54962.1,0.022657252888318356
3476,L50655,L,301.8,310.7,1644.0,33.4,68.0,0,0,8.899999999999977,54909.6,0.020303951367781153
3477,L50656,L,301.8,310.6,1522.0,43.8,70.0,0,0,8.800000000000011,66663.59999999999,0.02875902823374918
3478,L50657,L,301.8,310.7,1547.0,41.7,72.0,0,0,8.899999999999977,64509.9,0.026937984496124032
3479,L50658,L,301.8,310.7,1597.0,30.8,74.0,0,0,8.899999999999977,49187.6,0.019274092615769713
3480,M18339,M,301.8,310.8,1619.0,31.0,76.0,0,0,9.0,50189.0,0.019135802469135803
3481,L50660,L,301.9,310.8,1400.0,58.2,79.0,0,0,8.900000000000034,81480.0,0.041541755888650965
3482,L50661,L,302.0,310.9,1663.0,31.5,81.0,0,0,8.899999999999977,52384.5,0.01893028846153846
3483,L50662,L,301.9,310.8,1540.0,37.6,83.0,0,0,8.900000000000034,57904.0,0.024399740428293317
3484,H32897,H,301.9,310.8,1455.0,42.7,85.0,0,0,8.900000000000034,62128.50000000001,0.02932692307692308
3485,L50664,L,301.9,310.8,1519.0,39.0,90.0,0,0,8.900000000000034,59241.0,0.025657894736842105
3486,L50665,L,301.9,310.8,1427.0,47.7,92.0,0,0,8.900000000000034,68067.90000000001,0.033403361344537814
3487,L50666,L,301.9,310.8,1650.0,29.8,94.0,0,0,8.900000000000034,49170.0,0.018049666868564507
3488,M18347,M,301.8,310.8,1508.0,38.8,96.0,0,0,9.0,58510.399999999994,0.025712392312789926
3489,L50668,L,301.9,310.9,1379.0,54.8,99.0,0,0,9.0,75569.2,0.03971014492753623
3490,L50669,L,301.9,310.9,1542.0,36.7,101.0,0,0,9.0,56591.4,0.023784834737524307
3491,M18350,M,301.9,310.9,1763.0,28.4,103.0,0,0,9.0,50069.2,0.016099773242630386
3492,H32905,H,301.9,310.9,1590.0,34.3,106.0,0,0,9.0,54536.99999999999,0.021558768070395976
3493,H32906,H,301.9,311.0,1336.0,63.6,111.0,0,0,9.100000000000023,84969.6,0.04756918474195961
3494,M18353,M,301.9,311.0,1638.0,35.4,116.0,0,0,9.100000000000023,57985.2,0.021598535692495424
3495,L50674,L,301.9,311.0,1356.0,45.7,119.0,0,0,9.100000000000023,61969.200000000004,0.03367722918201916
3496,M18355,M,301.9,311.0,1384.0,47.4,121.0,0,0,9.100000000000023,65601.59999999999,0.034223826714801446
3497,L50676,L,301.9,310.9,1309.0,48.0,124.0,0,0,9.0,62832.0,0.0366412213740458
3498,L50677,L,301.9,311.0,1642.0,33.1,126.0,0,0,9.100000000000023,54350.200000000004,0.02014607425441266
3499,L50678,L,301.9,311.0,1289.0,54.9,128.0,0,0,9.100000000000023,70766.09999999999,0.04255813953488372
3500,L50679,L,301.9,311.0,1353.0,43.8,130.0,0,0,9.100000000000023,59261.399999999994,0.032348596750369274
3501,H32914,H,301.9,311.0,1871.0,26.0,132.0,0,0,9.100000000000023,48646.0,0.013888888888888888
3502,H32915,H,301.9,311.0,1291.0,63.6,137.0,0,0,9.100000000000023,82107.6,0.049226006191950465
3503,M18362,M,301.8,310.9,1346.0,44.6,142.0,0,0,9.099999999999966,60031.6,0.033110616184112845
3504,L50683,L,301.7,310.8,1493.0,47.6,145.0,0,0,9.100000000000023,71066.8,0.031860776439089696
3505,M18364,M,301.7,310.8,1524.0,41.3,147.0,0,0,9.100000000000023,62941.2,0.027081967213114753
3506,L50685,L,301.6,310.8,1726.0,26.7,150.0,0,0,9.199999999999989,46084.2,0.015460335842501447
3507,H32920,H,301.6,310.8,1435.0,47.2,152.0,0,0,9.199999999999989,67732.0,0.03286908077994429
3508,M18367,M,301.7,310.8,1502.0,34.4,157.0,0,0,9.100000000000023,51668.799999999996,0.022887558216899532
3509,L50688,L,301.7,310.9,1608.0,33.0,160.0,0,0,9.199999999999989,53064.0,0.020509633312616533
3510,L50689,L,301.8,311.0,1771.0,27.2,162.0,0,0,9.199999999999989,48171.2,0.015349887133182845
3511,L50690,L,301.7,311.0,1474.0,42.6,164.0,0,0,9.300000000000011,62792.4,0.028881355932203392
3512,L50691,H,301.8,311.0,1322.0,53.0,166.0,0,0,9.199999999999989,70066.0,0.0400604686318972
3513,M18372,M,301.8,311.0,1393.0,49.5,168.0,0,0,9.199999999999989,68953.5,0.03550932568149211
3514,M18373,M,301.9,311.1,1417.0,52.5,171.0,0,0,9.200000000000045,74392.5,0.03702397743300423
3515,H32928,H,301.9,311.0,1430.0,49.8,174.0,0,0,9.100000000000023,71214.0,0.034800838574423475
3516,M18375,M,301.9,311.1,1605.0,40.0,179.0,0,0,9.200000000000045,64200.0,0.024906600249066
3517,L50696,L,302.0,311.1,1402.0,47.8,182.0,0,0,9.100000000000023,67015.59999999999,0.034069850320741266
3518,L50697,L,302.0,311.0,1550.0,35.2,184.0,0,0,9.0,54560.00000000001,0.02269503546099291
3519,L50698,L,301.9,311.0,1376.0,44.9,186.0,0,0,9.100000000000023,61782.4,0.03260711692084241
3520,M18379,M,301.9,310.9,1569.0,32.5,188.0,0,0,9.0,50992.5,0.020700636942675158
3521,L50700,L,301.9,311.0,1669.0,32.2,191.0,0,0,9.100000000000023,53741.8,0.019281437125748504
3522,L50701,L,301.9,311.0,1541.0,38.9,193.0,0,0,9.100000000000023,59944.899999999994,0.02522697795071336
3523,L50702,H,301.8,311.0,1651.0,32.5,195.0,0,0,9.199999999999989,53657.5,0.01967312348668281
3524,L50703,L,301.8,310.9,1521.0,39.3,197.0,0,0,9.099999999999966,59775.299999999996,0.025821287779237843
3525,M18384,M,301.8,310.8,1365.0,48.2,199.0,0,0,9.0,65793.0,0.03528550512445095
3526,L50705,L,301.8,310.9,1609.0,31.7,202.0,0,0,9.099999999999966,51005.299999999996,0.01968944099378882
3527,H32940,H,301.8,310.8,1470.0,37.6,204.0,0,0,9.0,55272.0,0.025560842963970088
3528,M18387,M,301.9,310.9,1573.0,38.9,209.0,0,0,9.0,61189.7,0.0247141041931385
3529,L50708,M,302.0,310.9,1378.0,53.1,212.0,1,0,8.899999999999977,73171.8,0.03850616388687455
3530,L50709,L,301.9,310.9,1567.0,39.0,214.0,1,1,9.0,61113.0,0.024872448979591837
3531,M18390,M,301.9,310.9,1441.0,43.7,0.0,0,0,9.0,62971.700000000004,0.030305131761442443
3532,M18391,M,301.9,310.9,1641.0,33.2,3.0,0,0,9.0,54481.200000000004,0.020219244823386117
3533,L50712,L,301.9,310.9,1486.0,40.3,6.0,0,0,9.0,59885.799999999996,0.02710154673839946
3534,L50713,L,302.0,311.0,1563.0,36.2,8.0,0,0,9.0,56580.600000000006,0.023145780051150897
3535,M18394,M,302.0,311.1,1769.0,26.0,10.0,0,0,9.100000000000023,45994.0,0.014689265536723164
3536,H32949,H,301.9,311.0,1672.0,29.9,13.0,0,0,9.100000000000023,49992.799999999996,0.017872086072922892
3537,L50716,L,302.0,311.0,1632.0,34.2,18.0,0,0,9.0,55814.4,0.020943049601959585
3538,M18397,M,302.0,311.0,1980.0,21.5,20.0,0,0,9.0,42570.0,0.010853104492680465
3539,L50718,L,302.0,311.1,1635.0,36.0,23.0,0,0,9.100000000000023,58860.0,0.022004889975550123
3540,L50719,L,302.0,311.0,1686.0,32.5,25.0,0,0,9.0,54795.0,0.01926496739774748
3541,L50720,L,301.9,310.9,1574.0,31.4,27.0,0,0,9.0,49423.6,0.019936507936507936
3542,L50721,L,301.8,310.8,1546.0,43.4,29.0,0,0,9.0,67096.4,0.028054298642533934
3543,L50722,L,301.8,310.9,1899.0,24.7,31.0,0,0,9.099999999999966,46905.299999999996,0.013
3544,L50723,L,301.8,310.9,1449.0,36.5,33.0,0,0,9.099999999999966,52888.5,0.02517241379310345
3545,M18404,M,301.9,310.9,1483.0,37.0,35.0,0,0,9.0,54871.0,0.024932614555256066
3546,L50725,L,301.8,310.8,1576.0,38.6,38.0,0,0,9.0,60833.600000000006,0.024476854787571337
3547,M18406,M,301.9,310.9,1317.0,51.9,40.0,0,0,9.0,68352.3,0.03937784522003035
3548,M18407,M,301.9,311.0,1467.0,48.1,43.0,0,0,9.100000000000023,70562.7,0.03276566757493188
3549,L50728,L,301.9,310.9,1616.0,34.5,46.0,0,0,9.0,55752.0,0.021335807050092765
3550,M18409,M,301.8,310.9,1299.0,60.4,48.0,0,0,9.099999999999966,78459.59999999999,0.046461538461538464
3551,M18410,M,301.9,311.0,1432.0,41.5,51.0,0,0,9.100000000000023,59428.0,0.02896022330774599
3552,L50731,L,301.9,310.9,1799.0,24.2,54.0,0,0,9.0,43535.799999999996,0.013444444444444445
3553,M18412,M,301.8,310.9,1358.0,52.3,56.0,0,0,9.099999999999966,71023.4,0.03848417954378219
3554,M18413,M,301.8,310.8,1618.0,37.8,59.0,0,0,9.0,61160.399999999994,0.023347745521927112
3555,L50734,L,301.9,310.8,1525.0,43.2,62.0,0,0,8.900000000000034,65880.0,0.028309305373525558
3556,L50735,L,301.8,310.7,1551.0,37.7,64.0,0,0,8.899999999999977,58472.700000000004,0.024291237113402062
3557,L50736,L,301.9,310.8,1735.0,31.5,66.0,0,0,8.900000000000034,54652.5,0.018145161290322582
3558,M18417,M,301.8,310.7,1309.0,43.3,68.0,0,0,8.899999999999977,56679.7,0.033053435114503815
3559,L50738,L,301.7,310.6,1743.0,26.2,71.0,0,0,8.900000000000034,45666.6,0.015022935779816513
3560,M18419,M,301.7,310.7,1659.0,29.9,73.0,0,0,9.0,49604.1,0.018012048192771083
3561,L50740,L,301.8,310.7,1680.0,32.4,76.0,0,0,8.899999999999977,54432.0,0.019274241522903034
3562,L50741,L,301.7,310.6,1486.0,38.5,78.0,0,0,8.900000000000034,57211.0,0.02589105581708137
3563,L50742,L,301.7,310.6,1471.0,43.8,80.0,0,0,8.900000000000034,64429.799999999996,0.029755434782608694
3564,M18423,M,301.8,310.7,1465.0,35.8,82.0,0,0,8.899999999999977,52446.99999999999,0.02442019099590723
3565,M18424,M,301.7,310.6,1492.0,42.2,85.0,0,0,8.900000000000034,62962.4,0.02826523777628935
3566,M18425,M,301.8,310.7,1420.0,52.0,88.0,0,0,8.899999999999977,73840.0,0.036593947923997186
3567,L50746,L,301.8,310.6,1295.0,62.3,91.0,0,0,8.800000000000011,80678.5,0.04807098765432099
3568,L50747,L,301.8,310.5,1548.0,34.1,93.0,0,0,8.699999999999989,52786.8,0.022014202711426727
3569,L50748,L,301.8,310.6,1372.0,54.7,95.0,0,0,8.800000000000011,75048.40000000001,0.03983976693372178
3570,M18429,M,301.8,310.6,1552.0,35.9,97.0,0,0,8.800000000000011,55716.799999999996,0.02311654861558274
3571,H32984,H,301.8,310.6,1441.0,46.3,100.0,0,0,8.800000000000011,66718.3,0.032108183079056864
3572,M18431,M,301.7,310.6,1691.0,27.7,105.0,0,0,8.900000000000034,46840.7,0.016371158392434988
3573,L50752,L,301.8,310.6,1451.0,50.7,108.0,0,0,8.800000000000011,73565.7,0.03491735537190083
3574,L50753,L,301.8,310.6,1452.0,48.4,110.0,0,0,8.800000000000011,70276.8,0.03331039229181005
3575,L50754,L,301.7,310.6,1406.0,46.0,112.0,0,0,8.900000000000034,64676.0,0.032693674484719264
3576,L50755,L,301.7,310.5,1567.0,39.1,114.0,0,0,8.800000000000011,61269.700000000004,0.02493622448979592
3577,L50756,L,301.6,310.4,1599.0,41.7,116.0,0,0,8.799999999999955,66678.3,0.026062500000000002
3578,M18437,M,301.6,310.4,1455.0,39.0,118.0,0,0,8.799999999999955,56745.0,0.026785714285714284
3579,M18438,M,301.7,310.5,1625.0,35.9,121.0,0,0,8.800000000000011,58337.5,0.02207872078720787
3580,L50759,L,301.8,310.6,2672.0,11.8,124.0,1,0,8.800000000000011,31529.600000000002,0.004414515525626637
3581,L50760,L,301.8,310.6,1650.0,31.9,126.0,0,0,8.800000000000011,52635.0,0.019321623258631133
3582,M18441,M,301.8,310.6,1459.0,40.2,128.0,0,0,8.800000000000011,58651.8,0.027534246575342466
3583,L50762,L,301.8,310.6,1395.0,50.5,131.0,0,0,8.800000000000011,70447.5,0.03617478510028653
3584,L50763,L,301.8,310.7,1751.0,29.3,133.0,0,0,8.899999999999977,51304.3,0.016723744292237445
3585,L50764,L,300.1,310.6,1192.0,68.9,135.0,0,0,10.5,82128.8,0.05775356244761107
3586,L50765,L,301.9,310.7,1947.0,25.0,137.0,0,0,8.800000000000011,48675.0,0.012833675564681724
3587,L50766,L,301.8,310.5,1593.0,34.9,139.0,0,0,8.699999999999989,55595.7,0.021894604767879546
3588,H33001,H,301.8,310.5,1478.0,38.6,141.0,0,0,8.699999999999989,57050.8,0.02609871534820825
3589,M18448,M,301.7,310.1,1505.0,44.5,146.0,0,0,8.400000000000034,66972.5,0.02954847277556441
3590,L50769,L,301.7,310.5,2465.0,13.7,149.0,0,0,8.800000000000011,33770.5,0.005555555555555555
3591,L50770,L,301.8,310.6,1403.0,46.8,151.0,0,0,8.800000000000011,65660.4,0.03333333333333333
3592,M18451,M,301.7,310.5,1458.0,41.4,153.0,0,0,8.800000000000011,60361.2,0.028375599725839615
3593,H33006,H,301.6,310.4,1369.0,45.4,156.0,0,0,8.799999999999955,62152.6,0.03313868613138686
3594,M18453,M,301.6,310.4,1377.0,44.9,161.0,0,0,8.799999999999955,61827.299999999996,0.03258345428156749
3595,M18454,M,301.6,310.4,1452.0,45.7,164.0,0,0,8.799999999999955,66356.40000000001,0.03145216792842395
3596,L50775,L,301.6,310.4,1517.0,41.1,167.0,0,0,8.799999999999955,62348.700000000004,0.02707509881422925
3597,L50776,L,301.7,310.5,1354.0,50.0,169.0,0,0,8.800000000000011,67700.0,0.03690036900369004
3598,M18457,M,301.7,310.5,1724.0,33.0,171.0,0,0,8.800000000000011,56892.0,0.019130434782608695
3599,L50778,L,301.7,310.5,1399.0,53.2,174.0,0,0,8.800000000000011,74426.8,0.038
3600,H33013,H,301.7,310.5,1388.0,50.5,176.0,0,0,8.800000000000011,70094.0,0.03635709143268539
3601,L50780,L,301.7,310.5,1523.0,34.7,181.0,0,0,8.800000000000011,52848.100000000006,0.022769028871391078
3602,L50781,L,301.7,310.5,1377.0,43.1,183.0,0,0,8.800000000000011,59348.700000000004,0.03127721335268505
3603,M18462,M,301.7,310.6,1417.0,45.2,185.0,0,0,8.900000000000034,64048.4,0.03187588152327222
3604,L50783,L,301.7,310.7,1542.0,40.0,188.0,0,0,9.0,61680.0,0.02592352559948153
3605,L50784,L,301.8,310.8,1557.0,33.3,190.0,0,0,9.0,51848.1,0.021373555840821564
3606,L50785,L,301.7,310.7,1641.0,31.9,192.0,0,0,9.0,52347.899999999994,0.019427527405602923
3607,L50786,L,301.7,310.7,1318.0,55.0,194.0,0,0,9.0,72490.0,0.04169825625473844
3608,L50787,L,301.6,310.7,1638.0,33.8,196.0,0,0,9.099999999999966,55364.399999999994,0.02062233068944478
3609,M18468,M,301.7,310.8,1954.0,21.6,198.0,0,0,9.100000000000023,42206.4,0.011048593350383632
3610,M18469,M,301.7,310.9,1644.0,32.5,201.0,0,0,9.199999999999989,53430.0,0.019756838905775075
3611,M18470,M,301.7,310.8,1594.0,32.4,204.0,0,0,9.100000000000023,51645.6,0.02031347962382445
3612,L50791,L,301.7,310.9,1405.0,46.4,207.0,1,1,9.199999999999989,65192.0,0.033001422475106686
3613,L50792,L,301.7,310.8,1622.0,37.8,0.0,0,0,9.100000000000023,61311.6,0.023290203327171903
3614,L50793,L,301.7,310.9,1557.0,39.4,2.0,0,0,9.199999999999989,61345.799999999996,0.025288831835686778
3615,L50794,L,301.8,311.0,1606.0,33.3,4.0,0,0,9.199999999999989,53479.799999999996,0.02072184194150591
3616,M18475,M,301.8,311.1,1647.0,31.6,108.0,0,0,9.300000000000011,52045.200000000004,0.0191747572815534
3617,M18476,M,301.8,311.1,1413.0,42.2,9.0,0,0,9.300000000000011,59628.600000000006,0.029844413012729845
3618,L50797,L,301.8,311.0,1529.0,41.6,12.0,0,0,9.199999999999989,63606.4,0.027189542483660133
3619,L50798,L,301.9,311.1,1448.0,46.3,14.0,0,0,9.200000000000045,67042.4,0.03195307108350586
3620,L50799,L,301.9,311.2,1435.0,44.2,16.0,0,0,9.300000000000011,63427.00000000001,0.030779944289693596
3621,H33034,H,301.9,311.2,1474.0,41.8,18.0,0,0,9.300000000000011,61613.2,0.028338983050847456
3622,L50801,L,301.9,311.2,1657.0,29.1,23.0,0,0,9.300000000000011,48218.700000000004,0.017551266586248494
3623,L50802,L,302.0,311.3,1509.0,39.9,25.0,0,0,9.300000000000011,60209.1,0.02642384105960265
3624,M18483,M,302.0,311.3,1530.0,36.4,27.0,0,0,9.300000000000011,55692.0,0.023775310254735466
3625,M18484,M,302.0,311.4,1587.0,35.9,30.0,0,0,9.399999999999977,56973.299999999996,0.02260705289672544
3626,M18485,M,302.1,311.4,1467.0,40.1,33.0,0,0,9.299999999999955,58826.700000000004,0.02731607629427793
3627,M18486,M,302.2,311.5,1360.0,53.0,36.0,0,0,9.300000000000011,72080.0,0.038941954445260836
3628,L50807,L,302.2,311.5,1588.0,30.6,39.0,0,0,9.300000000000011,48592.8,0.019257394587791063
3629,L50808,L,302.2,311.4,1609.0,32.1,41.0,0,0,9.199999999999989,51648.9,0.019937888198757765
3630,L50809,L,302.1,311.3,1415.0,44.1,43.0,0,0,9.199999999999989,62401.5,0.03114406779661017
3631,L50810,L,302.0,311.2,1845.0,27.3,45.0,0,0,9.199999999999989,50368.5,0.014788732394366198
3632,M18491,M,302.1,311.4,1419.0,36.2,47.0,0,0,9.299999999999955,51367.8,0.025492957746478875
3633,L50812,L,302.1,311.3,1634.0,30.6,50.0,0,0,9.199999999999989,50000.4,0.018715596330275232
3634,M18493,M,302.2,311.3,1521.0,40.6,52.0,0,0,9.100000000000023,61752.6,0.026675427069645204
3635,L50814,L,302.2,311.4,1499.0,37.7,55.0,0,0,9.199999999999989,56512.3,0.025133333333333334
3636,M18495,M,302.1,311.2,1616.0,35.1,57.0,0,0,9.099999999999966,56721.600000000006,0.021706864564007423
3637,L50816,L,302.2,311.4,1449.0,46.5,60.0,0,0,9.199999999999989,67378.5,0.03206896551724138
3638,M18497,M,302.2,311.4,1626.0,31.6,62.0,0,0,9.199999999999989,51381.600000000006,0.01942224953902889
3639,M18498,M,302.3,311.5,1445.0,44.8,65.0,0,0,9.199999999999989,64735.99999999999,0.0309820193637621
3640,L50819,L,302.4,311.6,1622.0,40.1,68.0,0,0,9.200000000000045,65042.200000000004,0.024707332101047443
3641,H33054,H,302.4,311.6,1544.0,39.1,70.0,0,0,9.200000000000045,60370.4,0.025307443365695795
3642,L50821,L,302.3,311.6,1488.0,41.8,75.0,0,0,9.300000000000011,62198.399999999994,0.02807253190060443
3643,L50822,L,302.3,311.6,1309.0,57.6,77.0,0,0,9.300000000000011,75398.40000000001,0.04396946564885496
3644,L50823,L,302.3,311.6,1784.0,26.4,79.0,0,0,9.300000000000011,47097.6,0.014789915966386553
3645,L50824,L,302.2,311.5,1548.0,32.4,81.0,0,0,9.300000000000011,50155.2,0.02091672046481601
3646,L50825,L,302.2,311.5,1413.0,43.5,83.0,0,0,9.300000000000011,61465.5,0.030763790664780764
3647,M18506,M,302.2,311.5,1863.0,25.7,85.0,0,0,9.300000000000011,47879.1,0.01378755364806867
3648,L50827,L,302.2,311.5,1427.0,43.8,88.0,0,0,9.300000000000011,62502.6,0.030672268907563024
3649,M18508,M,302.2,311.5,1443.0,47.0,90.0,0,0,9.300000000000011,67821.0,0.03254847645429363
3650,L50829,L,302.2,311.5,1481.0,40.4,93.0,0,0,9.300000000000011,59832.4,0.027260458839406206
3651,L50830,L,302.1,311.4,1446.0,39.7,95.0,0,0,9.299999999999955,57406.200000000004,0.027436074637180376
3652,L50831,L,302.1,311.5,1444.0,44.9,97.0,0,0,9.399999999999977,64835.6,0.031072664359861592
3653,M18512,M,302.1,311.5,1341.0,50.8,99.0,0,0,9.399999999999977,68122.8,0.03785394932935916
3654,L50833,L,302.1,311.4,1518.0,37.4,102.0,0,0,9.299999999999955,56773.2,0.024621461487820934
3655,L50834,L,302.1,311.4,1603.0,35.9,104.0,0,0,9.299999999999955,57547.7,0.02238154613466334
3656,L50835,L,302.1,311.4,1686.0,30.9,106.0,0,0,9.299999999999955,52097.399999999994,0.018316538233550683
3657,M18516,M,302.1,311.5,1383.0,53.6,108.0,0,0,9.399999999999977,74128.8,0.03872832369942197
3658,L50837,L,302.1,311.5,1477.0,45.4,111.0,0,0,9.399999999999977,67055.8,0.030717185385656293
3659,M18518,M,302.2,311.5,1449.0,44.5,113.0,0,0,9.300000000000011,64480.5,0.030689655172413795
3660,M18519,M,302.2,311.5,1734.0,25.0,116.0,0,0,9.300000000000011,43350.0,0.01440922190201729
3661,L50840,L,302.3,311.6,1398.0,49.1,119.0,0,0,9.300000000000011,68641.8,0.03509649749821301
3662,M18521,M,302.3,311.7,1639.0,36.6,121.0,0,0,9.399999999999977,59987.4,0.02231707317073171
3663,M18522,M,302.3,311.7,1517.0,37.6,124.0,0,0,9.399999999999977,57039.200000000004,0.02476943346508564
3664,M18523,M,302.3,311.7,1442.0,41.7,127.0,0,0,9.399999999999977,60131.4,0.0288981288981289
3665,M18524,M,302.3,311.7,1685.0,30.8,130.0,0,0,9.399999999999977,51898.0,0.01826809015421115
3666,M18525,M,302.4,311.8,1358.0,50.6,133.0,0,0,9.400000000000034,68714.8,0.03723325974981604
3667,M18526,M,302.3,311.6,1608.0,39.9,136.0,0,0,9.300000000000011,64159.2,0.024798011187072717
3668,L50847,L,302.3,311.6,1665.0,34.3,139.0,0,0,9.300000000000011,57109.49999999999,0.020588235294117647
3669,L50848,L,302.3,311.7,1510.0,38.7,141.0,0,0,9.399999999999977,58437.00000000001,0.025612177365982796
3670,L50849,L,302.4,311.8,1465.0,40.2,143.0,0,0,9.400000000000034,58893.00000000001,0.02742155525238745
3671,L50850,L,302.3,311.7,1701.0,27.5,145.0,0,0,9.399999999999977,46777.5,0.01615746180963572
3672,M18531,M,302.3,311.7,1486.0,39.6,147.0,0,0,9.399999999999977,58845.6,0.026630800268997983
3673,L50852,L,302.3,311.6,1658.0,32.3,150.0,0,0,9.300000000000011,53553.399999999994,0.01946955997588909
3674,H33087,H,302.3,311.7,1449.0,44.5,152.0,0,0,9.399999999999977,64480.5,0.030689655172413795
3675,L50854,L,302.2,311.5,1346.0,52.4,157.0,0,0,9.300000000000011,70530.4,0.03890126206384558
3676,M18535,M,302.1,311.5,1866.0,23.1,159.0,0,0,9.399999999999977,43104.600000000006,0.012372790573111945
3677,M18536,M,302.2,311.5,1562.0,38.0,162.0,0,0,9.300000000000011,59356.0,0.02431222008957134
3678,M18537,M,302.3,311.7,1368.0,53.6,165.0,0,0,9.399999999999977,73324.8,0.03915266617969321
3679,L50858,L,302.2,311.5,1567.0,33.1,168.0,0,0,9.300000000000011,51867.700000000004,0.02110969387755102
3680,L50859,L,302.2,311.5,1725.0,34.0,170.0,0,0,9.300000000000011,58650.0,0.019698725376593278
3681,L50860,L,302.2,311.5,1744.0,31.2,172.0,0,0,9.300000000000011,54412.799999999996,0.017879656160458453
3682,M18541,M,302.1,311.3,1453.0,45.1,174.0,0,0,9.199999999999989,65530.3,0.031017881705639617
3683,L50862,L,302.1,311.2,1550.0,34.8,177.0,0,0,9.099999999999966,53939.99999999999,0.02243713733075435
3684,M18543,M,302.0,311.2,1558.0,39.1,179.0,0,0,9.199999999999989,60917.8,0.025080179602309172
3685,L50864,L,302.0,311.2,1270.0,65.3,182.0,1,0,9.199999999999989,82931.0,0.05137686860739575
3686,M18545,M,301.9,311.1,1380.0,51.6,184.0,0,0,9.200000000000045,71208.0,0.03736422881969587
3687,L50866,L,302.0,311.1,1406.0,50.5,187.0,0,0,9.100000000000023,71003.0,0.035891968727789623
3688,M18547,M,302.0,311.2,1625.0,30.7,189.0,0,0,9.199999999999989,49887.5,0.01888068880688807
3689,L50868,L,302.0,311.2,1420.0,45.8,192.0,0,0,9.199999999999989,65035.99999999999,0.032230823363828286
3690,L50869,L,302.1,311.4,1889.0,22.7,194.0,0,0,9.299999999999955,42880.299999999996,0.01201058201058201
3691,L50870,L,302.1,311.3,1477.0,43.6,196.0,0,0,9.199999999999989,64397.200000000004,0.029499323410013534
3692,L50871,L,302.1,311.2,1460.0,46.9,198.0,0,0,9.099999999999966,68474.0,0.032101300479123886
3693,L50872,L,302.1,311.3,1758.0,24.4,200.0,0,0,9.199999999999989,42895.2,0.013871517907902217
3694,L50873,L,302.1,311.3,1521.0,31.5,202.0,0,0,9.199999999999989,47911.5,0.020696452036793694
3695,M18554,M,302.1,311.3,1511.0,45.0,204.0,0,0,9.199999999999989,67995.0,0.02976190476190476
3696,L50875,L,302.2,311.3,1530.0,37.3,207.0,1,1,9.100000000000023,57068.99999999999,0.02436316133246244
3697,L50876,L,302.1,311.2,1454.0,46.8,0.0,0,0,9.099999999999966,68047.2,0.03216494845360825
3698,L50877,L,302.2,311.2,1928.0,23.1,2.0,0,0,9.0,44536.8,0.011975116640746502
3699,H33112,H,302.2,311.3,1758.0,26.4,4.0,0,0,9.100000000000023,46411.2,0.015008527572484366
3700,L50879,L,302.2,311.2,1649.0,33.2,9.0,0,0,9.0,54746.8,0.020121212121212123
3701,L50880,L,302.1,311.2,1447.0,50.3,11.0,0,0,9.099999999999966,72784.09999999999,0.03473756906077348
3702,L50881,L,302.1,311.2,1417.0,48.0,13.0,0,0,9.099999999999966,68016.0,0.03385049365303244
3703,L50882,L,302.0,311.2,1434.0,44.9,15.0,0,0,9.199999999999989,64386.6,0.03128919860627177
3704,M18563,M,302.0,311.2,1418.0,49.5,17.0,0,0,9.199999999999989,70191.0,0.03488372093023256
3705,M18564,M,302.0,311.2,1400.0,49.5,20.0,0,0,9.199999999999989,69300.0,0.035331905781584586
3706,M18565,M,302.0,311.3,1725.0,27.7,23.0,0,0,9.300000000000011,47782.5,0.0160486674391657
3707,L50886,L,302.0,311.3,1567.0,41.1,26.0,0,0,9.300000000000011,64403.700000000004,0.026211734693877553
3708,M18567,M,302.1,311.3,1497.0,38.4,28.0,0,0,9.199999999999989,57484.799999999996,0.02563417890520694
3709,L50888,L,302.1,311.4,1549.0,44.6,31.0,0,0,9.299999999999955,69085.40000000001,0.028774193548387096
3710,L50889,L,302.2,311.4,1754.0,26.9,33.0,0,0,9.199999999999989,47182.6,0.015327635327635326
3711,L50890,L,302.2,311.5,1489.0,38.3,35.0,0,0,9.300000000000011,57028.7,0.02570469798657718
3712,L50891,L,302.2,311.5,1543.0,38.5,37.0,0,0,9.300000000000011,59405.5,0.02493523316062176
3713,L50892,L,302.3,311.5,1543.0,33.1,39.0,0,0,9.199999999999989,51073.3,0.021437823834196894
3714,L50893,L,302.3,311.5,1565.0,35.6,41.0,0,0,9.199999999999989,55714.0,0.0227330779054917
3715,M18574,M,302.3,311.4,1855.0,23.9,43.0,0,0,9.099999999999966,44334.5,0.012877155172413793
3716,M18575,M,302.4,311.4,1475.0,45.2,46.0,0,0,9.0,66670.0,0.030623306233062333
3717,L50896,L,302.3,311.4,1609.0,32.3,49.0,0,0,9.099999999999966,51970.7,0.020062111801242233
3718,H33131,H,300.1,311.4,1443.0,44.1,51.0,0,0,11.299999999999955,63636.3,0.03054016620498615
3719,L50898,L,302.4,311.4,1450.0,44.1,56.0,0,0,9.0,63945.0,0.030392832529290145
3720,L50899,L,302.4,311.5,1590.0,39.9,58.0,0,0,9.100000000000023,63441.0,0.025078566939032054
3721,M18580,M,302.4,311.4,1508.0,41.2,60.0,0,0,9.0,62129.600000000006,0.02730284956925116
3722,M18581,M,302.2,311.2,1544.0,43.6,63.0,0,0,9.0,67318.40000000001,0.028220064724919093
3723,L50902,L,302.2,311.2,1451.0,41.8,66.0,0,0,9.0,60651.799999999996,0.028787878787878786
3724,L50903,L,302.3,311.2,1758.0,24.4,68.0,0,0,8.899999999999977,42895.2,0.013871517907902217
3725,M18584,M,302.3,311.2,1507.0,47.7,70.0,0,0,8.899999999999977,71883.90000000001,0.031631299734748014
3726,H33139,H,302.3,311.1,1543.0,37.5,73.0,0,0,8.800000000000011,57862.5,0.024287564766839378
3727,M18586,M,302.3,311.2,1505.0,36.7,78.0,0,0,8.899999999999977,55233.50000000001,0.024369189907038513
3728,L50907,L,302.3,311.2,1786.0,24.3,81.0,0,0,8.899999999999977,43399.8,0.013598209289311696
3729,L50908,L,302.3,311.3,1457.0,44.5,83.0,0,0,9.0,64836.5,0.030521262002743483
3730,M18589,M,302.4,311.3,1312.0,61.5,85.0,0,0,8.900000000000034,80688.0,0.04683929931454684
3731,M18590,M,302.3,311.2,1405.0,47.7,88.0,0,0,8.899999999999977,67018.5,0.03392603129445235
3732,M18591,M,302.2,311.2,1377.0,43.0,91.0,0,0,9.0,59211.0,0.031204644412191583
3733,M18592,M,302.2,311.2,1347.0,49.8,94.0,0,0,9.0,67080.59999999999,0.03694362017804154
3734,L50913,L,302.2,311.1,1470.0,39.6,97.0,0,0,8.900000000000034,58212.0,0.026920462270564244
3735,M18594,M,302.2,311.2,1873.0,24.0,99.0,0,0,9.0,44952.0,0.012806830309498399
3736,M18595,M,302.2,311.1,1434.0,58.6,102.0,0,0,8.900000000000034,84032.40000000001,0.04083623693379791
3737,H33150,H,302.2,311.1,1628.0,30.6,105.0,0,0,8.900000000000034,49816.8,0.01878453038674033
3738,L50917,L,302.2,311.1,1351.0,48.6,110.0,0,0,8.900000000000034,65658.6,0.03594674556213018
3739,M18598,M,302.3,311.2,1454.0,43.8,112.0,0,0,8.899999999999977,63685.2,0.03010309278350515
3740,M18599,M,302.2,311.2,1663.0,29.6,115.0,0,0,9.0,49224.8,0.017788461538461538
3741,L50920,L,302.3,311.2,1401.0,49.7,118.0,0,0,8.899999999999977,69629.7,0.03544935805991441
3742,L50921,L,302.4,311.3,1503.0,38.2,120.0,0,0,8.900000000000034,57414.600000000006,0.025398936170212768
3743,L50922,L,302.4,311.4,1564.0,35.0,122.0,0,0,9.0,54740.0,0.022364217252396165
3744,L50923,L,302.5,311.4,1759.0,24.6,124.0,0,0,8.899999999999977,43271.4,0.013977272727272729
3745,L50924,L,302.5,311.4,1409.0,53.1,126.0,0,0,8.899999999999977,74817.90000000001,0.03765957446808511
3746,L50925,L,302.6,311.4,1738.0,25.8,128.0,0,0,8.799999999999955,44840.4,0.014836112708453135
3747,H33160,H,302.5,311.3,1393.0,47.5,130.0,0,0,8.800000000000011,66167.5,0.03407460545193687
3748,L50927,L,302.5,311.1,1499.0,38.8,135.0,0,0,8.600000000000023,58161.2,0.025866666666666666
3749,L50928,L,302.5,311.1,1493.0,39.0,137.0,0,0,8.600000000000023,58227.0,0.02610441767068273
3750,L50929,L,302.4,311.1,1652.0,33.9,139.0,0,0,8.700000000000045,56002.799999999996,0.020508166969147004
3751,L50930,L,302.3,311.1,1589.0,29.9,141.0,0,0,8.800000000000011,47511.1,0.01880503144654088
3752,L50931,L,302.4,311.1,1520.0,42.2,143.0,0,0,8.700000000000045,64144.00000000001,0.027744904667981594
3753,H33166,H,302.3,311.1,1455.0,40.3,145.0,0,0,8.800000000000011,58636.49999999999,0.027678571428571427
3754,L50933,L,302.2,311.0,1463.0,46.8,150.0,0,0,8.800000000000011,68468.4,0.031967213114754096
3755,L50934,L,302.3,311.0,1442.0,43.7,152.0,0,0,8.699999999999989,63015.4,0.030284130284130285
3756,L50935,L,302.3,311.0,1329.0,51.5,154.0,0,0,8.699999999999989,68443.5,0.0387218045112782
3757,L50936,L,302.3,311.1,1546.0,33.1,156.0,0,0,8.800000000000011,51172.600000000006,0.021396250808015514
3758,M18617,M,302.2,311.1,1516.0,33.7,158.0,0,0,8.900000000000034,51089.200000000004,0.022214897824653926
3759,M18618,M,302.2,311.0,1476.0,47.4,161.0,0,0,8.800000000000011,69962.4,0.03209207853757617
3760,L50939,L,302.3,311.0,1412.0,47.0,164.0,0,0,8.699999999999989,66364.0,0.03326256192498231
3761,L50940,L,302.3,310.9,1377.0,46.8,166.0,1,0,8.599999999999966,64443.6,0.033962264150943396
3762,M18621,M,302.4,311.0,1490.0,37.1,168.0,0,0,8.600000000000023,55279.0,0.02488262910798122
3763,M18622,M,302.3,311.0,1526.0,37.7,171.0,0,0,8.699999999999989,57530.200000000004,0.02468893254747872
3764,L50943,L,302.3,311.0,1428.0,47.9,174.0,0,0,8.699999999999989,68401.2,0.03351994401679496
3765,L50944,L,302.4,311.0,1329.0,54.6,176.0,0,0,8.600000000000023,72563.40000000001,0.04105263157894737
3766,M18625,M,302.4,311.1,1443.0,51.8,178.0,0,0,8.700000000000045,74747.4,0.035872576177285315
3767,L50946,L,302.3,311.1,1373.0,53.0,181.0,0,0,8.800000000000011,72769.0,0.03857350800582242
3768,L50947,L,302.3,311.1,1630.0,35.6,183.0,0,0,8.800000000000011,58028.0,0.02182709993868792
3769,L50948,L,302.2,311.0,1555.0,34.2,185.0,0,0,8.800000000000011,53181.00000000001,0.021979434447300772
3770,M18629,M,302.2,311.0,1436.0,47.0,187.0,0,0,8.800000000000011,67492.0,0.032707028531663185
3771,L50950,L,302.3,311.0,1609.0,31.0,190.0,0,0,8.699999999999989,49879.0,0.019254658385093167
3772,M18631,M,302.3,311.0,1384.0,49.7,192.0,0,0,8.699999999999989,68784.8,0.03588447653429603
3773,L50952,L,302.4,311.1,1448.0,44.8,195.0,0,0,8.700000000000045,64870.399999999994,0.030917874396135265
3774,M18633,M,302.4,311.1,1887.0,22.4,197.0,0,0,8.700000000000045,42268.799999999996,0.011864406779661016
3775,M18634,M,302.4,311.1,1480.0,45.7,200.0,0,0,8.700000000000045,67636.0,0.03085752869682647
3776,H33189,H,302.5,311.1,1850.0,23.3,203.0,0,0,8.600000000000023,43105.0,0.012587790383576446
3777,L50956,L,302.5,311.1,1538.0,36.8,208.0,0,0,8.600000000000023,56598.399999999994,0.023911630929174785
3778,M18637,M,302.4,311.1,1721.0,30.1,210.0,0,0,8.700000000000045,51802.100000000006,0.017479674796747967
3779,M18638,M,302.4,311.1,1366.0,54.4,0.0,0,0,8.700000000000045,74310.4,0.03979517190929042
3780,L50959,L,302.3,311.0,1657.0,31.1,3.0,0,0,8.699999999999989,51532.700000000004,0.018757539203860075
3781,L50960,L,302.4,311.1,1446.0,42.9,5.0,0,0,8.700000000000045,62033.4,0.02964754664823773
3782,L50961,L,302.3,310.8,1465.0,43.8,7.0,0,0,8.5,64166.99999999999,0.02987721691678035
3783,L50962,L,302.2,310.8,1827.0,23.8,9.0,0,0,8.600000000000023,43482.6,0.013019693654266959
3784,H33197,H,302.2,310.8,1397.0,47.6,11.0,0,0,8.600000000000023,66497.2,0.0340486409155937
3785,L50964,L,302.2,310.8,1744.0,29.7,16.0,0,0,8.600000000000023,51796.799999999996,0.01702005730659026
3786,L50965,L,302.3,310.9,1545.0,36.7,18.0,0,0,8.599999999999966,56701.50000000001,0.023738680465717983
3787,L50966,L,302.3,310.9,1587.0,36.6,20.0,0,0,8.599999999999966,58084.200000000004,0.023047858942065493
3788,L50967,L,302.3,310.8,1377.0,47.3,22.0,1,0,8.5,65132.1,0.03432510885341074
3789,L50968,L,302.3,310.8,1511.0,48.1,24.0,0,0,8.5,72679.1,0.03181216931216931
3790,L50969,L,302.3,310.8,1650.0,32.4,26.0,0,0,8.5,53460.0,0.019624470018170803
3791,L50970,L,302.3,310.9,1412.0,48.9,28.0,0,0,8.599999999999966,69046.8,0.034607218683651804
3792,L50971,L,302.3,311.0,1528.0,43.1,30.0,0,0,8.699999999999989,65856.8,0.028188358404185744
3793,L50972,L,302.3,310.9,1459.0,35.0,32.0,0,0,8.599999999999966,51065.0,0.023972602739726026
3794,L50973,L,302.3,310.9,1379.0,49.3,34.0,1,0,8.599999999999966,67984.7,0.03572463768115942
3795,M18654,M,302.2,310.8,1356.0,48.3,36.0,0,0,8.600000000000023,65494.799999999996,0.03559322033898305
3796,M18655,M,302.1,310.8,1409.0,41.3,39.0,0,0,8.699999999999989,58191.7,0.02929078014184397
3797,M18656,M,302.1,310.8,1504.0,37.5,42.0,0,0,8.699999999999989,56400.0,0.024916943521594685
3798,L50977,L,302.1,310.8,1622.0,36.8,45.0,0,0,8.699999999999989,59689.6,0.022674060382008625
3799,L50978,L,302.1,310.8,1786.0,25.7,47.0,0,0,8.699999999999989,45900.2,0.01438164521544488
3800,L50979,L,302.2,310.9,1506.0,34.0,49.0,0,0,8.699999999999989,51204.0,0.0225613802256138
3801,M18660,M,302.1,310.9,1916.0,23.1,51.0,0,0,8.799999999999955,44259.600000000006,0.012050078247261347
3802,M18661,M,302.2,310.9,1771.0,27.6,54.0,0,0,8.699999999999989,48879.600000000006,0.015575620767494358
3803,M18662,M,302.2,310.9,1488.0,44.2,57.0,0,0,8.699999999999989,65769.6,0.029684351914036268
3804,L50983,L,302.2,310.9,1531.0,37.5,60.0,0,0,8.699999999999989,57412.5,0.02447780678851175
3805,L50984,L,302.3,310.9,1529.0,33.4,62.0,0,0,8.599999999999966,51068.6,0.021830065359477124
3806,M18665,M,302.4,311.0,1580.0,36.5,64.0,0,0,8.600000000000023,57670.0,0.023086654016445288
3807,M18666,M,302.3,310.9,1360.0,44.0,67.0,1,0,8.599999999999966,59840.0,0.03232916972814107
3808,M18667,M,302.3,311.0,1546.0,35.5,70.0,0,0,8.699999999999989,54883.0,0.022947640594699416
3809,M18668,M,302.3,310.9,1762.0,24.5,73.0,0,0,8.599999999999966,43169.0,0.013896766874645491
3810,L50989,L,302.2,310.8,1350.0,56.6,76.0,0,0,8.600000000000023,76410.0,0.041894892672094744
3811,M18670,M,302.2,310.8,1562.0,38.1,78.0,0,0,8.600000000000023,59512.200000000004,0.02437619961612284
3812,M18671,M,302.1,310.7,1608.0,30.3,81.0,0,0,8.599999999999966,48722.4,0.018831572405220636
3813,L50992,L,302.0,310.6,1392.0,50.0,84.0,0,0,8.600000000000023,69600.0,0.03589375448671931
3814,L50993,L,302.0,310.6,1467.0,44.9,86.0,0,0,8.600000000000023,65868.3,0.0305858310626703
3815,M18674,M,302.1,310.6,1326.0,59.1,88.0,1,0,8.5,78366.6,0.04453654860587792
3816,L50995,L,302.2,310.7,1769.0,24.9,91.0,0,0,8.5,44048.1,0.01406779661016949
3817,L50996,L,302.1,310.6,1459.0,47.6,93.0,0,0,8.5,69448.40000000001,0.0326027397260274
3818,M18677,M,302.1,310.6,1421.0,52.0,95.0,0,0,8.5,73892.0,0.03656821378340366
3819,L50998,L,302.1,310.7,1491.0,42.8,98.0,0,0,8.599999999999966,63814.799999999996,0.028686327077747986
3820,L50999,L,302.2,310.7,1567.0,36.4,100.0,0,0,8.5,57038.799999999996,0.023214285714285715
3821,L51000,L,302.3,310.8,1421.0,41.4,102.0,0,0,8.5,58829.4,0.02911392405063291
3822,L51001,L,302.3,310.9,1596.0,33.5,104.0,0,0,8.599999999999966,53466.0,0.020976831559173452
3823,M18682,M,302.4,311.0,1464.0,44.2,106.0,0,0,8.600000000000023,64708.8,0.030170648464163823
3824,M18683,M,302.3,310.9,1581.0,36.1,109.0,0,0,8.599999999999966,57074.100000000006,0.02281921618204804
3825,L51004,L,302.3,310.9,1620.0,30.3,112.0,0,0,8.599999999999966,49086.0,0.018692165330043184
3826,H33239,H,302.2,310.7,1413.0,48.9,114.0,0,0,8.5,69095.7,0.034582743988684585
3827,H33240,H,302.3,310.8,1438.0,43.8,119.0,0,0,8.5,62984.399999999994,0.030437804030576786
3828,M18687,M,302.4,310.9,1469.0,41.6,124.0,0,0,8.5,61110.4,0.028299319727891157
3829,M18688,M,302.3,310.8,1762.0,27.8,127.0,0,0,8.5,48983.6,0.015768576290414067
3830,H33243,H,302.3,310.9,1366.0,48.4,130.0,1,0,8.599999999999966,66114.4,0.03540599853694221
3831,L51010,L,302.3,310.9,1891.0,22.7,135.0,0,0,8.599999999999966,42925.7,0.011997885835095137
3832,M18691,M,302.3,310.9,1742.0,29.7,137.0,0,0,8.599999999999966,51737.4,0.017039586919104992
3833,M18692,M,302.2,310.9,1465.0,43.5,140.0,0,0,8.699999999999989,63727.5,0.029672578444747612
3834,M18693,M,302.3,311.0,1541.0,36.6,143.0,0,0,8.699999999999989,56400.600000000006,0.023735408560311286
3835,M18694,M,302.3,311.1,1295.0,57.1,146.0,0,0,8.800000000000011,73944.5,0.04405864197530864
3836,M18695,M,302.3,311.1,1435.0,43.1,149.0,0,0,8.800000000000011,61848.5,0.030013927576601672
3837,L51016,L,302.4,311.2,1466.0,43.9,152.0,0,0,8.800000000000011,64357.4,0.02992501704158146
3838,L51017,L,302.4,311.2,1450.0,47.9,154.0,0,0,8.800000000000011,69455.0,0.03301171605789111
3839,L51018,L,302.4,311.1,1880.0,24.5,156.0,0,0,8.700000000000045,46060.0,0.013024986709197236
3840,M18699,M,302.3,311.0,1578.0,33.5,158.0,0,0,8.699999999999989,52863.0,0.02121595946801773
3841,L51020,L,302.4,311.0,1610.0,33.1,161.0,0,0,8.600000000000023,53291.0,0.02054624456859094
3842,L51021,L,302.4,311.1,1565.0,42.8,163.0,0,0,8.700000000000045,66982.0,0.027330779054916984
3843,L51022,L,302.5,311.2,1545.0,40.1,165.0,0,0,8.699999999999989,61954.5,0.0259379042690815
3844,L51023,L,302.5,311.2,1227.0,60.1,167.0,0,0,8.699999999999989,73742.7,0.048941368078175895
3845,L51024,L,302.4,311.1,1484.0,45.9,169.0,0,0,8.700000000000045,68115.59999999999,0.030909090909090907
3846,L51025,L,302.3,311.0,1591.0,32.7,171.0,0,0,8.699999999999989,52025.700000000004,0.020540201005025127
3847,L51026,L,302.3,310.9,1403.0,47.2,173.0,0,0,8.599999999999966,66221.6,0.03361823361823362
3848,M18707,M,302.3,311.0,1450.0,45.7,175.0,0,0,8.699999999999989,66265.0,0.03149552033080634
3849,L51028,L,302.3,310.9,1720.0,28.1,178.0,0,0,8.599999999999966,48332.0,0.01632771644392795
3850,L51029,L,302.3,311.0,1561.0,37.2,180.0,0,0,8.699999999999989,58069.200000000004,0.023815620998719592
3851,M18710,M,302.3,311.0,1421.0,41.3,182.0,0,0,8.699999999999989,58687.299999999996,0.029043600562587903
3852,H33265,H,302.2,310.9,1415.0,48.4,185.0,0,0,8.699999999999989,68486.0,0.03418079096045198
3853,L51032,L,302.3,310.9,2034.0,19.7,190.0,0,0,8.599999999999966,40069.799999999996,0.00968058968058968
3854,L51033,L,302.4,311.0,1486.0,40.4,192.0,0,0,8.600000000000023,60034.4,0.027168796234028243
3855,L51034,L,302.4,311.0,1338.0,67.6,194.0,1,0,8.600000000000023,90448.79999999999,0.05048543689320388
3856,H33269,H,302.4,311.1,1578.0,32.3,196.0,0,0,8.700000000000045,50969.399999999994,0.020455984800506647
3857,M18716,M,302.4,311.2,1330.0,58.6,201.0,0,0,8.800000000000011,77938.0,0.044027047332832456
3858,H33271,H,302.4,311.2,1506.0,40.8,204.0,0,0,8.800000000000011,61444.799999999996,0.02707365627073656
3859,L51038,L,302.5,311.4,1559.0,37.6,209.0,0,0,8.899999999999977,58618.4,0.024102564102564103
3860,L51039,L,302.6,311.5,1599.0,37.0,211.0,0,0,8.899999999999977,59163.0,0.023125
3861,L51040,L,302.6,311.5,1427.0,38.9,213.0,0,0,8.899999999999977,55510.299999999996,0.027240896358543418
3862,M18721,M,302.5,311.5,1481.0,41.1,215.0,0,0,9.0,60869.1,0.027732793522267207
3863,H33276,H,302.5,311.5,1496.0,43.8,218.0,0,0,9.0,65524.799999999996,0.029258517034068135
3864,L51043,L,302.5,311.4,1674.0,27.0,223.0,0,0,8.899999999999977,45198.0,0.016119402985074627
3865,M18724,M,302.5,311.4,1629.0,31.7,225.0,0,0,8.899999999999977,51639.299999999996,0.019447852760736194
3866,H33279,H,302.6,311.5,1629.0,34.4,228.0,1,1,8.899999999999977,56037.6,0.021104294478527606
3867,L51046,L,302.6,311.6,1311.0,53.2,0.0,0,0,9.0,69745.2,0.04054878048780488
3868,M18727,M,302.7,311.6,2709.0,9.7,2.0,1,0,8.900000000000034,26277.3,0.0035793357933579335
3869,M18728,M,302.7,311.7,1759.0,29.9,5.0,0,0,9.0,52594.1,0.016988636363636362
3870,L51049,L,302.7,311.7,1480.0,45.2,8.0,0,0,9.0,66896.0,0.030519918973666443
3871,L51050,L,302.7,311.8,1461.0,46.1,10.0,0,0,9.100000000000023,67352.1,0.03153214774281806
3872,M18731,M,302.7,311.8,1728.0,30.0,12.0,0,0,9.100000000000023,51840.0,0.01735106998264893
3873,L51052,L,302.7,311.9,1389.0,46.5,15.0,0,0,9.199999999999989,64588.5,0.033453237410071945
3874,L51053,L,302.6,311.8,1638.0,35.1,17.0,0,0,9.199999999999989,57493.8,0.02141549725442343
3875,L51054,L,302.6,311.7,1254.0,54.1,19.0,0,0,9.099999999999966,67841.40000000001,0.04310756972111554
3876,L51055,L,302.6,311.8,1427.0,50.1,21.0,0,0,9.199999999999989,71492.7,0.03508403361344538
3877,L51056,L,302.6,311.8,1627.0,31.8,23.0,0,0,9.199999999999989,51738.6,0.019533169533169532
3878,H33291,H,302.6,311.7,1471.0,48.3,25.0,0,0,9.099999999999966,71049.3,0.0328125
3879,L51058,L,302.6,311.7,1773.0,27.1,30.0,0,0,9.099999999999966,48048.3,0.015276211950394589
3880,M18739,M,302.6,311.7,1430.0,51.7,32.0,0,0,9.099999999999966,73931.0,0.03612858141160028
3881,L51060,L,302.5,311.6,1595.0,29.5,35.0,0,0,9.100000000000023,47052.5,0.018483709273182956
3882,L51061,L,302.5,311.5,1521.0,44.1,37.0,0,0,9.0,67076.1,0.028975032851511172
3883,L51062,L,302.5,311.6,1419.0,43.7,39.0,0,0,9.100000000000023,62010.3,0.030774647887323946
3884,M18743,M,302.4,311.4,1534.0,40.1,41.0,0,0,9.0,61513.4,0.026123778501628666
3885,H33298,H,302.5,311.5,1626.0,36.0,44.0,0,0,9.0,58536.0,0.022126613398893668
3886,L51065,L,302.5,311.5,1677.0,29.2,49.0,0,0,9.0,48968.4,0.017401668653158522
3887,L51066,L,302.4,311.3,1392.0,50.5,51.0,0,0,8.900000000000034,70296.0,0.03625269203158651
3888,L51067,L,302.4,311.2,1448.0,50.5,53.0,0,0,8.800000000000011,73124.0,0.034851621808143544
3889,L51068,L,302.3,311.2,1903.0,22.9,55.0,0,0,8.899999999999977,43578.7,0.012027310924369747
3890,L51069,L,302.4,311.2,1404.0,52.0,57.0,0,0,8.800000000000011,73008.0,0.03701067615658363
3891,L51070,L,302.3,311.2,1386.0,53.5,59.0,0,0,8.899999999999977,74151.0,0.03857245854361932
3892,L51071,L,302.2,311.1,1418.0,47.0,61.0,0,0,8.900000000000034,66646.0,0.03312191684284708
3893,M18752,M,302.3,311.1,1338.0,53.3,63.0,0,0,8.800000000000011,71315.4,0.039805825242718446
3894,L51073,L,302.3,311.2,1549.0,40.6,66.0,0,0,8.899999999999977,62889.4,0.026193548387096775
3895,M18754,M,302.3,311.2,1432.0,42.7,68.0,0,0,8.899999999999977,61146.4,0.029797627355198884
3896,M18755,M,302.3,311.2,1546.0,40.0,71.0,0,0,8.899999999999977,61840.0,0.025856496444731737
3897,M18756,M,302.2,311.2,1627.0,33.2,74.0,0,0,9.0,54016.4,0.020393120393120395
3898,M18757,M,302.2,311.1,1640.0,32.8,77.0,0,0,8.900000000000034,53791.99999999999,0.019987812309567334
3899,M18758,M,302.1,311.1,1423.0,36.8,80.0,0,0,9.0,52366.399999999994,0.025842696629213482
3900,M18759,M,302.1,311.0,1711.0,28.7,83.0,0,0,8.899999999999977,49105.7,0.016764018691588785
3901,M18760,M,302.1,311.1,1450.0,51.6,86.0,0,0,9.0,74820.0,0.03556168159889731
3902,H33315,H,302.2,311.1,1553.0,34.1,89.0,0,0,8.900000000000034,52957.3,0.021943371943371943
3903,L51082,L,302.2,311.1,1630.0,34.6,94.0,0,0,8.900000000000034,56398.0,0.02121397915389332
3904,H33317,H,302.2,311.1,1476.0,39.6,96.0,0,0,8.900000000000034,58449.6,0.026811103588354774
3905,H33318,H,302.2,311.1,1426.0,50.6,101.0,0,0,8.900000000000034,72155.6,0.035459004905395934
3906,M18765,M,302.2,311.2,1561.0,34.9,106.0,0,0,9.0,54478.899999999994,0.02234314980793854
3907,L51086,L,302.3,311.2,1297.0,62.5,109.0,0,0,8.899999999999977,81062.5,0.04815100154083205
3908,M18767,M,302.3,311.2,1842.0,23.9,111.0,0,0,8.899999999999977,44023.799999999996,0.012967986977753662
3909,L51088,L,302.3,311.2,1633.0,36.4,114.0,0,0,8.899999999999977,59441.2,0.0222766217870257
3910,H33323,H,302.3,311.3,1744.0,30.3,116.0,0,0,9.0,52843.200000000004,0.017363896848137536
3911,L51090,L,302.4,311.4,1831.0,26.9,121.0,0,0,9.0,49253.899999999994,0.014683406113537117
3912,M18771,M,302.3,311.3,1339.0,50.8,123.0,0,0,9.0,68021.2,0.037910447761194024
3913,L51092,L,302.4,311.4,1475.0,40.4,126.0,0,0,9.0,59590.0,0.027371273712737128
3914,M18773,M,302.4,311.4,1675.0,29.6,128.0,0,0,9.0,49580.0,0.01766109785202864
3915,L51094,L,302.5,311.5,1493.0,35.1,131.0,0,0,9.0,52404.3,0.023493975903614458
3916,L51095,L,302.5,311.5,1700.0,29.5,133.0,0,0,9.0,50150.0,0.01734273956496179
3917,L51096,L,302.6,311.6,1453.0,37.0,135.0,0,0,9.0,53761.0,0.02544704264099037
3918,L51097,L,302.6,311.7,1542.0,34.1,137.0,0,0,9.099999999999966,52582.200000000004,0.022099805573558003
3919,M18778,M,302.5,311.5,1358.0,52.7,139.0,0,0,9.0,71566.6,0.0387785136129507
3920,H33333,H,302.5,311.5,1655.0,32.3,142.0,0,0,9.0,53456.49999999999,0.019504830917874395
3921,L51100,L,302.6,311.5,1885.0,27.5,147.0,0,0,8.899999999999977,51837.5,0.014581124072110286
3922,L51101,L,302.7,311.5,1494.0,41.4,149.0,0,0,8.800000000000011,61851.6,0.02769230769230769
3923,M18782,M,302.6,311.4,1757.0,29.5,151.0,0,0,8.799999999999955,51831.5,0.01678043230944255
3924,M18783,M,302.6,311.4,1718.0,31.2,154.0,0,0,8.799999999999955,53601.6,0.018150087260034902
3925,M18784,M,302.5,311.4,1636.0,35.0,157.0,0,0,8.899999999999977,57260.0,0.021380574221136223
3926,L51105,L,302.6,311.6,1638.0,29.6,160.0,0,0,9.0,48484.8,0.018059792556436853
3927,L51106,L,302.6,311.5,1609.0,36.0,162.0,0,0,8.899999999999977,57924.0,0.02236024844720497
3928,H33341,H,302.7,311.5,1556.0,35.0,164.0,0,0,8.800000000000011,54460.0,0.0224791265253693
3929,L51108,L,302.6,311.5,1442.0,59.8,169.0,1,0,8.899999999999977,86231.59999999999,0.04144144144144144
3930,M18789,M,302.7,311.6,1501.0,38.8,171.0,0,0,8.900000000000034,58238.799999999996,0.025832223701731022
3931,M18790,M,302.6,311.6,2041.0,19.2,174.0,0,0,9.0,39187.2,0.00940254652301665
3932,M18791,M,302.7,311.7,1784.0,25.1,177.0,0,0,9.0,44778.4,0.014061624649859945
3933,L51112,L,302.6,311.6,1953.0,22.4,180.0,0,0,9.0,43747.2,0.011463664278403275
3934,L51113,L,302.6,311.6,1576.0,34.7,182.0,0,0,9.0,54687.200000000004,0.02200380469245403
3935,M18794,M,302.6,311.6,1518.0,39.0,184.0,0,0,9.0,59202.0,0.025674786043449638
3936,M18795,M,302.6,311.6,1227.0,68.2,187.0,1,0,9.0,83681.40000000001,0.05553745928338762
3937,L51116,L,302.5,311.5,1985.0,18.8,190.0,0,0,9.0,37318.0,0.0094662638469285
3938,L51117,L,302.5,311.5,1802.0,26.4,192.0,0,0,9.0,47572.799999999996,0.014642262895174708
3939,L51118,L,302.5,311.5,1603.0,32.4,194.0,0,0,9.0,51937.2,0.020199501246882794
3940,L51119,L,302.5,311.6,1400.0,54.0,196.0,0,0,9.100000000000023,75600.0,0.03854389721627409
3941,L51120,L,302.3,311.5,1395.0,54.2,198.0,0,0,9.199999999999989,75609.0,0.03882521489971347
3942,L51121,L,302.2,311.4,1987.0,19.9,200.0,0,0,9.199999999999989,39541.299999999996,0.010010060362173038
3943,M18802,M,302.2,311.4,1398.0,47.2,202.0,0,0,9.199999999999989,65985.6,0.033738384560400285
3944,L51123,L,302.3,311.4,1333.0,66.7,205.0,1,0,9.099999999999966,88911.1,0.05
3945,L51124,L,302.2,311.2,1381.0,49.4,207.0,0,0,9.0,68221.4,0.035745296671490595
3946,L51125,L,302.2,311.3,1570.0,36.1,0.0,0,0,9.100000000000023,56677.0,0.022978994271164864
3947,M18806,M,302.2,311.3,1658.0,31.0,2.0,0,0,9.100000000000023,51398.0,0.018685955394816153
3948,H33361,H,302.2,311.3,1749.0,29.2,5.0,0,0,9.100000000000023,51070.799999999996,0.016685714285714286
3949,M18808,M,302.2,311.3,1510.0,37.1,10.0,0,0,9.100000000000023,56021.0,0.02455327597617472
3950,L51129,L,302.3,311.5,1384.0,50.8,13.0,0,0,9.199999999999989,70307.2,0.03667870036101083
3951,L51130,L,302.3,311.4,1570.0,37.2,15.0,0,0,9.099999999999966,58404.00000000001,0.023679185232336093
3952,M18811,M,302.3,311.4,1571.0,32.7,108.0,0,0,9.099999999999966,51371.700000000004,0.020801526717557254
3953,L51132,L,302.3,311.4,1476.0,37.3,20.0,0,0,9.099999999999966,55054.799999999996,0.025253893026404874
3954,M18813,M,302.3,311.4,1484.0,39.5,22.0,0,0,9.099999999999966,58618.0,0.0265993265993266
3955,M18814,M,302.3,311.4,1909.0,23.2,25.0,0,0,9.099999999999966,44288.799999999996,0.012146596858638743
3956,L51135,L,302.3,311.5,1448.0,49.6,28.0,0,0,9.199999999999989,71820.8,0.034230503795721186
3957,M18816,M,302.3,311.4,1500.0,40.2,30.0,0,0,9.099999999999966,60300.00000000001,0.026782145236508997
3958,L51137,L,302.2,311.4,1510.0,44.9,33.0,0,0,9.199999999999989,67799.0,0.02971542025148908
3959,L51138,L,302.2,311.3,1378.0,55.5,35.0,0,0,9.100000000000023,76479.0,0.04024655547498187
3960,M18819,M,302.2,311.4,1538.0,37.4,37.0,0,0,9.199999999999989,57521.2,0.024301494476933073
3961,L51140,L,302.2,311.4,1390.0,48.1,40.0,0,0,9.199999999999989,66859.0,0.03457943925233645
3962,M18821,M,302.2,311.4,1642.0,32.1,42.0,0,0,9.199999999999989,52708.200000000004,0.019537431527693244
3963,L51142,L,302.4,311.5,1785.0,24.8,45.0,0,0,9.100000000000023,44268.0,0.013885778275475925
3964,H33377,H,302.3,311.5,1526.0,38.2,47.0,0,0,9.199999999999989,58293.200000000004,0.025016371971185333
3965,M18824,M,302.3,311.6,1668.0,33.2,52.0,0,0,9.300000000000011,55377.600000000006,0.01989215098861594
3966,L51145,L,302.3,311.5,1507.0,37.5,55.0,0,0,9.199999999999989,56512.5,0.02486737400530504
3967,L51146,L,302.3,311.5,1530.0,37.8,57.0,0,0,9.199999999999989,57833.99999999999,0.024689745264532985
3968,M18827,M,302.3,311.4,1479.0,45.6,59.0,0,0,9.099999999999966,67442.40000000001,0.030810810810810812
3969,M18828,M,302.3,311.4,1418.0,41.3,62.0,0,0,9.099999999999966,58563.399999999994,0.02910500352360817
3970,L51149,L,302.3,311.4,1504.0,38.7,65.0,0,0,9.099999999999966,58204.8,0.025714285714285717
3971,M18830,M,302.3,311.4,1345.0,47.6,67.0,0,0,9.099999999999966,64022.0,0.03536404160475483
3972,H33385,H,302.2,311.4,1625.0,35.4,70.0,0,0,9.199999999999989,57525.0,0.021771217712177122
3973,L51152,L,302.3,311.4,1511.0,34.7,75.0,0,0,9.099999999999966,52431.700000000004,0.022949735449735453
3974,L51153,L,302.3,311.4,1535.0,41.8,77.0,0,0,9.099999999999966,64162.99999999999,0.027213541666666664
3975,L51154,L,302.4,311.5,1505.0,37.9,79.0,0,0,9.100000000000023,57039.5,0.025166002656042494
3976,H33389,H,302.4,311.5,1540.0,43.7,81.0,0,0,9.100000000000023,67298.0,0.028358208955223882
3977,H33390,H,302.3,311.4,1372.0,46.0,86.0,0,0,9.099999999999966,63112.0,0.033503277494537506
3978,M18837,M,302.2,311.3,1510.0,36.6,91.0,0,0,9.100000000000023,55266.0,0.024222369291859697
3979,L51158,L,302.2,311.3,1382.0,46.4,94.0,0,0,9.100000000000023,64124.799999999996,0.03355025307302965
3980,L51159,L,302.3,311.3,1439.0,41.8,96.0,0,0,9.0,60150.2,0.029027777777777777
3981,M18840,M,302.2,311.3,1375.0,47.0,98.0,0,0,9.100000000000023,64625.0,0.034156976744186045
3982,M18841,M,302.2,311.3,1931.0,21.9,101.0,0,0,9.100000000000023,42288.899999999994,0.011335403726708073
3983,L51162,L,302.2,311.3,1475.0,48.6,104.0,0,0,9.100000000000023,71685.0,0.032926829268292684
3984,L51163,L,302.2,311.3,1389.0,46.9,106.0,0,0,9.100000000000023,65144.1,0.0337410071942446
3985,L51164,L,302.3,311.3,1652.0,32.8,108.0,0,0,9.0,54185.6,0.01984271022383545
3986,L51165,L,302.3,311.2,1386.0,50.3,110.0,0,0,8.899999999999977,69715.8,0.03626532083633742
3987,M18846,M,302.2,311.3,1577.0,29.8,112.0,0,0,9.100000000000023,46994.6,0.01888466413181242
3988,M18847,M,302.3,311.3,1444.0,43.1,115.0,0,0,9.0,62236.4,0.029826989619377162
3989,L51168,L,302.2,311.3,1554.0,40.2,118.0,0,0,9.100000000000023,62470.8,0.025852090032154343
3990,L51169,L,302.2,311.3,1602.0,32.8,120.0,0,0,9.100000000000023,52545.6,0.02046163443543356
3991,H33404,H,302.2,311.2,1692.0,28.2,122.0,0,0,9.0,47714.4,0.016656822209096277
3992,L51171,L,302.3,311.3,1682.0,34.4,127.0,0,0,9.0,57860.799999999996,0.02043969102792632
3993,L51172,L,302.3,311.3,1614.0,34.1,129.0,0,0,9.0,55037.4,0.02111455108359133
3994,L51173,L,302.3,311.3,1324.0,47.8,131.0,0,0,9.0,63287.2,0.036075471698113204
3995,L51174,L,302.3,311.4,1434.0,40.3,133.0,0,0,9.099999999999966,57790.2,0.02808362369337979
3996,L51175,L,302.3,311.3,1621.0,31.6,135.0,0,0,9.0,51223.600000000006,0.019482120838471024
3997,M18856,M,302.3,311.3,1625.0,33.1,137.0,0,0,9.0,53787.5,0.020356703567035672
3998,L51177,L,302.2,311.1,1394.0,53.7,140.0,0,0,8.900000000000034,74857.8,0.03849462365591398
3999,L51178,L,302.1,311.0,1586.0,35.1,142.0,0,0,8.899999999999977,55668.600000000006,0.022117202268431002
4000,L51179,L,302.0,311.0,1420.0,45.9,144.0,0,0,9.0,65178.0,0.03230119634060521
4001,L51180,L,302.1,311.2,1422.0,50.3,146.0,0,0,9.099999999999966,71526.59999999999,0.035347856640899504
4002,H33415,H,302.1,311.2,1598.0,37.9,148.0,0,0,9.099999999999966,60564.2,0.023702313946216386
4003,L51182,L,302.1,311.2,1454.0,59.2,153.0,1,0,9.099999999999966,86076.8,0.0406872852233677
4004,L51183,L,302.1,311.2,1519.0,39.3,155.0,0,0,9.099999999999966,59696.7,0.025855263157894735
4005,L51184,L,302.0,311.1,1373.0,55.7,157.0,0,0,9.100000000000023,76476.1,0.040538573508005826
4006,M18865,M,302.0,311.1,1406.0,48.8,159.0,0,0,9.100000000000023,68612.8,0.03468372423596304
4007,L51186,L,302.1,311.2,1492.0,45.0,162.0,0,0,9.099999999999966,67140.0,0.03014065639651708
4008,L51187,L,302.1,311.2,1369.0,50.8,164.0,0,0,9.099999999999966,69545.2,0.03708029197080292
4009,M18868,M,302.2,311.2,1471.0,41.9,166.0,0,0,9.0,61634.9,0.028464673913043477
4010,L51189,L,302.2,311.2,1630.0,36.0,169.0,0,0,9.0,58680.0,0.022072348252605765
4011,M18870,M,302.1,311.1,1605.0,37.6,171.0,0,0,9.0,60348.0,0.023412204234122044
4012,L51191,L,302.2,311.1,1447.0,52.1,174.0,0,0,8.900000000000034,75388.7,0.035980662983425414
4013,M18872,M,302.2,311.2,1360.0,52.8,176.0,0,0,9.0,71808.0,0.038795003673769285
4014,M18873,M,302.2,311.1,1728.0,34.0,179.0,0,0,8.900000000000034,58752.0,0.019664545980335454
4015,L51194,L,302.1,311.0,1740.0,30.8,182.0,0,0,8.899999999999977,53592.0,0.017690982194141298
4016,L51195,L,302.1,310.9,1477.0,41.4,184.0,0,0,8.799999999999955,61147.799999999996,0.02801082543978349
4017,L51196,L,302.1,310.9,1658.0,30.3,186.0,0,0,8.799999999999955,50237.4,0.018264014466546113
4018,L51197,L,302.0,310.8,1902.0,23.4,188.0,0,0,8.800000000000011,44506.799999999996,0.012296374146085127
4019,M18878,M,302.0,310.8,1783.0,23.1,190.0,0,0,8.800000000000011,41187.3,0.012948430493273544
4020,M18879,M,302.0,310.9,1558.0,45.3,193.0,0,0,8.899999999999977,70577.4,0.029057087876844127
4021,L51200,L,302.1,311.0,1351.0,49.5,196.0,0,0,8.899999999999977,66874.5,0.03661242603550296
4022,H33435,H,302.1,310.9,1452.0,42.5,198.0,0,0,8.799999999999955,61710.0,0.029249827942188576
4023,L51202,L,302.1,310.9,1666.0,30.7,203.0,0,0,8.799999999999955,51146.2,0.018416316736652668
4024,L51203,L,302.1,311.0,1364.0,50.0,205.0,0,0,8.899999999999977,68200.0,0.03663003663003663
4025,M18884,M,302.1,311.0,1351.0,60.3,207.0,1,0,8.899999999999977,81465.3,0.04460059171597633
4026,H33439,H,302.1,311.0,1729.0,26.1,210.0,0,0,8.899999999999977,45126.9,0.01508670520231214
4027,M18886,M,302.1,311.0,1574.0,34.1,215.0,0,0,8.899999999999977,53673.4,0.021650793650793653
4028,L51207,L,302.0,311.0,1566.0,37.8,218.0,0,0,9.0,59194.799999999996,0.02412252712188896
4029,L51208,L,302.0,310.9,1455.0,43.2,220.0,0,0,8.899999999999977,62856.00000000001,0.029670329670329672
4030,H33443,H,302.0,310.9,1679.0,29.0,222.0,0,0,8.899999999999977,48691.0,0.017261904761904763
4031,L51210,L,302.0,310.8,2143.0,17.3,227.0,0,0,8.800000000000011,37073.9,0.008069029850746269
4032,L51211,L,302.0,310.8,1447.0,42.7,229.0,0,0,8.800000000000011,61786.9,0.029488950276243094
4033,L51212,L,302.0,310.8,1383.0,50.3,231.0,1,0,8.800000000000011,69564.9,0.03634393063583815
4034,L51213,L,302.1,310.8,1772.0,27.1,233.0,0,0,8.699999999999989,48021.200000000004,0.015284827975183306
4035,L51214,L,302.0,310.8,1615.0,29.0,235.0,1,1,8.800000000000011,46835.0,0.017945544554455444
4036,L51215,L,302.0,310.8,1454.0,36.6,0.0,0,0,8.800000000000011,53216.4,0.02515463917525773
4037,L51216,L,302.0,310.8,1445.0,49.1,2.0,0,0,8.800000000000011,70949.5,0.03395573997233749
4038,M18897,M,302.0,310.8,1609.0,35.2,4.0,0,0,8.800000000000011,56636.8,0.021863354037267083
4039,L51218,L,302.0,310.9,1546.0,34.4,7.0,0,0,8.899999999999977,53182.399999999994,0.022236586942469296
4040,L51219,L,301.9,310.8,1567.0,39.3,9.0,0,0,8.900000000000034,61583.1,0.02506377551020408
4041,L51220,L,302.0,310.8,1767.0,27.4,11.0,0,0,8.800000000000011,48415.799999999996,0.015497737556561085
4042,L51221,L,302.0,310.9,1539.0,34.2,13.0,0,0,8.899999999999977,52633.8,0.02220779220779221
4043,L51222,L,302.0,310.9,1564.0,39.0,15.0,0,0,8.899999999999977,60996.0,0.024920127795527155
4044,M18903,M,302.0,310.8,1445.0,46.3,17.0,0,0,8.800000000000011,66903.5,0.03201936376210235
4045,M18904,M,301.9,310.9,1419.0,47.7,20.0,1,0,9.0,67686.3,0.03359154929577465
4046,M18905,M,301.8,310.9,1881.0,20.9,23.0,0,0,9.099999999999966,39312.899999999994,0.01110520722635494
4047,M18906,M,301.9,310.9,1421.0,46.2,26.0,0,0,9.0,65650.2,0.03248945147679325
4048,L51227,L,301.9,311.0,1455.0,46.0,29.0,0,0,9.100000000000023,66930.0,0.03159340659340659
4049,L51228,L,301.9,311.0,2691.0,12.1,31.0,1,0,9.100000000000023,32561.1,0.004494799405646359
4050,L51229,L,301.8,310.8,1505.0,41.2,33.0,0,0,9.0,62006.00000000001,0.027357237715803454
4051,L51230,L,301.8,310.8,1456.0,46.6,35.0,0,0,9.0,67849.6,0.031983527796842826
4052,L51231,L,301.8,310.8,1383.0,46.4,37.0,0,0,9.0,64171.2,0.03352601156069364
4053,M18912,M,301.9,310.8,1563.0,39.2,39.0,0,0,8.900000000000034,61269.600000000006,0.02506393861892583
4054,M18913,M,301.9,310.9,2305.0,16.1,42.0,0,0,9.0,37110.5,0.006981786643538596
4055,M18914,M,301.9,310.9,1456.0,43.6,45.0,0,0,9.0,63481.6,0.029924502402196296
4056,L51235,L,302.0,311.0,1865.0,22.7,48.0,0,0,9.0,42335.5,0.012165058949624866
4057,L51236,L,301.9,310.9,1597.0,36.9,50.0,0,0,9.0,58929.299999999996,0.02309136420525657
4058,L51237,L,302.0,310.9,1495.0,38.6,52.0,0,0,8.899999999999977,57707.0,0.025802139037433156
4059,M18918,M,302.0,310.9,1456.0,47.2,54.0,0,0,8.899999999999977,68723.2,0.032395332875772134
4060,L51239,L,301.9,310.8,1465.0,44.3,57.0,0,0,8.900000000000034,64899.49999999999,0.030218281036834924
4061,M18920,M,302.0,310.9,1352.0,55.5,59.0,0,0,8.899999999999977,75036.0,0.041019955654102
4062,L51241,L,301.9,310.8,1906.0,21.7,62.0,0,0,8.900000000000034,41360.2,0.011379129522810697
4063,L51242,L,302.0,310.9,1446.0,44.0,64.0,0,0,8.899999999999977,63624.0,0.0304077401520387
4064,L51243,L,302.0,310.8,1948.0,19.7,66.0,0,0,8.800000000000011,38375.6,0.010107747562852744
4065,L51244,L,301.9,310.7,1480.0,47.1,68.0,0,0,8.800000000000011,69708.0,0.031802835921674544
4066,M18925,M,301.9,310.7,1511.0,37.6,70.0,0,0,8.800000000000011,56813.6,0.02486772486772487
4067,M18926,M,301.9,310.7,1472.0,47.0,73.0,0,0,8.800000000000011,69184.0,0.031907671418873046
4068,L51247,L,301.9,310.7,1429.0,51.0,108.0,0,0,8.800000000000011,72879.0,0.03566433566433566
4069,L51248,L,301.9,310.7,1405.0,48.8,78.0,0,0,8.800000000000011,68564.0,0.03470839260312944
4070,M18929,M,301.9,310.7,1405.0,47.9,80.0,0,0,8.800000000000011,67299.5,0.03406827880512091
4071,L51250,L,300.1,310.7,1348.0,58.1,83.0,0,0,10.599999999999966,78318.8,0.04306893995552261
4072,L51251,L,301.9,310.6,1331.0,68.6,85.0,1,0,8.700000000000045,91306.59999999999,0.0515015015015015
4073,L51252,L,301.9,310.6,1610.0,33.4,87.0,0,0,8.700000000000045,53774.0,0.0207324643078833
4074,M18933,M,301.9,310.6,1412.0,46.5,89.0,0,0,8.700000000000045,65658.0,0.032908704883227176
4075,L51254,L,302.0,310.7,1453.0,42.7,92.0,0,0,8.699999999999989,62043.100000000006,0.02936726272352132
4076,L51255,L,302.0,310.6,1583.0,38.9,94.0,0,0,8.600000000000023,61578.7,0.024558080808080807
4077,M18936,M,302.0,310.6,1539.0,37.4,96.0,0,0,8.600000000000023,57558.6,0.024285714285714285
4078,L51257,L,302.0,310.5,1635.0,39.8,99.0,0,0,8.5,65072.99999999999,0.02432762836185819
4079,H33492,H,302.1,310.7,1294.0,62.4,101.0,1,0,8.599999999999966,80745.59999999999,0.04818532818532818
4080,L51259,L,302.0,310.5,1978.0,22.0,106.0,0,0,8.5,43516.0,0.011116725618999495
4081,L51260,L,302.0,310.4,1357.0,58.0,108.0,1,0,8.399999999999977,78706.0,0.042709867452135494
4082,L51261,L,302.0,310.4,1336.0,58.2,110.0,1,0,8.399999999999977,77755.2,0.043530291697830965
4083,L51262,L,302.0,310.4,1568.0,39.2,112.0,0,0,8.399999999999977,61465.600000000006,0.024984066284257492
4084,M18943,M,302.0,310.4,1567.0,36.4,114.0,0,0,8.399999999999977,57038.799999999996,0.023214285714285715
4085,L51264,L,302.0,310.4,1611.0,35.6,117.0,0,0,8.399999999999977,57351.600000000006,0.022084367245657568
4086,H33499,H,302.0,310.5,1841.0,23.6,119.0,0,0,8.5,43447.600000000006,0.012812160694896851
4087,L51266,L,302.0,310.5,1567.0,36.1,124.0,0,0,8.5,56568.700000000004,0.02302295918367347
4088,L51267,L,301.9,310.4,1376.0,54.9,126.0,1,0,8.5,75542.4,0.03986928104575163
4089,L51268,L,301.9,310.5,1477.0,42.4,128.0,0,0,8.600000000000023,62624.799999999996,0.02868741542625169
4090,M18949,M,301.9,310.5,1590.0,40.3,130.0,0,0,8.600000000000023,64076.99999999999,0.02532998114393463
4091,L51270,L,302.0,310.5,2197.0,15.8,133.0,0,0,8.5,34712.6,0.00718835304822566
4092,M18951,M,302.0,310.4,1595.0,32.9,135.0,0,0,8.399999999999977,52475.5,0.020614035087719296
4093,H33506,H,302.0,310.5,1503.0,24.4,138.0,0,0,8.5,36673.2,0.016223404255319148
4094,M18953,M,302.0,310.5,1573.0,32.1,143.0,0,0,8.5,50493.3,0.02039390088945362
4095,L51274,L,302.0,310.5,1651.0,30.9,146.0,0,0,8.5,51015.899999999994,0.0187046004842615
4096,H33509,H,302.0,310.5,1459.0,43.2,148.0,0,0,8.5,63028.8,0.029589041095890414
4097,L51276,L,301.9,310.4,1370.0,51.7,153.0,1,0,8.5,70829.0,0.037709700948212986
4098,L51277,L,301.9,310.4,1518.0,34.1,155.0,0,0,8.5,51763.8,0.022448979591836737
4099,L51278,L,302.0,310.3,1648.0,29.6,157.0,0,0,8.300000000000011,48780.8,0.01795027289266222
4100,L51279,L,302.0,310.4,1464.0,47.2,159.0,0,0,8.399999999999977,69100.8,0.03221843003412969
4101,L51280,L,302.0,310.4,1895.0,23.2,161.0,0,0,8.399999999999977,43964.0,0.012236286919831224
4102,L51281,L,301.9,310.4,1884.0,23.4,163.0,0,0,8.5,44085.6,0.012413793103448275
4103,L51282,L,302.0,310.4,1450.0,46.6,165.0,0,0,8.399999999999977,67570.0,0.0321157822191592
4104,L51283,L,302.0,310.4,1448.0,43.4,167.0,0,0,8.399999999999977,62843.2,0.02995169082125604
4105,L51284,L,302.1,310.5,1389.0,49.6,169.0,0,0,8.399999999999977,68894.40000000001,0.035683453237410075
4106,L51285,L,302.0,310.6,1583.0,35.2,171.0,0,0,8.600000000000023,55721.600000000006,0.022222222222222223
4107,L51286,L,300.1,310.5,1425.0,51.1,173.0,0,0,10.399999999999977,72817.5,0.03583450210378682
4108,L51287,L,302.0,310.5,1809.0,27.1,175.0,0,0,8.5,49023.9,0.014972375690607736
4109,L51288,L,301.9,310.5,1892.0,21.8,177.0,0,0,8.600000000000023,41245.6,0.011516111991547808
4110,M18969,M,301.9,310.6,1475.0,47.8,179.0,0,0,8.700000000000045,70505.0,0.03238482384823848
4111,L51290,L,302.0,310.6,1361.0,46.7,182.0,0,0,8.600000000000023,63558.700000000004,0.03428781204111601
4112,M18971,M,302.0,310.6,1563.0,41.0,184.0,0,0,8.600000000000023,64083.0,0.026214833759590793
4113,H33526,H,301.9,310.5,1472.0,39.7,187.0,0,0,8.600000000000023,58438.4,0.026951799049558727
4114,L51293,L,302.0,310.6,1325.0,55.3,192.0,0,0,8.600000000000023,73272.5,0.04170437405731523
4115,L51294,L,302.0,310.6,1358.0,53.1,194.0,0,0,8.600000000000023,72109.8,0.03907284768211921
4116,H33529,H,302.0,310.6,1346.0,54.7,196.0,0,0,8.600000000000023,73626.2,0.04060876020786934
4117,M18976,M,302.0,310.5,1381.0,58.4,201.0,0,0,8.5,80650.4,0.042257597684515195
4118,L51297,L,301.9,310.5,1340.0,55.7,204.0,1,0,8.600000000000023,74638.0,0.041536167039522745
4119,L51298,L,302.0,310.6,1366.0,47.7,206.0,0,0,8.600000000000023,65158.200000000004,0.03489392831016826
4120,L51299,L,302.1,310.7,1325.0,45.1,208.0,1,0,8.599999999999966,59757.5,0.034012066365007546
4121,M18980,M,302.1,310.7,1376.0,46.3,210.0,1,0,8.599999999999966,63708.799999999996,0.0336238198983297
4122,M18981,M,302.1,310.7,1364.0,47.8,213.0,1,0,8.599999999999966,65199.2,0.03501831501831502
4123,L51302,L,302.2,310.6,1462.0,43.6,0.0,0,0,8.400000000000034,63743.200000000004,0.029801777170198225
4124,M18983,M,302.1,310.6,1517.0,38.9,2.0,0,0,8.5,59011.299999999996,0.025625823451910407
4125,L51304,L,302.1,310.6,1385.0,53.6,5.0,0,0,8.5,74236.0,0.03867243867243867
4126,L51305,L,302.1,310.6,1439.0,40.0,7.0,0,0,8.5,57560.0,0.027777777777777776
4127,M18986,M,302.0,310.6,1623.0,34.3,9.0,0,0,8.600000000000023,55668.899999999994,0.02112068965517241
4128,H33541,H,302.0,310.6,1438.0,43.2,12.0,0,0,8.600000000000023,62121.600000000006,0.03002084781097985
4129,L51308,L,301.9,310.4,1708.0,24.8,17.0,0,0,8.5,42358.4,0.014511410181392627
4130,M18989,M,301.8,310.3,1666.0,32.7,19.0,0,0,8.5,54478.200000000004,0.019616076784643072
4131,L51310,L,301.9,310.4,1286.0,62.8,22.0,1,0,8.5,80760.8,0.048795648795648794
4132,L51311,L,301.9,310.3,1485.0,46.3,24.0,0,0,8.400000000000034,68755.5,0.031157469717362045
4133,M18992,M,301.8,310.3,1409.0,52.5,26.0,0,0,8.5,73972.5,0.03723404255319149
4134,L51313,L,301.8,310.3,1765.0,27.3,29.0,0,0,8.5,48184.5,0.015458663646659118
4135,L51314,L,301.8,310.3,1688.0,28.8,31.0,0,0,8.5,48614.4,0.01705150976909414
4136,M18995,M,301.7,310.3,1787.0,26.7,33.0,0,0,8.600000000000023,47712.9,0.014932885906040269
4137,L51316,L,301.7,310.1,1487.0,48.0,36.0,0,0,8.400000000000034,71376.0,0.03225806451612903
4138,L51317,L,301.7,310.1,1384.0,50.5,38.0,0,0,8.400000000000034,69892.0,0.03646209386281588
4139,L51318,L,301.7,310.2,1311.0,57.4,40.0,1,0,8.5,75251.4,0.04375
4140,H33553,H,301.7,310.2,1620.0,30.8,42.0,0,0,8.5,49896.0,0.019000616903146205
4141,L51320,L,301.7,310.2,1331.0,61.2,47.0,1,0,8.5,81457.2,0.04594594594594595
4142,H33555,H,301.7,310.1,1462.0,38.3,49.0,0,0,8.400000000000034,55994.6,0.026179084073820913
4143,L51322,L,301.7,310.1,1424.0,50.2,54.0,0,0,8.400000000000034,71484.8,0.0352280701754386
4144,L51323,L,301.7,310.1,1500.0,39.6,56.0,0,0,8.400000000000034,59400.0,0.026382411725516322
4145,L51324,L,301.8,310.1,1738.0,28.0,58.0,0,0,8.300000000000011,48664.0,0.016101207590569294
4146,M19005,M,301.8,310.3,1465.0,46.5,60.0,0,0,8.5,68122.5,0.03171896316507503
4147,L51326,L,301.8,310.3,1482.0,41.4,63.0,0,0,8.5,61354.799999999996,0.02791638570465273
4148,L51327,L,301.9,310.3,1398.0,44.0,65.0,0,0,8.400000000000034,61512.0,0.031451036454610434
4149,L51328,L,301.9,310.3,1972.0,21.3,67.0,0,0,8.400000000000034,42003.6,0.010795742524075013
4150,L51329,L,301.9,310.4,1603.0,37.6,69.0,0,0,8.5,60272.8,0.02344139650872818
4151,L51330,L,301.9,310.4,1610.0,34.8,71.0,0,0,8.5,56027.99999999999,0.021601489757914337
4152,M19011,M,301.9,310.4,1373.0,48.0,73.0,1,0,8.5,65904.0,0.034934497816593885
4153,M19012,M,302.0,310.5,1425.0,44.7,76.0,0,0,8.5,63697.50000000001,0.031346423562412344
4154,M19013,M,302.0,310.4,1212.0,55.6,79.0,1,0,8.399999999999977,67387.2,0.04583676834295136
4155,M19014,M,302.0,310.4,1828.0,26.3,82.0,0,0,8.399999999999977,48076.4,0.01437944231820667
4156,L51335,L,302.0,310.5,1370.0,44.4,108.0,1,0,8.5,60828.0,0.03238512035010941
4157,M19016,M,302.0,310.5,1823.0,25.1,87.0,0,0,8.5,45757.3,0.013760964912280703
4158,L51337,L,302.0,310.5,1263.0,60.6,90.0,1,0,8.5,76537.8,0.04794303797468354
4159,L51338,L,301.9,310.4,1889.0,21.5,92.0,0,0,8.5,40613.5,0.011375661375661376
4160,M19019,L,302.0,310.5,1639.0,32.9,94.0,0,0,8.5,53923.1,0.020060975609756098
4161,M19020,M,302.0,310.4,1608.0,33.1,97.0,0,0,8.399999999999977,53224.8,0.02057178371659416
4162,H33575,H,301.9,310.3,1653.0,32.4,100.0,0,0,8.400000000000034,53557.2,0.01958887545344619
4163,L51342,L,302.0,310.4,1591.0,29.8,105.0,0,0,8.399999999999977,47411.8,0.018718592964824123
4164,L51343,L,302.1,310.5,1696.0,30.9,107.0,0,0,8.399999999999977,52406.399999999994,0.01820860341779611
4165,L51344,L,302.2,310.6,1346.0,47.5,109.0,1,0,8.400000000000034,63935.0,0.03526354862657758
4166,M19025,M,302.2,310.5,1507.0,40.4,111.0,0,0,8.300000000000011,60882.799999999996,0.026790450928381962
4167,H33580,H,302.3,310.6,1525.0,48.7,114.0,0,0,8.300000000000011,74267.5,0.03191349934469201
4168,M19027,M,302.3,310.7,1559.0,33.9,119.0,0,0,8.399999999999977,52850.1,0.02173076923076923
4169,L51348,L,302.2,310.6,1632.0,30.5,122.0,0,0,8.400000000000034,49776.0,0.018677281077770974
4170,L51349,L,302.1,310.5,1559.0,36.0,124.0,0,0,8.399999999999977,56124.0,0.023076923076923078
4171,M19030,M,302.2,310.6,1355.0,51.5,126.0,1,0,8.400000000000034,69782.5,0.03797935103244838
4172,M19031,M,302.2,310.5,1832.0,23.7,129.0,0,0,8.300000000000011,43418.4,0.01292962356792144
4173,L51352,L,302.2,310.6,1386.0,50.0,132.0,0,0,8.400000000000034,69300.0,0.03604902667627974
4174,M19033,M,302.2,310.6,1346.0,49.2,134.0,1,0,8.400000000000034,66223.2,0.03652561247216036
4175,L51354,L,302.3,310.7,1499.0,37.8,137.0,0,0,8.399999999999977,56662.2,0.025199999999999997
4176,L51355,L,302.3,310.7,1612.0,33.4,139.0,0,0,8.399999999999977,53840.799999999996,0.020706757594544326
4177,M19036,M,302.3,310.7,1544.0,39.7,141.0,0,0,8.399999999999977,61296.8,0.025695792880258903
4178,L51357,L,302.5,310.9,1477.0,39.2,144.0,0,0,8.399999999999977,57898.4,0.026522327469553453
4179,L51358,L,300.1,310.9,1624.0,34.4,146.0,0,0,10.799999999999955,55865.6,0.02116923076923077
4180,L51359,L,302.4,310.9,1349.0,46.1,148.0,1,0,8.5,62188.9,0.03414814814814815
4181,L51360,L,302.4,310.8,1686.0,28.8,150.0,0,0,8.400000000000034,48556.8,0.017071724955542385
4182,M19041,M,302.4,310.7,1521.0,40.4,152.0,0,0,8.300000000000011,61448.4,0.026544021024967147
4183,L51362,L,302.4,310.7,1362.0,54.8,155.0,1,0,8.300000000000011,74637.59999999999,0.04020542920029347
4184,L51363,L,302.3,310.7,1402.0,50.9,157.0,0,0,8.399999999999977,71361.8,0.03627940128296507
4185,L51364,L,302.2,310.6,1334.0,53.2,159.0,1,0,8.400000000000034,70968.8,0.0398501872659176
4186,L51365,L,302.2,310.6,1348.0,48.4,161.0,1,0,8.400000000000034,65243.2,0.03587842846553002
4187,M19046,M,302.2,310.6,1570.0,34.6,163.0,0,0,8.400000000000034,54322.0,0.02202418841502228
4188,M19047,M,302.2,310.7,1601.0,33.0,166.0,0,0,8.5,52833.0,0.020599250936329586
4189,M19048,M,302.3,310.8,1611.0,31.8,169.0,0,0,8.5,51229.8,0.019727047146401985
4190,L51369,L,302.4,310.9,1560.0,31.8,172.0,0,0,8.5,49608.0,0.02037155669442665
4191,H33604,H,302.4,310.9,1444.0,40.7,174.0,0,0,8.5,58770.8,0.028166089965397927
4192,L51371,L,302.4,311.0,1317.0,59.4,179.0,0,0,8.600000000000023,78229.8,0.04506828528072838
4193,M19052,M,302.5,311.0,1463.0,43.1,181.0,0,0,8.5,63055.3,0.029439890710382513
4194,L51373,L,302.4,311.1,1634.0,34.2,184.0,0,0,8.700000000000045,55882.8,0.02091743119266055
4195,L51374,L,302.4,311.0,1423.0,46.2,186.0,0,0,8.600000000000023,65742.6,0.0324438202247191
4196,L51375,L,302.5,311.0,1548.0,38.4,188.0,0,0,8.5,59443.2,0.024790187217559715
4197,M19056,M,302.5,311.0,1563.0,35.6,190.0,0,0,8.5,55642.8,0.02276214833759591
4198,L51377,L,302.4,311.0,1573.0,36.5,193.0,0,0,8.600000000000023,57414.5,0.02318932655654384
4199,M19058,M,300.1,311.1,1432.0,44.5,195.0,0,0,11.0,63724.0,0.031053733426378228
4200,M19059,M,302.5,311.1,1638.0,32.0,198.0,0,0,8.600000000000023,52416.0,0.019524100061012812
4201,L51380,L,302.5,311.1,1571.0,34.2,201.0,0,0,8.600000000000023,53728.200000000004,0.021755725190839695
4202,L51381,L,302.4,311.0,2211.0,15.4,203.0,0,0,8.600000000000023,34049.4,0.006962025316455696
4203,L51382,L,302.4,311.0,1555.0,40.6,205.0,0,0,8.600000000000023,63133.0,0.02609254498714653
4204,M19063,M,302.3,310.9,1558.0,31.9,207.0,0,0,8.599999999999966,49700.2,0.020461834509300832
4205,M19064,M,302.3,310.9,1523.0,43.2,210.0,0,0,8.599999999999966,65793.6,0.02834645669291339
4206,L51385,M,302.3,310.8,1723.0,26.3,213.0,0,0,8.5,45314.9,0.01525522041763341
4207,M19066,M,302.3,310.8,1721.0,28.4,215.0,0,0,8.5,48876.399999999994,0.0164924506387921
4208,M19067,M,302.3,310.9,1710.0,30.4,218.0,1,1,8.599999999999966,51984.0,0.01776738749269433
4209,M19068,M,302.3,310.9,1627.0,32.3,0.0,0,0,8.599999999999966,52552.1,0.01984029484029484
4210,M19069,M,302.2,310.8,1422.0,47.0,3.0,0,0,8.600000000000023,66834.0,0.03302881236823612
4211,L51390,L,302.1,310.8,1565.0,35.3,6.0,0,0,8.699999999999989,55244.49999999999,0.022541507024265644
4212,L51391,L,302.1,310.7,1314.0,52.8,8.0,1,0,8.599999999999966,69379.2,0.04015209125475285
4213,M19072,M,302.0,310.6,1392.0,60.5,10.0,0,0,8.600000000000023,84216.0,0.043431442928930364
4214,L51393,L,302.1,310.7,1465.0,40.7,13.0,0,0,8.599999999999966,59625.50000000001,0.02776261937244202
4215,L51394,L,301.9,310.6,1573.0,36.6,15.0,0,0,8.700000000000045,57571.8,0.023252858958068615
4216,M19075,M,302.0,310.7,2157.0,17.8,17.0,0,0,8.699999999999989,38394.6,0.008248378127896201
4217,L51396,L,301.9,310.7,1370.0,50.3,20.0,0,0,8.800000000000011,68911.0,0.03668854850474106
4218,L51397,L,301.9,310.6,1462.0,38.8,22.0,0,0,8.700000000000045,56725.6,0.02652084757347915
4219,M19078,M,302.0,310.6,1479.0,40.5,24.0,0,0,8.600000000000023,59899.5,0.027364864864864866
4220,L51399,L,301.9,310.7,1717.0,26.8,27.0,0,0,8.800000000000011,46015.6,0.01559953434225844
4221,M19080,M,301.9,310.6,1260.0,65.9,29.0,0,0,8.700000000000045,83034.0,0.05226011102299762
4222,L51401,L,301.9,310.6,1467.0,39.3,32.0,0,0,8.700000000000045,57653.1,0.026771117166212534
4223,M19082,M,302.0,310.6,1535.0,38.6,34.0,0,0,8.600000000000023,59251.0,0.025130208333333334
4224,L51403,L,302.0,310.7,1657.0,31.9,37.0,0,0,8.699999999999989,52858.299999999996,0.019240048250904702
4225,L51404,L,302.0,310.7,1698.0,28.1,39.0,0,0,8.699999999999989,47713.8,0.016539140670982933
4226,L51405,L,302.1,310.7,1359.0,49.3,41.0,1,0,8.599999999999966,66998.7,0.03625
4227,L51406,L,302.1,310.8,1596.0,37.1,43.0,0,0,8.699999999999989,59211.600000000006,0.023231058234189104
4228,L51407,L,302.2,310.8,1383.0,46.9,45.0,0,0,8.600000000000023,64862.7,0.03388728323699422
4229,L51408,L,302.2,310.8,2203.0,16.6,47.0,0,0,8.600000000000023,36569.8,0.007531760435571688
4230,M19089,M,302.2,310.8,1408.0,46.8,49.0,0,0,8.600000000000023,65894.4,0.03321504613200851
4231,L51410,L,302.2,310.8,1673.0,32.9,52.0,0,0,8.600000000000023,55041.7,0.01965352449223417
4232,L51411,L,302.2,310.8,1340.0,47.8,54.0,0,0,8.600000000000023,64051.99999999999,0.03564504101416853
4233,L51412,L,302.2,310.9,1452.0,42.3,56.0,0,0,8.699999999999989,61419.6,0.029112181693048862
4234,M19093,M,302.2,310.9,1302.0,53.4,58.0,0,0,8.699999999999989,69526.8,0.040982348426707595
4235,H33648,H,302.2,310.9,1522.0,35.9,61.0,0,0,8.699999999999989,54639.799999999996,0.023571897570584373
4236,L51415,L,302.2,310.8,1438.0,41.4,66.0,0,0,8.600000000000023,59533.2,0.02876997915218902
4237,L51416,L,302.2,310.9,1604.0,40.5,68.0,0,0,8.699999999999989,64962.0,0.025233644859813085
4238,L51417,L,302.2,311.0,1832.0,23.2,70.0,0,0,8.800000000000011,42502.4,0.01265684669939989
4239,M19098,M,302.3,311.0,1521.0,34.8,72.0,0,0,8.699999999999989,52930.799999999996,0.0228646517739816
4240,L51419,L,302.3,311.0,1446.0,37.6,75.0,0,0,8.699999999999989,54369.6,0.025984796129923982
4241,L51420,L,302.4,311.1,1905.0,20.9,77.0,0,0,8.700000000000045,39814.5,0.010965372507869884
4242,L51421,L,302.4,311.0,1475.0,47.9,79.0,0,0,8.600000000000023,70652.5,0.03245257452574526
4243,L51422,L,302.4,311.0,1462.0,48.5,81.0,0,0,8.600000000000023,70907.0,0.03315105946684894
4244,M19103,M,302.4,310.9,1435.0,42.3,83.0,0,0,8.5,60700.49999999999,0.029456824512534816
4245,L51424,L,302.4,310.9,1469.0,39.6,86.0,0,0,8.5,58172.4,0.026938775510204082
4246,M19105,M,302.6,311.1,1520.0,43.0,88.0,0,0,8.5,65360.0,0.02827087442472058
4247,L51426,L,302.6,311.0,1537.0,35.5,91.0,0,0,8.399999999999977,54563.5,0.023081924577373212
4248,L51427,L,302.6,311.0,1369.0,60.0,93.0,1,0,8.399999999999977,82140.0,0.043795620437956206
4249,L51428,L,302.6,311.0,1506.0,37.2,95.0,0,0,8.399999999999977,56023.200000000004,0.024684804246848043
4250,L51429,L,302.5,310.9,1330.0,56.9,97.0,1,0,8.399999999999977,75677.0,0.04274981217129977
4251,L51430,L,302.6,311.0,1660.0,38.0,99.0,0,0,8.399999999999977,63080.0,0.022877784467188442
4252,H33665,H,302.5,310.9,1356.0,55.5,101.0,1,0,8.399999999999977,75258.0,0.040899042004421515
4253,H33666,H,302.6,311.0,1438.0,51.0,106.0,0,0,8.399999999999977,73338.0,0.035441278665740095
4254,M19113,M,302.6,311.0,1329.0,48.6,111.0,1,0,8.399999999999977,64589.4,0.036541353383458645
4255,L51434,L,302.6,311.0,1284.0,68.0,114.0,1,0,8.399999999999977,87312.0,0.05291828793774319
4256,M19115,M,302.5,311.0,1387.0,52.1,116.0,0,0,8.5,72262.7,0.03753602305475504
4257,M19116,M,302.6,311.0,1591.0,33.9,119.0,0,0,8.399999999999977,53934.899999999994,0.021293969849246232
4258,M19117,M,302.6,311.0,1589.0,39.0,122.0,0,0,8.399999999999977,61971.0,0.024528301886792454
4259,M19118,M,302.7,311.1,1297.0,60.7,125.0,1,0,8.400000000000034,78727.90000000001,0.046764252696456086
4260,L51439,L,302.7,311.2,1545.0,35.1,128.0,0,0,8.5,54229.5,0.022703751617076325
4261,H33674,H,302.7,311.1,1418.0,43.4,130.0,0,0,8.400000000000034,61541.2,0.03058491895701198
4262,L51441,L,302.7,311.1,1730.0,28.1,135.0,0,0,8.400000000000034,48613.0,0.016233391103408434
4263,L51442,L,302.6,311.0,2001.0,20.7,137.0,0,0,8.399999999999977,41420.7,0.010339660339660339
4264,L51443,L,302.6,311.0,1620.0,36.2,139.0,0,0,8.399999999999977,58644.00000000001,0.022331893892658855
4265,M19124,M,302.6,311.0,1542.0,39.7,141.0,0,0,8.399999999999977,61217.4,0.02572909915748542
4266,L51445,L,302.6,311.0,1424.0,38.0,144.0,0,0,8.399999999999977,54112.0,0.02666666666666667
4267,L51446,L,302.7,311.1,1440.0,39.5,146.0,0,0,8.400000000000034,56880.0,0.027411519777931992
4268,L51447,L,300.1,311.0,1520.0,42.8,148.0,0,0,10.899999999999977,65055.99999999999,0.02813938198553583
4269,L51448,L,302.7,311.0,1694.0,29.8,150.0,0,0,8.300000000000011,50481.200000000004,0.017581120943952804
4270,L51449,L,302.6,311.0,1610.0,39.2,152.0,0,0,8.399999999999977,63112.00000000001,0.024332712600869028
4271,L51450,L,302.6,310.9,1331.0,52.0,154.0,1,0,8.299999999999955,69212.0,0.03903903903903904
4272,L51451,L,302.6,310.8,1470.0,41.2,156.0,0,0,8.199999999999989,60564.00000000001,0.028008157715839567
4273,L51452,L,302.5,310.8,1577.0,36.9,158.0,0,0,8.300000000000011,58191.299999999996,0.02338403041825095
4274,L51453,L,302.6,310.8,1486.0,36.4,160.0,0,0,8.199999999999989,54090.4,0.024478816408876933
4275,L51454,L,302.4,310.6,1445.0,40.3,108.0,0,0,8.200000000000045,58233.49999999999,0.027869986168741354
4276,M19135,M,302.4,310.5,1500.0,36.7,164.0,0,0,8.100000000000023,55050.00000000001,0.02445036642238508
4277,M19136,M,302.2,310.4,1456.0,47.5,167.0,0,0,8.199999999999989,69160.0,0.03260123541523679
4278,L51457,L,302.2,310.4,1743.0,28.1,170.0,0,0,8.199999999999989,48978.3,0.016112385321100917
4279,L51458,L,302.0,310.1,1409.0,50.4,172.0,0,0,8.100000000000023,71013.59999999999,0.03574468085106383
4280,L51459,L,302.0,310.1,1361.0,45.4,174.0,1,0,8.100000000000023,61789.4,0.03333333333333333
4281,L51460,L,302.1,310.1,1753.0,28.9,176.0,0,0,8.0,50661.7,0.016476624857468643
4282,L51461,L,302.0,310.0,1832.0,22.9,178.0,0,0,8.0,41952.799999999996,0.012493180578286961
4283,L51462,L,301.9,309.9,1374.0,48.5,180.0,1,0,8.0,66639.0,0.035272727272727275
4284,M19143,M,301.8,309.9,1334.0,61.0,182.0,1,0,8.099999999999966,81374.0,0.045692883895131084
4285,L51464,L,301.8,310.0,1493.0,40.3,185.0,0,0,8.199999999999989,60167.899999999994,0.026974564926372152
4286,L51465,L,301.7,309.9,1317.0,49.0,187.0,1,0,8.199999999999989,64533.0,0.03717754172989378
4287,M19146,M,301.7,309.9,1434.0,47.9,189.0,0,0,8.199999999999989,68688.59999999999,0.03337979094076655
4288,M19147,M,301.7,309.9,1457.0,39.2,192.0,0,0,8.199999999999989,57114.4,0.026886145404663924
4289,M19148,M,301.7,310.0,1391.0,50.6,195.0,0,0,8.300000000000011,70384.6,0.03635057471264368
4290,M19149,M,301.8,310.0,1781.0,23.9,198.0,0,0,8.199999999999989,42565.899999999994,0.013411896745230079
4291,L51470,L,301.8,310.0,1642.0,32.6,201.0,0,0,8.199999999999989,53529.200000000004,0.019841752891052954
4292,L51471,L,301.8,310.0,2032.0,19.0,203.0,0,0,8.199999999999989,38608.0,0.009345794392523364
4293,M19152,M,301.8,310.1,2372.0,13.9,205.0,1,0,8.300000000000011,32970.8,0.005857564264643911
4294,L51473,L,301.8,310.0,1393.0,44.9,208.0,0,0,8.199999999999989,62545.7,0.032209469153515066
4295,M19154,M,301.7,310.1,1743.0,27.3,210.0,0,0,8.400000000000034,47583.9,0.01565366972477064
4296,L51475,L,301.8,310.2,1457.0,40.4,213.0,0,0,8.399999999999977,58862.799999999996,0.027709190672153633
4297,L51476,L,301.8,310.2,2825.0,5.8,215.0,1,0,8.399999999999977,16385.0,0.0020523708421797595
4298,M19157,H,301.8,310.2,1609.0,34.2,217.0,0,0,8.399999999999977,55027.8,0.02124223602484472
4299,M19158,M,301.8,310.2,1437.0,42.3,0.0,0,0,8.399999999999977,60785.1,0.029415855354659248
4300,L51479,L,301.7,310.1,1402.0,50.1,3.0,0,0,8.400000000000034,70240.2,0.035709194583036355
4301,M19160,M,301.7,310.1,1644.0,34.6,5.0,0,0,8.400000000000034,56882.4,0.02103343465045593
4302,L51481,L,301.7,310.2,1471.0,51.1,8.0,0,0,8.5,75168.1,0.03471467391304348
4303,L51482,L,301.7,310.1,2695.0,12.6,10.0,0,0,8.400000000000034,33957.0,0.004673590504451038
4304,L51483,L,301.7,310.2,1435.0,48.1,12.0,0,0,8.5,69023.5,0.0334958217270195
4305,L51484,L,301.6,310.1,1694.0,26.3,14.0,0,0,8.5,44552.200000000004,0.015516224188790562
4306,L51485,L,301.6,310.1,1687.0,26.6,16.0,0,0,8.5,44874.200000000004,0.01575829383886256
4307,L51486,L,301.6,310.0,1869.0,22.9,18.0,0,0,8.399999999999977,42800.1,0.012245989304812833
4308,L51487,L,301.4,309.9,1259.0,63.9,20.0,1,0,8.5,80450.09999999999,0.05071428571428571
4309,H33722,H,301.4,309.9,1460.0,47.2,22.0,0,0,8.5,68912.0,0.0323066392881588
4310,M19169,M,301.3,309.9,1501.0,39.5,27.0,0,0,8.599999999999966,59289.5,0.0262982689747004
4311,L51490,L,301.4,310.0,1776.0,25.6,30.0,0,0,8.600000000000023,45465.600000000006,0.014406302757456389
4312,M19171,M,300.1,310.1,1468.0,40.8,32.0,0,0,10.0,59894.399999999994,0.027773995915588833
4313,L51492,L,301.5,310.1,1430.0,46.5,35.0,0,0,8.600000000000023,66495.0,0.03249475890985325
4314,L51493,L,301.4,310.1,1502.0,46.6,37.0,0,0,8.700000000000045,69993.2,0.03100465735196274
4315,H33728,H,301.4,310.1,1623.0,32.3,39.0,0,0,8.700000000000045,52422.899999999994,0.019889162561576353
4316,M19175,M,301.4,310.0,1651.0,29.8,44.0,0,0,8.600000000000023,49199.8,0.018038740920096854
4317,L51496,L,301.5,310.1,1639.0,33.4,47.0,0,0,8.600000000000023,54742.6,0.020365853658536586
4318,M19177,M,301.5,310.0,1417.0,44.6,49.0,0,0,8.5,63198.200000000004,0.03145275035260931
4319,L51498,L,301.5,310.1,1541.0,42.2,52.0,0,0,8.600000000000023,65030.200000000004,0.027367055771725036
4320,M19179,M,301.6,310.2,1411.0,45.1,54.0,0,0,8.599999999999966,63636.1,0.03194050991501417
4321,L51500,L,301.7,310.3,1397.0,44.6,57.0,0,0,8.600000000000023,62306.200000000004,0.03190271816881259
4322,L51501,L,301.7,310.2,1686.0,28.9,59.0,0,0,8.5,48725.399999999994,0.01713100177830468
4323,M19182,M,301.7,310.1,1431.0,44.0,61.0,0,0,8.400000000000034,62964.0,0.030726256983240222
4324,L51503,L,301.8,310.3,1341.0,50.5,64.0,1,0,8.5,67720.5,0.037630402384500744
4325,L51504,L,301.7,310.2,1486.0,43.0,66.0,0,0,8.5,63898.0,0.028917283120376596
4326,L51505,L,301.6,310.2,1384.0,57.1,68.0,0,0,8.599999999999966,79026.40000000001,0.041227436823104695
4327,L51506,L,301.6,310.1,1362.0,55.8,70.0,1,0,8.5,75999.59999999999,0.04093910491562729
4328,H33741,H,301.7,310.1,1660.0,29.3,72.0,0,0,8.400000000000034,48638.0,0.017639975918121616
4329,L51508,L,301.6,310.1,1326.0,48.2,77.0,1,0,8.5,63913.200000000004,0.036322532027128866
4330,L51509,L,301.6,310.0,1566.0,30.3,79.0,0,0,8.399999999999977,47449.8,0.01933631142310147
4331,L51510,L,301.5,309.8,1549.0,38.5,81.0,0,0,8.300000000000011,59636.5,0.024838709677419354
4332,M19191,M,301.6,309.9,1746.0,31.1,83.0,0,0,8.299999999999955,54300.600000000006,0.017801946193474527
4333,M19192,M,301.7,309.9,1452.0,41.5,86.0,0,0,8.199999999999989,60258.0,0.02856159669649002
4334,L51513,L,301.6,309.8,1588.0,33.9,89.0,0,0,8.199999999999989,53833.2,0.02133417243549402
4335,L51514,L,301.6,309.8,1472.0,42.5,91.0,0,0,8.199999999999989,62560.0,0.02885268160217244
4336,L51515,L,301.7,309.9,1607.0,37.7,93.0,0,0,8.199999999999989,60583.9,0.023445273631840798
4337,H33750,H,301.6,309.9,1423.0,53.6,95.0,0,0,8.299999999999955,76272.8,0.037640449438202245
4338,L51517,L,301.6,309.9,1440.0,43.4,100.0,0,0,8.299999999999955,62496.0,0.03011797362942401
4339,L51518,L,301.6,309.9,1397.0,43.7,102.0,0,0,8.299999999999955,61048.9,0.03125894134477826
4340,L51519,L,301.7,309.9,1524.0,46.6,104.0,0,0,8.199999999999989,71018.40000000001,0.03055737704918033
4341,M19200,M,301.7,309.9,1533.0,40.9,106.0,0,0,8.199999999999989,62699.7,0.026662320730117338
4342,L51521,L,301.7,309.8,1398.0,46.0,109.0,0,0,8.100000000000023,64308.0,0.032880629020729094
4343,M19202,M,301.7,309.8,1284.0,68.2,111.0,1,0,8.100000000000023,87568.8,0.0530739299610895
4344,L51523,L,301.7,309.8,1491.0,39.3,114.0,0,0,8.100000000000023,58596.299999999996,0.02634048257372654
4345,H33758,H,301.8,309.9,1418.0,51.3,116.0,0,0,8.099999999999966,72743.4,0.03615221987315011
4346,M19205,M,301.8,309.8,1546.0,39.8,121.0,0,0,8.0,61530.799999999996,0.02572721396250808
4347,L51526,L,301.8,309.7,1598.0,30.4,124.0,0,0,7.899999999999977,48579.2,0.019011882426516573
4348,H33761,H,301.9,309.8,1724.0,27.5,126.0,0,0,7.900000000000034,47410.0,0.015942028985507246
4349,L51528,L,301.9,309.8,1507.0,44.7,131.0,0,0,7.900000000000034,67362.90000000001,0.02964190981432361
4350,L51529,L,301.9,309.7,1595.0,31.4,133.0,0,0,7.800000000000011,50083.0,0.019674185463659146
4351,M19210,M,301.9,309.7,1568.0,37.5,135.0,0,0,7.800000000000011,58800.0,0.02390057361376673
4352,L51531,L,301.8,309.6,1432.0,43.7,138.0,0,0,7.800000000000011,62578.4,0.03049546406140963
4353,L51532,L,301.9,309.7,1424.0,42.8,140.0,0,0,7.800000000000011,60947.2,0.030035087719298244
4354,M19213,M,302.0,309.7,1386.0,62.7,142.0,1,0,7.699999999999989,86902.2,0.045205479452054796
4355,L51534,L,302.0,309.8,1456.0,58.1,145.0,0,0,7.800000000000011,84593.6,0.03987645847632121
4356,H33769,H,302.0,309.8,1280.0,57.3,147.0,1,0,7.800000000000011,73344.0,0.04473067915690866
4357,L51536,L,302.0,309.8,1649.0,31.0,152.0,0,0,7.800000000000011,51119.0,0.018787878787878787
4358,L51537,L,302.0,309.9,1407.0,52.8,154.0,0,0,7.899999999999977,74289.59999999999,0.0375
4359,H33772,H,302.0,309.9,1606.0,34.5,156.0,0,0,7.899999999999977,55407.0,0.021468574984443062
4360,M19219,L,302.1,310.0,1531.0,38.0,161.0,0,0,7.899999999999977,58178.0,0.024804177545691905
4361,L51540,L,302.1,310.1,1543.0,35.8,164.0,0,0,8.0,55239.399999999994,0.023186528497409323
4362,M19221,M,302.1,310.1,1379.0,48.2,166.0,1,0,8.0,66467.8,0.03492753623188406
4363,L51542,L,302.1,310.1,1447.0,46.6,169.0,0,0,8.0,67430.2,0.03218232044198895
4364,H33777,H,302.1,310.1,1844.0,24.6,171.0,0,0,8.0,45362.4,0.013333333333333334
4365,H33778,H,302.1,310.1,1615.0,29.9,176.0,0,0,8.0,48288.5,0.01850247524752475
4366,L51545,L,302.0,310.0,1449.0,48.8,181.0,0,0,8.0,70711.2,0.0336551724137931
4367,L51546,L,302.0,309.9,1388.0,51.4,183.0,0,0,7.899999999999977,71343.2,0.037005039596832254
4368,H33781,H,302.0,309.9,1447.0,42.8,185.0,0,0,7.899999999999977,61931.6,0.029558011049723755
4369,L51548,L,302.0,310.0,1664.0,28.6,190.0,0,0,8.0,47590.4,0.017177177177177178
4370,H33783,H,302.0,309.9,1735.0,27.2,192.0,0,0,7.899999999999977,47192.0,0.01566820276497696
4371,L51550,L,302.0,309.9,1308.0,57.6,197.0,1,0,7.899999999999977,75340.8,0.04400305576776165
4372,L51551,L,302.0,309.8,1480.0,40.0,199.0,0,0,7.800000000000011,59200.0,0.02700877785280216
4373,M19232,M,301.9,309.6,1439.0,41.7,201.0,0,0,7.7000000000000455,60006.3,0.028958333333333336
4374,M19233,M,301.9,309.7,1533.0,35.9,204.0,0,0,7.800000000000011,55034.7,0.023402868318122553
4375,L51554,L,302.0,309.7,1551.0,34.8,207.0,0,0,7.699999999999989,53974.799999999996,0.02242268041237113
4376,L51555,L,302.0,309.7,1414.0,36.3,209.0,0,0,7.699999999999989,51328.2,0.02565371024734982
4377,M19236,M,301.9,309.6,1551.0,34.6,211.0,0,0,7.7000000000000455,53664.600000000006,0.02229381443298969
4378,M19237,M,301.8,309.6,1436.0,49.0,214.0,0,0,7.800000000000011,70364.0,0.03409881697981907
4379,M19238,M,301.9,309.6,1385.0,45.8,217.0,0,0,7.7000000000000455,63432.99999999999,0.03304473304473304
4380,M19239,M,301.8,309.5,1732.0,30.1,220.0,0,0,7.699999999999989,52133.200000000004,0.01736872475476053
4381,L51560,L,301.9,309.6,1410.0,49.0,223.0,0,0,7.7000000000000455,69090.0,0.03472714386959603
4382,L51561,L,301.9,309.6,1446.0,43.2,225.0,0,0,7.7000000000000455,62467.200000000004,0.02985487214927436
4383,L51562,L,301.8,309.5,1525.0,39.6,227.0,0,0,7.699999999999989,60390.0,0.025950196592398427
4384,L51563,L,301.7,309.5,1298.0,65.5,229.0,1,0,7.800000000000011,85019.0,0.050423402617398
4385,L51564,L,301.8,309.6,1443.0,42.7,231.0,0,0,7.800000000000011,61616.100000000006,0.029570637119113577
4386,L51565,L,301.8,309.7,1442.0,45.3,233.0,1,1,7.899999999999977,65322.6,0.03139293139293139
4387,L51566,L,301.9,309.7,1719.0,31.9,0.0,0,0,7.800000000000011,54836.1,0.018546511627906975
4388,L51567,L,302.0,309.8,1532.0,39.4,2.0,0,0,7.800000000000011,60360.799999999996,0.025701239399869538
4389,L51568,L,302.0,309.8,1701.0,27.2,4.0,0,0,7.800000000000011,46267.2,0.015981198589894243
4390,M19249,M,302.1,310.0,1355.0,45.1,6.0,1,0,7.899999999999977,61110.5,0.03325958702064897
4391,M19250,M,302.2,310.1,1421.0,45.4,9.0,0,0,7.900000000000034,64513.4,0.03192686357243319
4392,M19251,M,302.2,310.1,1368.0,51.6,12.0,1,0,7.900000000000034,70588.8,0.03769174579985391
4393,L51572,L,302.2,310.1,1458.0,45.1,15.0,0,0,7.900000000000034,65755.8,0.030911583276216587
4394,M19253,M,302.2,310.1,1572.0,34.6,17.0,0,0,7.900000000000034,54391.200000000004,0.02199618563254927
4395,L51574,L,302.2,310.0,1483.0,48.7,20.0,0,0,7.800000000000011,72222.1,0.0328167115902965
4396,L51575,L,302.3,310.1,1513.0,40.4,22.0,0,0,7.800000000000011,61125.2,0.026684280052840157
4397,H33810,H,302.3,310.1,1383.0,42.9,24.0,0,0,7.800000000000011,59330.7,0.030997109826589594
4398,L51577,L,302.4,310.2,1539.0,37.7,29.0,0,0,7.800000000000011,58020.3,0.02448051948051948
4399,M19258,M,302.3,310.1,1563.0,37.8,31.0,0,0,7.800000000000011,59081.399999999994,0.02416879795396419
4400,L51579,L,302.3,310.1,1653.0,29.7,34.0,0,0,7.800000000000011,49094.1,0.017956469165659007
4401,L51580,L,302.3,310.1,1353.0,50.9,36.0,1,0,7.800000000000011,68867.7,0.03759231905465288
4402,H33815,H,302.2,310.0,1468.0,43.6,38.0,0,0,7.800000000000011,64004.8,0.02968005445881552
4403,H33816,H,302.3,310.2,1506.0,33.8,43.0,0,0,7.899999999999977,50902.799999999996,0.022428666224286662
4404,L51583,L,302.3,310.1,1388.0,49.9,48.0,0,0,7.800000000000011,69261.2,0.03592512598992081
4405,M19264,M,302.4,310.2,1485.0,45.9,50.0,0,0,7.800000000000011,68161.5,0.03088829071332436
4406,L51585,H,302.4,310.2,1331.0,45.5,53.0,1,0,7.800000000000011,60560.5,0.03415915915915916
4407,L51586,L,302.5,310.3,1326.0,58.5,55.0,1,0,7.800000000000011,77571.0,0.044084400904295405
4408,L51587,L,302.3,310.2,1394.0,55.4,57.0,0,0,7.899999999999977,77227.59999999999,0.039713261648745515
4409,L51588,L,302.4,310.1,2009.0,18.9,59.0,0,0,7.7000000000000455,37970.1,0.009402985074626865
4410,M19269,M,302.4,310.1,1358.0,54.6,61.0,1,0,7.7000000000000455,74146.8,0.040176600441501106
4411,L51590,L,302.5,310.2,1586.0,32.2,64.0,0,0,7.699999999999989,51069.200000000004,0.02028985507246377
4412,L51591,L,302.5,310.3,1688.0,31.6,66.0,0,0,7.800000000000011,53340.8,0.018709295441089402
4413,L51592,L,302.6,310.5,1450.0,43.2,68.0,0,0,7.899999999999977,62640.00000000001,0.029772570640937288
4414,M19273,M,302.7,310.5,1398.0,47.3,70.0,0,0,7.800000000000011,66125.4,0.03380986418870622
4415,L51594,L,302.7,310.5,1520.0,39.3,73.0,0,0,7.800000000000011,59735.99999999999,0.02583826429980276
4416,L51595,L,302.6,310.4,1514.0,42.7,75.0,0,0,7.7999999999999545,64647.8,0.028184818481848187
4417,M19276,M,302.6,310.4,1532.0,36.1,77.0,0,0,7.7999999999999545,55305.200000000004,0.02354859752120026
4418,L51597,L,302.6,310.4,1365.0,66.8,80.0,1,0,7.7999999999999545,91182.0,0.048901903367496335
4419,L51598,L,302.6,310.3,1642.0,33.2,82.0,0,0,7.699999999999989,54514.4,0.020206938527084602
4420,M19279,M,302.6,310.2,2676.0,10.8,84.0,1,0,7.599999999999966,28900.800000000003,0.00403436682853941
4421,H33834,H,302.6,310.2,1873.0,21.3,87.0,0,0,7.599999999999966,39894.9,0.011366061899679829
4422,L51601,L,302.6,310.2,1325.0,62.4,92.0,1,0,7.599999999999966,82680.0,0.047058823529411764
4423,M19282,M,302.6,310.2,2157.0,17.2,94.0,0,0,7.599999999999966,37100.4,0.007970342910101945
4424,M19283,M,302.6,310.2,1563.0,39.0,97.0,0,0,7.599999999999966,60957.0,0.024936061381074168
4425,M19284,M,302.6,310.2,1631.0,31.0,100.0,0,0,7.599999999999966,50561.0,0.018995098039215685
4426,L51605,L,302.5,310.2,1547.0,36.9,103.0,0,0,7.699999999999989,57084.299999999996,0.02383720930232558
4427,L51606,L,302.6,310.3,1479.0,40.4,105.0,0,0,7.699999999999989,59751.6,0.027297297297297296
4428,M19287,M,302.4,310.1,1379.0,48.9,107.0,1,0,7.7000000000000455,67433.09999999999,0.035434782608695654
4429,L51608,L,302.4,310.1,1906.0,21.2,110.0,0,0,7.7000000000000455,40407.2,0.011116937598321972
4430,M19289,M,302.3,310.1,1731.0,33.4,112.0,0,0,7.800000000000011,57815.399999999994,0.01928406466512702
4431,H33844,H,302.3,310.1,1688.0,30.4,115.0,0,0,7.800000000000011,51315.2,0.017998815867377144
4432,H33845,H,302.3,310.2,1443.0,54.6,120.0,0,0,7.899999999999977,78787.8,0.037811634349030475
4433,L51612,L,302.4,310.2,1445.0,46.4,125.0,0,0,7.800000000000011,67048.0,0.03208852005532503
4434,H33847,H,302.4,310.2,1435.0,44.9,127.0,0,0,7.800000000000011,64431.5,0.031267409470752086
4435,L51614,L,302.4,310.1,1556.0,32.9,132.0,0,0,7.7000000000000455,51192.399999999994,0.02113037893384714
4436,L51615,L,302.3,310.1,1321.0,52.7,134.0,1,0,7.800000000000011,69616.7,0.039863842662632376
4437,M19296,M,302.4,310.1,1577.0,35.8,136.0,0,0,7.7000000000000455,56456.6,0.02268694550063371
4438,L51617,L,302.4,310.2,1578.0,31.2,139.0,0,0,7.800000000000011,49233.6,0.019759341355288156
4439,L51618,L,302.4,310.1,1418.0,52.3,141.0,0,0,7.7000000000000455,74161.4,0.0368569415081043
4440,M19299,M,302.4,310.2,1392.0,55.8,143.0,0,0,7.800000000000011,77673.59999999999,0.04005743000717875
4441,L51620,L,302.5,310.3,1446.0,44.0,146.0,0,0,7.800000000000011,63624.0,0.0304077401520387
4442,L51621,L,302.5,310.2,1329.0,50.6,148.0,1,0,7.699999999999989,67247.40000000001,0.03804511278195489
4443,L51622,L,302.5,310.2,1563.0,34.8,150.0,0,0,7.699999999999989,54392.399999999994,0.022250639386189257
4444,L51623,L,302.5,310.3,1405.0,57.4,152.0,0,0,7.800000000000011,80647.0,0.040825035561877665
4445,L51624,L,302.4,310.2,2224.0,16.0,154.0,0,0,7.800000000000011,35584.0,0.0071910112359550565
4446,L51625,L,302.5,310.2,1716.0,29.9,156.0,0,0,7.699999999999989,51308.399999999994,0.01741409435061153
4447,L51626,L,302.5,310.3,1584.0,35.5,158.0,0,0,7.800000000000011,56232.0,0.022397476340694007
4448,M19307,M,302.5,310.3,1488.0,41.8,160.0,0,0,7.800000000000011,62198.399999999994,0.02807253190060443
4449,L51628,L,302.4,310.3,1374.0,51.2,163.0,1,0,7.900000000000034,70348.8,0.03723636363636364
4450,M19309,M,302.4,310.3,1378.0,54.3,165.0,1,0,7.900000000000034,74825.4,0.03937635968092821
4451,L51630,L,302.5,310.3,1551.0,37.3,168.0,0,0,7.800000000000011,57852.299999999996,0.024033505154639173
4452,L51631,L,302.5,310.3,1549.0,40.9,170.0,0,0,7.800000000000011,63354.1,0.02638709677419355
4453,M19312,M,302.5,310.3,1447.0,39.2,172.0,0,0,7.800000000000011,56722.4,0.027071823204419893
4454,L51633,L,302.4,310.2,1400.0,53.7,175.0,0,0,7.800000000000011,75180.0,0.03832976445396146
4455,L51634,L,302.4,310.1,1401.0,48.8,177.0,0,0,7.7000000000000455,68368.8,0.034807417974322394
4456,H33869,H,302.4,310.1,1597.0,28.9,179.0,0,0,7.7000000000000455,46153.299999999996,0.018085106382978722
4457,L51636,L,302.3,310.1,1487.0,46.0,184.0,0,0,7.800000000000011,68402.0,0.030913978494623656
4458,M19317,M,302.5,310.3,1710.0,27.3,186.0,0,0,7.800000000000011,46683.0,0.015955581531268265
4459,L51638,L,302.6,310.4,1478.0,47.7,189.0,0,0,7.7999999999999545,70500.6,0.03225152129817444
4460,L51639,L,302.6,310.4,1743.0,26.3,191.0,0,0,7.7999999999999545,45840.9,0.015080275229357799
4461,L51640,L,302.6,310.5,1596.0,32.8,193.0,0,0,7.899999999999977,52348.799999999996,0.020538509705698184
4462,L51641,L,302.7,310.5,1642.0,30.8,195.0,0,0,7.800000000000011,50573.6,0.018746195982958003
4463,L51642,L,302.7,310.5,1263.0,67.8,197.0,1,0,7.800000000000011,85631.4,0.05363924050632911
4464,L51643,L,302.8,310.6,2016.0,19.9,199.0,0,0,7.800000000000011,40118.399999999994,0.009866137828458105
4465,L51644,L,302.8,310.6,1671.0,30.5,201.0,0,0,7.800000000000011,50965.5,0.018241626794258375
4466,L51645,L,302.8,310.6,1404.0,43.2,203.0,0,0,7.800000000000011,60652.8,0.030747330960854094
4467,L51646,L,302.8,310.6,1470.0,41.1,205.0,0,0,7.800000000000011,60417.0,0.02794017675050986
4468,L51647,L,302.8,310.6,1617.0,37.9,207.0,0,0,7.800000000000011,61284.299999999996,0.02342398022249691
4469,L51648,L,302.7,310.5,1725.0,29.0,209.0,0,0,7.800000000000011,50025.0,0.016801853997682505
4470,L51649,L,302.7,310.5,1446.0,40.9,211.0,1,1,7.800000000000011,59141.4,0.028265376641326882
4471,L51650,L,302.7,310.6,1564.0,34.3,0.0,0,0,7.900000000000034,53645.2,0.021916932907348242
4472,L51651,L,302.8,310.6,1670.0,29.1,2.0,0,0,7.800000000000011,48597.0,0.017414721723518854
4473,L51652,L,302.7,310.6,1501.0,48.7,4.0,0,0,7.900000000000034,73098.7,0.032423435419440746
4474,L51653,L,302.7,310.5,1551.0,35.9,6.0,0,0,7.800000000000011,55680.899999999994,0.02313144329896907
4475,L51654,L,302.7,310.5,1563.0,35.0,8.0,0,0,7.800000000000011,54705.0,0.02237851662404092
4476,L51655,L,302.7,310.5,1351.0,41.8,10.0,1,0,7.800000000000011,56471.799999999996,0.030917159763313606
4477,L51656,L,302.6,310.4,1415.0,52.1,12.0,0,0,7.7999999999999545,73721.5,0.03679378531073446
4478,L51657,L,302.6,310.3,1647.0,34.2,14.0,0,0,7.699999999999989,56327.4,0.020752427184466023
4479,L51658,L,302.5,310.2,1477.0,41.6,16.0,0,0,7.699999999999989,61443.200000000004,0.028146143437077133
4480,L51659,L,302.6,310.2,1923.0,21.5,18.0,0,0,7.599999999999966,41344.5,0.011174636174636175
4481,H33894,H,302.7,310.4,1305.0,55.2,20.0,1,0,7.699999999999989,72036.0,0.04226646248085758
4482,M19341,M,302.6,310.4,1544.0,35.1,25.0,0,0,7.7999999999999545,54194.4,0.02271844660194175
4483,H33896,H,302.7,310.5,1568.0,36.9,28.0,0,0,7.800000000000011,57859.2,0.02351816443594646
4484,L51663,L,302.7,310.4,1489.0,42.7,33.0,0,0,7.699999999999989,63580.3,0.02865771812080537
4485,M19344,M,302.6,310.4,1451.0,43.1,35.0,0,0,7.7999999999999545,62538.1,0.029683195592286504
4486,L51665,L,302.7,310.4,1542.0,35.7,38.0,0,0,7.699999999999989,55049.4,0.023136746597537266
4487,M19346,M,302.6,310.5,1965.0,20.2,40.0,0,0,7.899999999999977,39693.0,0.01027466937945066
4488,L51667,L,302.5,310.5,1436.0,36.5,43.0,0,0,8.0,52414.0,0.025400139178844816
4489,M19348,M,302.5,310.4,1509.0,37.6,45.0,0,0,7.899999999999977,56738.4,0.02490066225165563
4490,L51669,L,302.5,310.4,1487.0,40.2,48.0,0,0,7.899999999999977,59777.4,0.027016129032258068
4491,L51670,L,302.5,310.4,1967.0,40.1,50.0,0,0,7.899999999999977,78876.7,0.020376016260162604
4492,H33905,H,302.6,310.4,1409.0,53.3,52.0,0,0,7.7999999999999545,75099.7,0.03780141843971631
4493,M19352,M,302.6,310.5,1420.0,56.4,57.0,0,0,7.899999999999977,80088.0,0.03969035890218156
4494,L51673,L,302.7,310.5,1511.0,37.7,60.0,0,0,7.800000000000011,56964.700000000004,0.024933862433862437
4495,H33908,H,302.6,310.4,1649.0,30.1,62.0,0,0,7.7999999999999545,49634.9,0.018242424242424244
4496,L51675,L,302.6,310.4,1359.0,57.2,67.0,1,0,7.7999999999999545,77734.8,0.04205882352941177
4497,M19356,M,302.5,310.4,1605.0,36.0,69.0,0,0,7.899999999999977,57780.0,0.0224159402241594
4498,L51677,L,302.5,310.3,1523.0,36.0,72.0,0,0,7.800000000000011,54828.0,0.023622047244094488
4499,H33912,H,302.6,310.4,1614.0,36.0,74.0,0,0,7.7999999999999545,58104.0,0.022291021671826627
4500,H33913,H,302.6,310.3,1721.0,27.4,79.0,0,0,7.699999999999989,47155.399999999994,0.015911730545876888
4501,L51680,L,302.6,310.4,1638.0,36.2,84.0,0,0,7.7999999999999545,59295.600000000006,0.022086638194020746
4502,L51681,L,302.5,310.2,1307.0,54.0,86.0,1,0,7.699999999999989,70578.0,0.04128440366972477
4503,L51682,L,300.1,310.2,1642.0,28.3,88.0,0,0,10.099999999999966,46468.6,0.017224589166159463
4504,M19363,M,302.5,310.2,1751.0,30.5,90.0,0,0,7.699999999999989,53405.5,0.017408675799086757
4505,L51684,L,302.4,310.1,1645.0,31.6,93.0,0,0,7.7000000000000455,51982.0,0.01919805589307412
4506,L51685,L,302.4,310.1,1426.0,46.8,95.0,0,0,7.7000000000000455,66736.8,0.032796075683251574
4507,M19366,M,302.4,310.1,1520.0,36.6,97.0,0,0,7.7000000000000455,55632.0,0.024063116370808678
4508,L51687,L,302.4,310.1,1709.0,31.8,100.0,0,0,7.7000000000000455,54346.200000000004,0.018596491228070177
4509,L51688,L,302.4,310.0,1426.0,46.6,102.0,0,0,7.600000000000023,66451.6,0.03265592151366503
4510,L51689,L,302.4,310.1,1429.0,43.7,104.0,0,0,7.7000000000000455,62447.3,0.03055944055944056
4511,L51690,L,302.4,310.2,1346.0,62.4,106.0,1,0,7.800000000000011,83990.4,0.046325167037861915
4512,L51691,L,302.5,310.2,1454.0,43.0,108.0,0,0,7.699999999999989,62522.0,0.029553264604810996
4513,M19372,M,302.5,310.3,1411.0,49.5,110.0,0,0,7.800000000000011,69844.5,0.035056657223796035
4514,L51693,L,302.4,310.3,1900.0,24.4,113.0,0,0,7.900000000000034,46360.0,0.012835349815886375
4515,L51694,L,302.4,310.3,1479.0,36.2,115.0,0,0,7.900000000000034,53539.8,0.024459459459459463
4516,L51695,L,302.5,310.4,1415.0,48.2,117.0,0,0,7.899999999999977,68203.0,0.03403954802259887
4517,L51696,L,302.5,310.3,1539.0,39.0,119.0,0,0,7.800000000000011,60021.0,0.025324675324675326
4518,L51697,L,302.4,310.3,1520.0,31.6,121.0,0,0,7.900000000000034,48032.0,0.02077580539119001
4519,L51698,L,302.4,310.3,1480.0,45.8,123.0,0,0,7.900000000000034,67784.0,0.030925050641458472
4520,L51699,L,302.4,310.4,1666.0,29.7,125.0,0,0,8.0,49480.2,0.01781643671265747
4521,L51700,L,302.4,310.4,1456.0,47.6,127.0,0,0,8.0,69305.6,0.03266986959505834
4522,L51701,L,302.4,310.4,1865.0,23.9,129.0,0,0,8.0,44573.5,0.012808145766345123
4523,M19382,M,302.5,310.5,1918.0,21.6,131.0,0,0,8.0,41428.8,0.011255862428348098
4524,L51703,L,302.5,310.4,1488.0,48.4,134.0,0,0,7.899999999999977,72019.2,0.032505036937541976
4525,M19384,M,302.5,310.5,1527.0,38.8,136.0,0,0,8.0,59247.6,0.025392670157068063
4526,M19385,M,302.4,310.4,1463.0,42.2,139.0,0,0,8.0,61738.600000000006,0.02882513661202186
4527,L51706,L,302.4,310.4,1503.0,38.5,142.0,0,0,8.0,57865.5,0.02559840425531915
4528,M19387,M,302.4,310.5,1372.0,45.7,144.0,1,0,8.100000000000023,62700.4,0.03328477785870357
4529,L51708,L,302.5,310.5,1507.0,39.5,147.0,0,0,8.0,59526.5,0.02619363395225464
4530,M19389,M,302.4,310.4,1586.0,34.3,149.0,0,0,8.0,54399.799999999996,0.021613106490233142
4531,L51710,L,302.5,310.4,1487.0,42.0,152.0,0,0,7.899999999999977,62454.0,0.028225806451612902
4532,L51711,L,302.5,310.5,1520.0,41.2,154.0,0,0,8.0,62624.00000000001,0.027087442472057858
4533,H33946,H,302.5,310.4,1422.0,41.9,156.0,0,0,7.899999999999977,59581.799999999996,0.029444834855938157
4534,M19393,M,302.4,310.3,1375.0,52.5,161.0,1,0,7.900000000000034,72187.5,0.03815406976744186
4535,L51714,L,302.4,310.2,1633.0,28.0,164.0,0,0,7.800000000000011,45724.0,0.017135862913096694
4536,L51715,L,302.4,310.2,1503.0,36.2,166.0,0,0,7.800000000000011,54408.600000000006,0.024069148936170216
4537,L51716,L,302.4,310.2,1351.0,45.1,168.0,1,0,7.800000000000011,60930.1,0.033357988165680474
4538,L51717,L,302.3,310.2,1548.0,35.3,170.0,0,0,7.899999999999977,54644.399999999994,0.022788896061975466
4539,L51718,L,302.4,310.3,1923.0,23.3,172.0,0,0,7.900000000000034,44805.9,0.01211018711018711
4540,L51719,L,302.5,310.3,1592.0,32.6,174.0,0,0,7.800000000000011,51899.200000000004,0.02046453232893911
4541,M19400,M,302.5,310.4,1580.0,35.6,176.0,0,0,7.899999999999977,56248.0,0.022517394054395953
4542,L51721,L,302.5,310.4,1427.0,46.8,179.0,0,0,7.899999999999977,66783.59999999999,0.032773109243697474
4543,M19402,M,302.5,310.4,1581.0,32.7,181.0,0,0,7.899999999999977,51698.700000000004,0.020670037926675097
4544,M19403,M,302.6,310.5,1542.0,39.9,184.0,0,0,7.899999999999977,61525.799999999996,0.025858716785482825
4545,L51724,L,302.5,310.4,1349.0,55.1,187.0,1,0,7.899999999999977,74329.90000000001,0.04081481481481482
4546,L51725,L,302.5,310.5,1463.0,43.0,189.0,0,0,8.0,62909.0,0.029371584699453553
4547,M19406,M,302.5,310.4,1429.0,43.2,191.0,0,0,7.899999999999977,61732.8,0.030209790209790213
4548,M19407,M,302.5,310.4,1451.0,53.6,194.0,0,0,7.899999999999977,77773.6,0.03691460055096419
4549,L51728,L,302.6,310.5,1511.0,37.2,197.0,0,0,7.899999999999977,56209.200000000004,0.024603174603174606
4550,L51729,L,302.6,310.6,1549.0,37.5,199.0,0,0,8.0,58087.5,0.024193548387096774
4551,M19410,M,302.5,310.5,1507.0,40.2,201.0,0,0,8.0,60581.4,0.026657824933687003
4552,M19411,M,302.6,310.5,1524.0,33.7,204.0,0,0,7.899999999999977,51358.8,0.022098360655737708
4553,M19412,M,302.7,310.5,1880.0,22.7,207.0,0,0,7.800000000000011,42676.0,0.012068048910154172
4554,L51733,L,302.6,310.5,1461.0,45.4,0.0,0,0,7.899999999999977,66329.4,0.031053351573187414
4555,L51734,L,302.6,310.5,1748.0,28.2,2.0,0,0,7.899999999999977,49293.6,0.016123499142367066
4556,L51735,L,302.7,310.6,1690.0,26.7,4.0,0,0,7.900000000000034,45123.0,0.015789473684210527
4557,M19416,M,302.7,310.6,1349.0,51.2,6.0,1,0,7.900000000000034,69068.8,0.037925925925925925
4558,L51737,L,302.7,310.6,1686.0,26.3,9.0,0,0,7.900000000000034,44341.8,0.015589804386484885
4559,L51738,L,302.7,310.7,1503.0,47.5,11.0,1,0,8.0,71392.5,0.03158244680851064
4560,L51739,L,302.7,310.7,1433.0,43.7,13.0,0,0,8.0,62622.100000000006,0.030474198047419805
4561,L51740,L,302.7,310.7,1597.0,41.9,15.0,0,0,8.0,66914.3,0.026220275344180224
4562,L51741,L,302.9,310.8,1610.0,32.2,17.0,0,0,7.900000000000034,51842.00000000001,0.019987585350713846
4563,L51742,L,302.7,310.7,1398.0,57.7,19.0,0,0,8.0,80664.6,0.04124374553252323
4564,L51743,L,302.7,310.7,1977.0,20.0,21.0,0,0,8.0,39540.0,0.010111223458038422
4565,L51744,L,302.8,310.8,1516.0,39.5,23.0,0,0,8.0,59882.0,0.026038233355306525
4566,H33979,H,302.7,310.8,1275.0,55.0,25.0,1,0,8.100000000000023,70125.0,0.04310344827586207
4567,L51746,L,302.8,310.8,1402.0,50.5,30.0,0,0,8.0,70801.0,0.03599429793300071
4568,M19427,M,302.8,310.8,1451.0,44.7,32.0,0,0,8.0,64859.700000000004,0.030785123966942152
4569,M19428,M,302.7,310.8,1555.0,36.1,35.0,0,0,8.100000000000023,56135.5,0.02320051413881748
4570,L51749,L,302.8,310.9,1636.0,35.0,38.0,0,0,8.099999999999966,57260.0,0.021380574221136223
4571,L51750,L,302.8,310.9,1312.0,52.2,40.0,1,0,8.099999999999966,68486.40000000001,0.03975628332063976
4572,L51751,L,302.8,310.9,1708.0,29.8,42.0,0,0,8.099999999999966,50898.4,0.017437097717963722
4573,M19432,M,302.9,311.0,1556.0,36.5,44.0,0,0,8.100000000000023,56794.0,0.023442517662170842
4574,H33987,H,302.8,311.0,1436.0,43.5,47.0,0,0,8.199999999999989,62466.0,0.030271398747390398
4575,M19434,M,302.9,311.0,1402.0,40.7,52.0,0,0,8.100000000000023,57061.4,0.029009265858873843
4576,M19435,M,302.9,311.0,1437.0,49.9,55.0,0,0,8.100000000000023,71706.3,0.0347009735744089
4577,M19436,M,302.9,311.1,1926.0,21.8,58.0,0,0,8.200000000000045,41986.8,0.011312921639854697
4578,L51757,L,303.0,311.2,1800.0,23.7,61.0,0,0,8.199999999999989,42660.0,0.013159355913381455
4579,L51758,L,303.0,311.2,1641.0,32.6,63.0,0,0,8.199999999999989,53496.600000000006,0.01985383678440926
4580,L51759,L,303.0,311.2,1374.0,48.2,65.0,1,0,8.199999999999989,66226.8,0.035054545454545456
4581,L51760,L,303.0,311.2,1494.0,37.0,67.0,0,0,8.199999999999989,55278.0,0.024749163879598662
4582,L51761,L,303.0,311.2,1601.0,32.9,69.0,0,0,8.199999999999989,52672.899999999994,0.020536828963795255
4583,L51762,L,302.9,311.2,1634.0,36.9,71.0,0,0,8.300000000000011,60294.6,0.02256880733944954
4584,M19443,M,302.9,311.2,1467.0,37.7,73.0,0,0,8.300000000000011,55305.9,0.025681198910081745
4585,L51764,L,302.8,311.1,1550.0,32.3,76.0,0,0,8.300000000000011,50064.99999999999,0.020825274016763377
4586,L51765,L,302.8,311.1,1563.0,32.2,78.0,0,0,8.300000000000011,50328.600000000006,0.02058823529411765
4587,L51766,L,302.7,310.9,1395.0,48.3,80.0,0,0,8.199999999999989,67378.5,0.03459885386819484
4588,M19447,M,302.8,311.0,1507.0,33.4,82.0,0,0,8.199999999999989,50333.799999999996,0.022148541114058354
4589,L51768,L,302.8,311.0,1564.0,38.5,85.0,0,0,8.199999999999989,60214.0,0.024600638977635782
4590,L51769,L,302.8,311.1,1721.0,30.0,87.0,0,0,8.300000000000011,51630.0,0.017421602787456445
4591,L51770,H,302.8,311.1,1456.0,36.1,89.0,0,0,8.300000000000011,52561.6,0.02477693891557996
4592,H34005,H,302.9,311.2,2102.0,17.8,91.0,0,0,8.300000000000011,37415.6,0.008464098906324298
4593,L51772,L,302.9,311.1,1555.0,33.9,96.0,0,0,8.200000000000045,52714.5,0.0217866323907455
4594,L51773,L,303.0,311.2,1409.0,41.9,98.0,0,0,8.199999999999989,59037.1,0.02971631205673759
4595,M19454,M,303.0,311.2,1387.0,41.4,100.0,0,0,8.199999999999989,57421.799999999996,0.029827089337175792
4596,M19455,M,303.0,311.2,1460.0,43.9,103.0,0,0,8.199999999999989,64094.0,0.03004791238877481
4597,L51776,L,303.0,311.2,1361.0,47.6,108.0,1,0,8.199999999999989,64783.6,0.03494860499265786
4598,M19457,M,303.0,311.1,1490.0,43.0,108.0,0,0,8.100000000000023,64070.0,0.028839704896042925
4599,L51778,L,303.1,311.2,1399.0,49.2,111.0,0,0,8.099999999999966,68830.8,0.03514285714285714
4600,L51779,L,303.1,311.1,1420.0,55.8,113.0,0,0,8.0,79236.0,0.039268121041520054
4601,L51780,L,303.0,311.0,1359.0,44.2,115.0,1,0,8.0,60067.8,0.0325
4602,M19461,L,303.0,311.1,1372.0,54.3,117.0,1,0,8.100000000000023,74499.59999999999,0.03954843408594319
4603,M19462,M,303.0,311.0,1409.0,41.7,120.0,0,0,8.0,58755.3,0.029574468085106383
4604,H34017,H,302.9,311.0,1452.0,58.3,123.0,0,0,8.100000000000023,84651.59999999999,0.04012388162422574
4605,L51784,L,302.9,311.0,1820.0,24.6,128.0,0,0,8.100000000000023,44772.0,0.013509060955518947
4606,H34019,H,302.9,311.0,1469.0,48.7,108.0,0,0,8.100000000000023,71540.3,0.033129251700680276
4607,L51786,L,302.9,311.1,1556.0,45.3,135.0,0,0,8.200000000000045,70486.79999999999,0.029094412331406548
4608,L51787,L,303.0,311.1,1980.0,20.2,137.0,0,0,8.100000000000023,39996.0,0.010196870267541645
4609,M19468,M,303.0,311.2,1519.0,38.0,139.0,0,0,8.199999999999989,57722.0,0.025
4610,L51789,L,303.0,311.2,1456.0,44.0,142.0,0,0,8.199999999999989,64064.0,0.030199039121482498
4611,L51790,L,303.1,311.2,1394.0,45.3,144.0,0,0,8.099999999999966,63148.2,0.03247311827956989
4612,L51791,L,300.1,311.3,1365.0,56.2,146.0,1,0,11.199999999999989,76713.0,0.041142020497803806
4613,L51792,L,303.0,311.3,2194.0,16.5,148.0,0,0,8.300000000000011,36201.0,0.007517084282460136
4614,L51793,L,303.1,311.3,1403.0,55.6,150.0,0,0,8.199999999999989,78006.8,0.039601139601139604
4615,H34028,H,303.0,311.2,1503.0,37.0,152.0,0,0,8.199999999999989,55611.0,0.024601063829787235
4616,L51795,L,303.0,311.3,1793.0,29.3,157.0,0,0,8.300000000000011,52534.9,0.01633221850613155
4617,L51796,L,303.1,311.4,1829.0,24.5,159.0,0,0,8.299999999999955,44810.5,0.013387978142076503
4618,M19477,M,303.1,311.4,1831.0,23.3,161.0,0,0,8.299999999999955,42662.3,0.012718340611353712
4619,M19478,M,303.0,311.3,1335.0,53.6,164.0,1,0,8.300000000000011,71556.0,0.040119760479041915
4620,H34033,H,303.1,311.3,2056.0,19.7,167.0,0,0,8.199999999999989,40503.2,0.0095770539620807
4621,L51800,L,303.1,311.3,1336.0,52.6,172.0,1,0,8.199999999999989,70273.6,0.0393418100224383
4622,L51801,L,303.0,311.2,1341.0,51.0,174.0,1,0,8.199999999999989,68391.0,0.038002980625931444
4623,M19482,M,303.0,311.1,1526.0,37.3,176.0,0,0,8.100000000000023,56919.799999999996,0.024426981008513423
4624,L51803,L,303.0,311.1,1525.0,40.7,179.0,0,0,8.100000000000023,62067.50000000001,0.02667103538663172
4625,M19484,M,303.0,311.1,1428.0,39.8,181.0,0,0,8.100000000000023,56834.399999999994,0.027851644506648003
4626,L51805,L,303.0,311.2,1511.0,45.7,184.0,0,0,8.199999999999989,69052.7,0.030224867724867727
4627,L51806,L,303.0,311.2,1664.0,29.8,186.0,0,0,8.199999999999989,49587.200000000004,0.017897897897897898
4628,M19487,M,303.0,311.2,1592.0,38.9,188.0,0,0,8.199999999999989,61928.799999999996,0.024419334588826114
4629,M19488,M,303.0,311.1,1597.0,36.7,191.0,0,0,8.100000000000023,58609.9,0.022966207759699625
4630,L51809,L,303.0,311.2,1735.0,26.1,194.0,0,0,8.199999999999989,45283.5,0.015034562211981567
4631,L51810,L,302.9,311.2,1751.0,23.8,196.0,0,0,8.300000000000011,41673.8,0.01358447488584475
4632,L51811,L,303.0,311.2,1383.0,44.6,198.0,0,0,8.199999999999989,61681.8,0.03222543352601156
4633,M19492,M,302.9,311.2,1330.0,53.7,200.0,1,0,8.300000000000011,71421.0,0.04034560480841473
4634,L51813,L,303.0,311.2,1382.0,50.5,203.0,0,0,8.199999999999989,69791.0,0.03651482284887925
4635,L51814,L,303.0,311.2,1755.0,30.4,205.0,0,0,8.199999999999989,53352.0,0.017312072892938495
4636,M19495,M,303.0,311.2,1614.0,35.7,207.0,0,0,8.199999999999989,57619.8,0.02210526315789474
4637,L51816,L,303.0,311.3,1466.0,43.0,210.0,0,0,8.300000000000011,63038.0,0.02931152010906612
4638,M19497,M,303.1,311.3,1847.0,24.7,212.0,0,0,8.199999999999989,45620.9,0.013365800865800866
4639,L51818,L,303.1,311.3,1474.0,34.8,215.0,0,0,8.199999999999989,51295.2,0.023593220338983048
4640,L51819,L,303.1,311.3,1657.0,31.8,217.0,0,0,8.199999999999989,52692.6,0.019179734620024126
4641,L51820,L,303.1,311.2,1435.0,40.1,219.0,0,0,8.099999999999966,57543.5,0.027924791086350976
4642,H34055,H,303.1,311.3,1494.0,42.7,221.0,0,0,8.199999999999989,63793.8,0.028561872909699
4643,L51822,L,303.2,311.4,1238.0,54.6,226.0,1,0,8.199999999999989,67594.8,0.04406779661016949
4644,L51823,L,303.2,311.4,1324.0,54.2,228.0,1,0,8.199999999999989,71760.8,0.040905660377358495
4645,L51824,L,303.2,311.4,1514.0,41.2,230.0,0,0,8.199999999999989,62376.8,0.027194719471947196
4646,L51825,L,303.3,311.4,1732.0,25.6,232.0,0,0,8.099999999999966,44339.200000000004,0.014772071552221582
4647,L51826,L,303.3,311.4,1497.0,40.1,234.0,1,1,8.099999999999966,60029.700000000004,0.02676902536715621
4648,L51827,L,303.3,311.4,1958.0,21.5,0.0,0,0,8.099999999999966,42097.0,0.010974987238386932
4649,L51828,L,303.3,310.1,1630.0,32.5,2.0,0,0,6.800000000000011,52975.0,0.019926425505824647
4650,M19509,M,303.3,311.4,1395.0,59.1,4.0,0,0,8.099999999999966,82444.5,0.0423352435530086
4651,L51830,L,303.3,311.4,1658.0,30.5,7.0,0,0,8.099999999999966,50569.0,0.01838456901748041
4652,L51831,L,303.2,311.4,1349.0,51.1,9.0,1,0,8.199999999999989,68933.90000000001,0.03785185185185185
4653,L51832,L,303.1,311.2,1452.0,52.9,11.0,0,0,8.099999999999966,76810.8,0.036407432897453545
4654,M19513,M,303.1,311.1,1594.0,35.5,13.0,0,0,8.0,56587.0,0.02225705329153605
4655,M19514,M,303.1,311.0,1510.0,47.6,16.0,0,0,7.899999999999977,71876.0,0.0315023163467902
4656,L51835,L,303.1,311.1,1854.0,22.6,19.0,0,0,8.0,41900.4,0.012183288409703504
4657,L51836,L,303.1,311.2,1626.0,32.3,21.0,0,0,8.099999999999966,52519.799999999996,0.019852489244007374
4658,L51837,L,303.1,311.2,1628.0,35.2,23.0,0,0,8.099999999999966,57305.600000000006,0.021608348680171887
4659,L51838,L,303.1,311.2,1679.0,34.8,25.0,0,0,8.099999999999966,58429.2,0.020714285714285713
4660,M19519,L,303.1,311.2,1489.0,44.5,27.0,0,0,8.099999999999966,66260.5,0.029865771812080538
4661,L51840,L,303.2,311.2,1439.0,43.9,30.0,0,0,8.0,63172.1,0.03048611111111111
4662,L51841,L,303.3,311.3,1350.0,48.1,32.0,1,0,8.0,64935.0,0.03560325684678017
4663,H34076,H,303.3,311.2,1607.0,31.7,34.0,0,0,7.899999999999977,50941.9,0.019713930348258708
4664,L51843,L,303.3,311.3,1389.0,53.9,39.0,0,0,8.0,74867.09999999999,0.038776978417266184
4665,M19524,M,303.3,311.3,1566.0,46.1,41.0,0,0,8.0,72192.6,0.029419272495213786
4666,M19525,M,303.4,311.4,1307.0,54.0,44.0,1,0,8.0,70578.0,0.04128440366972477
4667,M19526,M,303.3,311.5,1569.0,36.6,47.0,0,0,8.199999999999989,57425.4,0.023312101910828026
4668,H34081,H,303.3,311.4,1651.0,30.6,50.0,0,0,8.099999999999966,50520.600000000006,0.018523002421307506
4669,H34082,H,303.3,311.4,1692.0,27.9,55.0,0,0,8.099999999999966,47206.799999999996,0.016479621972829296
4670,M19529,M,303.3,311.5,1373.0,47.3,60.0,1,0,8.199999999999989,64942.899999999994,0.03442503639010189
4671,L51850,L,303.2,311.4,1610.0,35.5,63.0,0,0,8.199999999999989,57155.0,0.02203600248292986
4672,L51851,L,303.3,311.4,1511.0,43.4,65.0,0,0,8.099999999999966,65577.4,0.028703703703703703
4673,L51852,L,303.3,311.5,1412.0,55.6,67.0,0,0,8.199999999999989,78507.2,0.03934890304317056
4674,L51853,L,303.4,311.5,1501.0,36.2,69.0,0,0,8.100000000000023,54336.200000000004,0.024101198402130493
4675,L51854,L,303.4,311.5,1414.0,44.8,71.0,0,0,8.100000000000023,63347.2,0.03166077738515901
4676,H34089,H,303.5,311.5,1629.0,33.5,73.0,0,0,8.0,54571.5,0.020552147239263803
4677,L51856,L,303.4,311.5,1879.0,21.3,78.0,0,0,8.100000000000023,40022.700000000004,0.011329787234042554
4678,H34091,H,303.5,311.6,1503.0,47.0,80.0,0,0,8.100000000000023,70641.0,0.03125
4679,H34092,H,303.6,311.7,1476.0,40.1,85.0,0,0,8.099999999999966,59187.6,0.027149627623561275
4680,L51859,L,303.6,311.8,1695.0,30.7,90.0,0,0,8.199999999999989,52036.5,0.018101415094339622
4681,L51860,L,303.6,311.7,1491.0,39.8,92.0,0,0,8.099999999999966,59341.799999999996,0.026675603217158176
4682,M19541,M,303.6,311.8,1659.0,34.7,94.0,0,0,8.199999999999989,57567.3,0.020903614457831326
4683,L51862,L,303.6,311.8,1567.0,31.7,97.0,0,0,8.199999999999989,49673.9,0.020216836734693877
4684,L51863,L,303.6,311.8,1736.0,32.9,99.0,0,0,8.199999999999989,57114.399999999994,0.018940702360391477
4685,M19544,M,303.6,311.8,1421.0,44.8,101.0,1,0,8.199999999999989,63660.799999999996,0.03150492264416315
4686,M19545,M,303.6,311.8,1627.0,30.8,104.0,0,0,8.199999999999989,50111.6,0.01891891891891892
4687,M19546,M,303.5,311.6,1562.0,34.2,107.0,0,0,8.100000000000023,53420.4,0.021880998080614205
4688,L51867,L,303.5,311.6,2183.0,17.0,110.0,0,0,8.100000000000023,37111.0,0.007783882783882784
4689,L51868,L,303.5,311.6,1577.0,38.1,112.0,0,0,8.100000000000023,60083.700000000004,0.02414448669201521
4690,M19549,M,303.4,311.5,1560.0,36.4,114.0,0,0,8.100000000000023,56784.0,0.023318385650224215
4691,M19550,M,303.4,311.5,1483.0,43.0,117.0,0,0,8.100000000000023,63769.0,0.028975741239892182
4692,L51871,L,303.5,311.5,1535.0,33.3,120.0,0,0,8.0,51115.49999999999,0.0216796875
4693,M19552,M,303.4,311.4,1606.0,29.6,122.0,0,0,8.0,47537.600000000006,0.018419415059116366
4694,M19553,M,303.4,311.5,1817.0,24.7,125.0,0,0,8.100000000000023,44879.9,0.013586358635863586
4695,L51874,L,303.4,311.5,1424.0,50.8,128.0,0,0,8.100000000000023,72339.2,0.03564912280701754
4696,L51875,L,303.3,311.6,1514.0,34.7,130.0,0,0,8.300000000000011,52535.8,0.022904290429042906
4697,L51876,L,303.4,311.6,1449.0,41.7,132.0,0,0,8.200000000000045,60423.3,0.028758620689655175
4698,M19557,M,300.1,311.6,1573.0,34.0,134.0,0,0,11.5,53482.0,0.021601016518424398
4699,L51878,L,303.4,311.6,1564.0,41.9,137.0,0,0,8.200000000000045,65531.6,0.026773162939297122
4700,L51879,L,303.5,311.6,1428.0,46.2,139.0,0,0,8.100000000000023,65973.6,0.032330300909727085
4701,L51880,L,303.5,311.7,1620.0,31.0,141.0,0,0,8.199999999999989,50220.0,0.019123997532387416
4702,H34115,H,303.5,311.7,1584.0,32.7,143.0,0,0,8.199999999999989,51796.8,0.020630914826498425
4703,L51882,L,303.6,311.8,1222.0,66.8,148.0,1,0,8.199999999999989,81629.59999999999,0.05461978740801308
4704,M19563,M,303.6,311.8,1432.0,42.5,150.0,0,0,8.199999999999989,60860.0,0.029658060013956735
4705,L51884,L,303.7,311.9,1561.0,33.3,153.0,0,0,8.199999999999989,51981.299999999996,0.021318822023047374
4706,L51885,L,303.6,311.8,1614.0,33.2,155.0,0,0,8.199999999999989,53584.8,0.020557275541795667
4707,L51886,L,303.5,311.7,1959.0,22.3,157.0,0,0,8.199999999999989,43685.700000000004,0.011377551020408164
4708,L51887,L,303.5,311.8,1944.0,23.5,159.0,0,0,8.300000000000011,45684.0,0.012082262210796915
4709,L51888,L,303.4,311.7,1793.0,25.8,161.0,0,0,8.300000000000011,46259.4,0.014381270903010035
4710,M19569,M,303.4,311.6,1446.0,50.0,163.0,0,0,8.200000000000045,72300.0,0.03455425017277125
4711,L51890,L,303.4,311.7,1673.0,32.2,166.0,0,0,8.300000000000011,53870.600000000006,0.01923536439665472
4712,M19571,M,303.4,311.7,1515.0,44.2,168.0,0,0,8.300000000000011,66963.0,0.029155672823219
4713,L51892,L,303.4,311.8,1564.0,35.9,171.0,0,0,8.400000000000034,56147.6,0.02293929712460064
4714,L51893,L,303.5,311.8,1451.0,45.2,173.0,0,0,8.300000000000011,65585.2,0.031129476584022042
4715,H34128,H,303.4,311.8,1693.0,28.3,175.0,0,0,8.400000000000034,47911.9,0.016706021251475797
4716,L51895,L,303.4,311.7,1476.0,42.3,180.0,0,0,8.300000000000011,62434.799999999996,0.02863913337846987
4717,L51896,L,303.4,311.6,1503.0,30.1,182.0,0,0,8.200000000000045,45240.3,0.020013297872340425
4718,M19577,M,300.1,311.6,1425.0,45.4,184.0,0,0,11.5,64695.0,0.03183730715287517
4719,L51898,L,303.3,311.6,1337.0,56.8,187.0,1,0,8.300000000000011,75941.59999999999,0.04245142002989537
4720,M19579,M,303.4,311.7,1690.0,34.9,189.0,0,0,8.300000000000011,58981.0,0.02063867534003548
4721,M19580,M,303.4,311.7,1353.0,44.1,192.0,1,0,8.300000000000011,59667.3,0.03257016248153619
4722,L51901,L,303.5,311.8,1927.0,21.9,195.0,0,0,8.300000000000011,42201.299999999996,0.011358921161825726
4723,M19582,M,303.4,311.8,1391.0,42.7,197.0,0,0,8.400000000000034,59395.700000000004,0.030675287356321843
4724,L51903,L,303.4,311.8,1366.0,50.9,200.0,1,0,8.400000000000034,69529.4,0.037234820775420625
4725,L51904,L,303.4,311.9,1771.0,31.6,202.0,0,0,8.5,55963.600000000006,0.01783295711060948
4726,M19585,M,303.4,311.8,1515.0,42.6,204.0,0,0,8.400000000000034,64539.0,0.028100263852242745
4727,M19586,M,303.4,311.8,2133.0,18.3,207.0,0,0,8.400000000000034,39033.9,0.008575445173383317
4728,M19587,M,303.4,311.8,1341.0,47.0,210.0,1,0,8.400000000000034,63027.0,0.03502235469448584
4729,L51908,L,303.4,311.7,1406.0,47.1,213.0,0,0,8.300000000000011,66222.6,0.03347547974413646
4730,L51909,L,303.4,311.8,1306.0,61.0,215.0,1,0,8.400000000000034,79666.0,0.046671767406273906
4731,L51910,L,303.3,311.7,1508.0,35.5,217.0,0,0,8.399999999999977,53534.0,0.02352551358515573
4732,L51911,L,303.3,311.6,1301.0,45.1,219.0,1,0,8.300000000000011,58675.1,0.03463901689708142
4733,L51912,L,303.3,311.7,1539.0,38.5,221.0,0,0,8.399999999999977,59251.5,0.025
4734,L51913,L,303.3,311.6,1484.0,44.6,223.0,0,0,8.300000000000011,66186.40000000001,0.030033670033670034
4735,L51914,L,303.2,311.5,1507.0,39.2,225.0,0,0,8.300000000000011,59074.4,0.025994694960212204
4736,L51915,L,303.2,311.5,1544.0,42.5,227.0,0,0,8.300000000000011,65620.0,0.02750809061488673
4737,L51916,L,303.2,311.5,1513.0,37.9,0.0,0,0,8.300000000000011,57342.7,0.025033025099075297
4738,M19597,M,303.2,311.5,1336.0,58.2,2.0,1,0,8.300000000000011,77755.2,0.043530291697830965
4739,M19598,M,303.2,311.4,2102.0,19.0,5.0,0,0,8.199999999999989,39938.0,0.00903471231573942
4740,L51919,M,303.2,311.4,1351.0,53.8,8.0,1,0,8.199999999999989,72683.8,0.039792899408284024
4741,L51920,L,303.3,311.5,1601.0,35.2,10.0,0,0,8.199999999999989,56355.200000000004,0.021972534332084896
4742,L51921,L,303.2,311.3,1393.0,52.9,12.0,0,0,8.100000000000023,73689.7,0.03794835007173601
4743,L51922,L,303.3,310.1,1592.0,33.7,14.0,0,0,6.800000000000011,53650.4,0.021155053358443192
4744,L51923,L,303.3,311.3,1409.0,51.8,16.0,0,0,8.0,72986.2,0.036737588652482264
4745,L51924,L,303.3,311.3,1393.0,47.4,18.0,0,0,8.0,66028.2,0.03400286944045911
4746,H34159,H,303.2,311.2,1475.0,43.1,20.0,0,0,8.0,63572.5,0.029200542005420056
4747,L51926,L,303.2,311.2,1427.0,45.6,25.0,0,0,8.0,65071.200000000004,0.031932773109243695
4748,L51927,L,303.3,311.2,1763.0,27.3,27.0,0,0,7.899999999999977,48129.9,0.015476190476190477
4749,L51928,L,303.2,311.2,1363.0,46.7,29.0,1,0,8.0,63652.100000000006,0.0342375366568915
4750,L51929,L,303.2,311.2,1404.0,40.1,31.0,0,0,8.0,56300.4,0.028540925266903914
4751,M19610,M,303.2,311.2,1688.0,31.9,33.0,0,0,8.0,53847.2,0.018886915334517466
4752,L51931,L,303.3,311.4,1510.0,37.3,36.0,0,0,8.099999999999966,56322.99999999999,0.024685638649900726
4753,H34166,H,303.3,311.3,1502.0,39.5,38.0,0,0,8.0,59329.0,0.026280771789753826
4754,H34167,H,303.2,311.4,1607.0,36.6,43.0,0,0,8.199999999999989,58816.200000000004,0.02276119402985075
4755,M19614,M,303.3,311.5,1384.0,54.8,48.0,0,0,8.199999999999989,75843.2,0.039566787003610104
4756,L51935,L,303.4,311.7,1295.0,51.3,51.0,1,0,8.300000000000011,66433.5,0.03958333333333333
4757,H34170,H,303.4,311.7,1991.0,19.0,53.0,0,0,8.300000000000011,37829.0,0.009538152610441768
4758,L51937,L,303.4,311.6,1497.0,42.8,58.0,0,0,8.200000000000045,64071.6,0.02857142857142857
4759,L51938,L,303.5,311.6,1465.0,48.7,60.0,0,0,8.100000000000023,71345.5,0.03321964529331514
4760,L51939,L,303.5,311.6,1361.0,46.5,62.0,1,0,8.100000000000023,63286.5,0.034140969162995596
4761,L51940,L,303.6,311.7,1546.0,38.5,64.0,0,0,8.099999999999966,59521.0,0.024886877828054297
4762,H34175,H,303.7,311.9,1332.0,52.7,66.0,1,0,8.199999999999989,70196.40000000001,0.03953488372093023
4763,M19622,M,303.7,312.0,2663.0,11.4,71.0,1,0,8.300000000000011,30358.2,0.00427927927927928
4764,L51943,L,303.7,312.1,1443.0,45.9,74.0,0,0,8.400000000000034,66233.7,0.03178670360110803
4765,M19624,M,303.7,312.0,1402.0,48.6,76.0,0,0,8.300000000000011,68137.2,0.034640057020669995
4766,L51945,L,303.7,312.0,1892.0,22.5,79.0,0,0,8.300000000000011,42570.0,0.011885895404120444
4767,M19626,M,303.6,312.0,1645.0,35.7,81.0,0,0,8.399999999999977,58726.50000000001,0.021688942891859055
4768,L51947,L,303.6,311.9,1473.0,50.1,84.0,0,0,8.299999999999955,73797.3,0.033989145183175036
4769,L51948,L,303.6,312.0,1309.0,52.9,86.0,1,0,8.399999999999977,69246.09999999999,0.040381679389312974
4770,H34183,H,303.6,311.9,1544.0,37.1,88.0,0,0,8.299999999999955,57282.4,0.02401294498381877
4771,L51950,L,303.5,311.9,1344.0,49.3,93.0,1,0,8.399999999999977,66259.2,0.036654275092936804
4772,M19631,M,303.6,311.9,1617.0,36.0,95.0,0,0,8.299999999999955,58212.0,0.022249690976514216
4773,M19632,M,303.6,312.0,1435.0,37.9,98.0,0,0,8.399999999999977,54386.5,0.02639275766016713
4774,L51953,L,303.6,312.0,1391.0,50.3,101.0,0,0,8.399999999999977,69967.3,0.036135057471264366
4775,L51954,L,303.6,312.0,1827.0,23.3,103.0,0,0,8.399999999999977,42569.1,0.012746170678336981
4776,L51955,L,303.5,312.0,1761.0,25.8,105.0,0,0,8.5,45433.8,0.014642451759364359
4777,L51956,L,303.5,312.1,1522.0,36.4,107.0,0,0,8.600000000000023,55400.799999999996,0.023900196979645436
4778,M19637,M,303.5,312.2,1818.0,23.6,109.0,0,0,8.699999999999989,42904.8,0.01297416162726773
4779,H34192,H,303.6,312.2,1371.0,54.6,112.0,1,0,8.599999999999966,74856.6,0.03979591836734694
4780,L51959,L,303.7,312.3,1511.0,38.9,117.0,0,0,8.600000000000023,58777.9,0.025727513227513227
4781,L51960,L,303.7,312.4,1404.0,46.6,119.0,0,0,8.699999999999989,65426.4,0.03316725978647687
4782,L51961,L,303.7,312.3,1384.0,45.9,121.0,0,0,8.600000000000023,63525.6,0.033140794223826715
4783,L51962,L,303.8,312.5,1368.0,52.6,123.0,0,0,8.699999999999989,71956.8,0.038422205989773556
4784,L51963,L,303.7,312.5,1641.0,36.0,125.0,0,0,8.800000000000011,59076.0,0.02192448233861145
4785,L51964,L,303.9,312.6,1642.0,32.3,127.0,0,0,8.700000000000045,53036.6,0.019659160073037127
4786,H34199,H,303.9,312.7,1401.0,50.0,129.0,0,0,8.800000000000011,70050.0,0.03566333808844508
4787,L51966,L,303.8,312.6,1577.0,41.3,134.0,0,0,8.800000000000011,65130.1,0.026172370088719896
4788,L51967,L,303.7,312.6,1396.0,44.1,136.0,0,0,8.900000000000034,61563.6,0.031567644953471724
4789,H34202,H,303.7,312.6,1514.0,35.5,138.0,0,0,8.900000000000034,53747.0,0.023432343234323433
4790,L51969,L,303.8,312.8,1646.0,35.8,143.0,0,0,9.0,58926.799999999996,0.021736490588949605
4791,L51970,M,303.8,312.8,1443.0,40.7,145.0,0,0,9.0,58730.100000000006,0.02818559556786704
4792,M19651,M,303.7,312.7,1469.0,48.5,147.0,0,0,9.0,71246.5,0.03299319727891156
4793,H34206,H,303.7,312.7,1564.0,40.1,150.0,0,0,9.0,62716.4,0.02562300319488818
4794,H34207,H,303.6,312.6,1498.0,40.2,155.0,0,0,9.0,60219.600000000006,0.026817878585723817
4795,L51974,L,303.6,312.6,1699.0,27.9,160.0,0,0,9.0,47402.1,0.01641176470588235
4796,L51975,L,303.6,312.5,1431.0,49.0,162.0,0,0,8.899999999999977,70119.0,0.034217877094972066
4797,L51976,L,303.5,312.4,1390.0,47.3,164.0,0,0,8.899999999999977,65747.0,0.034004313443565776
4798,L51977,L,303.5,312.5,1380.0,46.1,166.0,0,0,9.0,63618.0,0.0333816075307748
4799,L51978,L,303.5,312.5,1457.0,46.4,168.0,0,0,9.0,67604.8,0.031824417009602195
4800,L51979,L,303.5,312.5,1418.0,42.2,170.0,0,0,9.0,59839.600000000006,0.02973925299506695
4801,M19660,M,303.5,312.5,1353.0,51.0,172.0,0,0,9.0,69003.0,0.03766617429837518
4802,L51981,L,303.5,312.4,1574.0,32.7,175.0,0,0,8.899999999999977,51469.8,0.020761904761904763
4803,M19662,M,303.5,312.4,1318.0,54.2,177.0,0,0,8.899999999999977,71435.6,0.041091736163760426
4804,L51983,L,303.6,312.5,1710.0,31.4,180.0,0,0,8.899999999999977,53694.0,0.01835184102863822
4805,L51984,L,303.7,312.6,1621.0,38.8,182.0,0,0,8.900000000000034,62894.799999999996,0.023921085080147963
4806,L51985,L,303.6,312.6,1606.0,33.6,184.0,0,0,9.0,53961.600000000006,0.0209085252022402
4807,H34220,H,303.6,312.5,1375.0,54.0,186.0,0,0,8.899999999999977,74250.0,0.03924418604651163
4808,L51987,L,303.5,312.4,1503.0,36.5,191.0,0,0,8.899999999999977,54859.5,0.024268617021276594
4809,L51988,L,303.5,312.3,1404.0,48.6,193.0,0,0,8.800000000000011,68234.40000000001,0.034590747330960854
4810,L51989,L,303.4,312.2,1656.0,32.7,195.0,0,0,8.800000000000011,54151.200000000004,0.019734459867229937
4811,M19670,M,303.4,312.1,1499.0,39.4,197.0,0,0,8.700000000000045,59060.6,0.026266666666666667
4812,M19671,M,303.4,312.0,1748.0,28.4,200.0,0,0,8.600000000000023,49643.2,0.01623785020011435
4813,L51992,L,303.4,311.9,1531.0,37.9,203.0,0,0,8.5,58024.9,0.024738903394255874
4814,M19673,M,303.3,311.8,1536.0,40.6,205.0,0,0,8.5,62361.600000000006,0.026415094339622643
4815,L51994,L,303.4,311.8,1401.0,53.0,208.0,1,0,8.400000000000034,74253.0,0.037803138373751786
4816,H34229,H,303.4,311.9,1534.0,33.2,210.0,0,0,8.5,50928.8,0.021628664495114008
4817,L51996,L,303.4,312.0,1521.0,35.9,215.0,1,1,8.600000000000023,54603.9,0.023587385019710905
4818,L51997,L,303.5,312.1,1674.0,30.8,0.0,0,0,8.600000000000023,51559.200000000004,0.01838805970149254
4819,M19678,M,303.6,312.1,1967.0,20.9,2.0,0,0,8.5,41110.299999999996,0.01061991869918699
4820,L51999,L,303.6,312.2,1696.0,30.7,5.0,0,0,8.599999999999966,52067.2,0.018090748379493222
4821,M19680,M,303.6,312.1,1627.0,32.5,7.0,0,0,8.5,52877.5,0.01996314496314496
4822,L52001,L,303.5,311.9,1405.0,45.6,10.0,0,0,8.399999999999977,64068.0,0.032432432432432434
4823,L52002,L,303.5,311.9,1565.0,38.9,12.0,0,0,8.399999999999977,60878.5,0.024840357598978288
4824,L52003,L,303.5,311.9,1493.0,38.7,14.0,0,0,8.399999999999977,57779.100000000006,0.025903614457831327
4825,L52004,L,303.4,311.8,1499.0,45.0,16.0,0,0,8.400000000000034,67455.0,0.03
4826,L52005,L,303.3,311.8,1692.0,30.6,18.0,0,0,8.5,51775.200000000004,0.01807442409923213
4827,L52006,L,303.4,311.8,2268.0,15.8,20.0,0,0,8.400000000000034,35834.4,0.006963420008814456
4828,L52007,L,303.4,311.8,1438.0,58.9,22.0,0,0,8.400000000000034,84698.2,0.040931202223766505
4829,L52008,L,303.5,311.9,1515.0,39.2,24.0,0,0,8.399999999999977,59388.00000000001,0.025857519788918207
4830,L52009,L,303.4,311.9,1491.0,38.2,26.0,0,0,8.5,56956.200000000004,0.025603217158176945
4831,L52010,L,303.5,312.0,1756.0,29.7,28.0,0,0,8.5,52153.2,0.016903813318155946
4832,L52011,L,303.5,312.0,1366.0,54.5,30.0,1,0,8.5,74447.0,0.039868324798829555
4833,L52012,L,303.5,312.0,1436.0,45.1,32.0,0,0,8.5,64763.6,0.031384829505915104
4834,L52013,L,303.4,311.9,1377.0,41.6,34.0,1,0,8.5,57283.200000000004,0.03018867924528302
4835,M19694,M,303.4,311.9,1510.0,42.2,36.0,0,0,8.5,63722.00000000001,0.027928524156187958
4836,M19695,M,303.4,311.9,1419.0,50.9,39.0,0,0,8.5,72227.09999999999,0.03584507042253521
4837,L52016,L,303.3,311.8,1315.0,62.0,42.0,1,0,8.5,81530.0,0.04711246200607903
4838,H34251,H,303.3,311.8,1806.0,27.7,44.0,0,0,8.5,50026.2,0.015329275041505257
4839,H34252,H,303.3,311.8,1649.0,29.4,49.0,0,0,8.5,48480.6,0.017818181818181816
4840,H34253,H,303.4,311.9,1402.0,50.0,54.0,0,0,8.5,70100.0,0.03563791874554526
4841,L52020,L,303.4,311.9,1298.0,63.9,59.0,1,0,8.5,82942.2,0.049191685912240185
4842,M19701,M,303.3,311.8,1441.0,44.9,61.0,0,0,8.5,64700.9,0.031137309292649098
4843,M19702,M,303.3,311.8,1489.0,49.4,64.0,0,0,8.5,73556.59999999999,0.033154362416107384
4844,L52023,L,303.3,311.8,1842.0,24.5,67.0,0,0,8.5,45129.0,0.013293543136190992
4845,M19704,M,303.4,311.8,1316.0,50.9,69.0,1,0,8.400000000000034,66984.4,0.03864844343204252
4846,M19705,M,303.3,311.8,1583.0,33.3,72.0,0,0,8.5,52713.899999999994,0.02102272727272727
4847,M19706,M,303.3,311.8,1548.0,33.5,75.0,0,0,8.5,51858.0,0.021626856036152355
4848,L52027,L,303.4,311.9,1434.0,44.6,78.0,0,0,8.5,63956.4,0.0310801393728223
4849,H34262,H,303.5,312.0,1397.0,52.9,80.0,0,0,8.5,73901.3,0.037839771101573674
4850,M19709,M,303.5,312.0,1475.0,42.9,85.0,0,0,8.5,63277.5,0.029065040650406503
4851,L52030,L,303.5,312.0,1441.0,56.8,88.0,0,0,8.5,81848.8,0.03938973647711511
4852,L52031,L,303.7,312.1,1363.0,51.8,90.0,1,0,8.400000000000034,70603.4,0.03797653958944281
4853,L52032,L,303.7,312.2,1619.0,34.9,92.0,0,0,8.5,56503.1,0.02154320987654321
4854,L52033,L,303.7,312.2,1487.0,34.0,94.0,0,0,8.5,50558.0,0.0228494623655914
4855,L52034,L,303.7,312.2,1568.0,33.8,96.0,0,0,8.5,52998.399999999994,0.021542383683875076
4856,L52035,L,303.7,310.1,1375.0,46.2,98.0,0,0,6.400000000000034,63525.00000000001,0.03357558139534884
4857,M19716,M,303.6,312.3,1698.0,31.3,100.0,0,0,8.699999999999989,53147.4,0.018422601530311947
4858,L52037,L,303.7,312.3,1606.0,37.4,103.0,0,0,8.600000000000023,60064.399999999994,0.02327317983820784
4859,L52038,L,303.7,312.3,1349.0,51.0,105.0,0,0,8.600000000000023,68799.0,0.03777777777777778
4860,L52039,L,303.7,312.4,1535.0,38.6,107.0,0,0,8.699999999999989,59251.0,0.025130208333333334
4861,M19720,M,303.6,312.4,1504.0,49.5,109.0,0,0,8.799999999999955,74448.0,0.03289036544850498
4862,L52041,L,303.5,312.3,1946.0,21.1,112.0,0,0,8.800000000000011,41060.600000000006,0.010837185413456601
4863,L52042,L,303.5,312.1,1326.0,55.7,114.0,0,0,8.600000000000023,73858.2,0.04197437829691033
4864,M19723,M,303.6,312.3,1915.0,22.3,116.0,0,0,8.699999999999989,42704.5,0.01163883089770355
4865,L52044,L,303.6,312.3,1451.0,43.4,119.0,0,0,8.699999999999989,62973.4,0.029889807162534435
4866,M19725,M,303.5,312.3,1624.0,34.8,121.0,0,0,8.800000000000011,56515.2,0.021415384615384614
4867,L52046,L,303.6,312.4,1781.0,28.7,124.0,0,0,8.799999999999955,51114.7,0.01610549943883277
4868,L52047,L,303.6,312.5,1345.0,54.1,126.0,0,0,8.899999999999977,72764.5,0.04019316493313522
4869,L52048,L,303.6,312.4,1418.0,46.0,128.0,0,0,8.799999999999955,65228.0,0.03241719520789288
4870,L52049,L,303.7,312.4,1718.0,26.5,130.0,0,0,8.699999999999989,45527.0,0.015415939499709133
4871,M19730,M,303.7,312.4,1631.0,28.5,132.0,0,0,8.699999999999989,46483.5,0.017463235294117647
4872,L52051,L,303.7,312.4,1513.0,40.1,135.0,0,0,8.699999999999989,60671.3,0.026486129458388376
4873,L52052,L,303.7,312.4,1316.0,59.3,137.0,0,0,8.699999999999989,78038.8,0.045026575550493546
4874,M19733,M,303.7,312.4,1474.0,38.8,139.0,0,0,8.699999999999989,57191.2,0.02630508474576271
4875,L52054,L,303.8,312.5,1619.0,30.9,142.0,0,0,8.699999999999989,50027.1,0.019074074074074073
4876,L52055,L,303.7,312.4,1702.0,31.2,144.0,0,0,8.699999999999989,53102.4,0.0183206106870229
4877,M19736,M,303.7,312.4,1540.0,37.4,146.0,0,0,8.699999999999989,57596.0,0.02426995457495133
4878,M19737,M,303.7,312.4,1546.0,33.7,149.0,0,0,8.699999999999989,52100.200000000004,0.021784098254686492
4879,L52058,L,303.7,312.4,1348.0,51.0,152.0,0,0,8.699999999999989,68748.0,0.03780578206078577
4880,H34293,H,303.7,312.5,1520.0,35.6,154.0,0,0,8.800000000000011,54112.0,0.023405654174884945
4881,M19740,M,303.8,312.6,1527.0,41.9,159.0,0,0,8.800000000000011,63981.299999999996,0.027421465968586387
4882,M19741,M,303.8,312.6,1406.0,47.1,162.0,0,0,8.800000000000011,66222.6,0.03347547974413646
4883,L52062,L,303.7,312.5,1462.0,46.2,165.0,0,0,8.800000000000011,67544.40000000001,0.031578947368421054
4884,M19743,M,303.8,312.6,1684.0,29.3,167.0,0,0,8.800000000000011,49341.200000000004,0.01738872403560831
4885,H34298,H,303.8,312.5,1655.0,28.0,170.0,0,0,8.699999999999989,46340.0,0.016908212560386472
4886,H34299,H,303.8,312.5,1748.0,25.1,175.0,0,0,8.699999999999989,43874.8,0.014351057747284164
4887,L52066,L,303.8,312.5,1372.0,45.7,180.0,0,0,8.699999999999989,62700.4,0.03328477785870357
4888,L52067,L,303.7,312.5,1481.0,33.3,182.0,0,0,8.800000000000011,49317.299999999996,0.022469635627530363
4889,L52068,L,303.7,312.4,1512.0,39.2,184.0,0,0,8.699999999999989,59270.4,0.02590879048248513
4890,L52069,M,303.7,312.5,1632.0,36.6,186.0,0,0,8.800000000000011,59731.200000000004,0.022412737293325168
4891,L52070,L,303.7,312.4,1525.0,43.9,188.0,0,0,8.699999999999989,66947.5,0.028768020969855833
4892,M19751,M,303.7,312.3,1756.0,26.4,190.0,0,0,8.600000000000023,46358.399999999994,0.015025611838360842
4893,L52072,L,303.7,312.3,1922.0,23.1,193.0,0,0,8.600000000000023,44398.200000000004,0.01201248049921997
4894,M19753,M,303.8,312.5,1448.0,44.3,195.0,0,0,8.699999999999989,64146.399999999994,0.030572808833678397
4895,H34308,H,303.8,312.5,1447.0,46.6,198.0,0,0,8.699999999999989,67430.2,0.03218232044198895
4896,M19755,M,303.8,312.4,1597.0,33.4,203.0,0,0,8.599999999999966,53339.799999999996,0.02090112640801001
4897,M19756,M,303.7,312.4,1642.0,32.3,206.0,0,0,8.699999999999989,53036.6,0.019659160073037127
4898,H34311,H,303.8,312.5,1525.0,38.0,209.0,0,0,8.699999999999989,57950.0,0.02490170380078637
4899,H34312,H,303.6,312.4,1460.0,53.7,214.0,0,0,8.799999999999955,78402.0,0.03675564681724846
4900,L52079,L,303.6,312.3,2168.0,17.7,219.0,0,0,8.699999999999989,38373.6,0.008160442600276626
4901,L52080,L,303.6,310.1,1388.0,41.9,221.0,0,0,6.5,58157.2,0.030165586753059755
4902,M19761,M,303.6,312.3,1630.0,32.4,223.0,0,0,8.699999999999989,52812.0,0.019865113427345187
4903,L52082,L,303.6,312.3,1616.0,29.3,226.0,0,0,8.699999999999989,47348.8,0.018119975262832405
4904,L52083,L,303.6,312.4,2232.0,16.8,0.0,0,0,8.799999999999955,37497.6,0.007523510971786834
4905,H34318,H,303.6,312.4,1480.0,50.7,2.0,0,0,8.799999999999955,75036.0,0.03423362592842674
4906,L52085,L,303.6,312.4,1363.0,53.1,7.0,0,0,8.799999999999955,72375.3,0.03892961876832845
4907,H34320,H,303.6,312.4,1436.0,45.6,9.0,0,0,8.799999999999955,65481.6,0.031732776617954074
4908,M19767,M,303.6,312.5,1607.0,33.7,14.0,0,0,8.899999999999977,54155.9,0.020957711442786072
4909,M19768,M,303.6,312.5,1459.0,48.2,17.0,0,0,8.899999999999977,70323.8,0.033013698630136985
4910,L52089,L,303.5,312.4,1481.0,43.7,20.0,0,0,8.899999999999977,64719.700000000004,0.02948717948717949
4911,M19770,M,303.5,312.4,1606.0,31.7,22.0,0,0,8.899999999999977,50910.2,0.019726197884256377
4912,L52091,L,303.5,312.3,1681.0,29.8,25.0,0,0,8.800000000000011,50093.8,0.01771700356718193
4913,L52092,L,303.5,312.2,1511.0,37.1,27.0,0,0,8.699999999999989,56058.1,0.024537037037037038
4914,M19773,M,303.5,312.3,1593.0,35.2,29.0,0,0,8.800000000000011,56073.600000000006,0.022082810539523212
4915,M19774,M,303.5,312.3,1532.0,41.7,32.0,0,0,8.800000000000011,63884.4,0.027201565557729943
4916,H34329,H,303.5,312.3,1386.0,49.0,35.0,0,0,8.800000000000011,67914.0,0.035328046142754144
4917,H34330,H,303.4,312.3,1769.0,27.9,40.0,0,0,8.900000000000034,49355.1,0.015762711864406777
4918,M19777,M,303.4,312.2,1561.0,38.2,45.0,0,0,8.800000000000011,59630.200000000004,0.02445582586427657
4919,L52098,L,303.3,312.2,1457.0,40.7,48.0,0,0,8.899999999999977,59299.9,0.027914951989026066
4920,L52099,L,303.3,312.2,1506.0,40.0,50.0,0,0,8.899999999999977,60240.0,0.026542800265428004
4921,L52100,L,300.1,312.2,1337.0,69.4,52.0,1,0,12.099999999999966,92787.8,0.051868460388639764
4922,L52101,L,303.4,312.3,1287.0,54.8,54.0,0,0,8.900000000000034,70527.59999999999,0.04254658385093168
4923,M19782,M,303.4,312.2,1615.0,35.7,56.0,0,0,8.800000000000011,57655.50000000001,0.022091584158415844
4924,M19783,M,303.4,312.2,1972.0,23.5,59.0,0,0,8.800000000000011,46342.0,0.011910795742524075
4925,H34338,H,303.4,312.3,1522.0,42.1,62.0,0,0,8.900000000000034,64076.200000000004,0.027642810242941563
4926,L52105,L,303.4,312.3,1680.0,30.6,67.0,0,0,8.900000000000034,51408.0,0.0182034503271862
4927,L52106,L,303.4,312.3,1502.0,36.0,69.0,0,0,8.900000000000034,54072.0,0.023952095808383235
4928,M19787,M,303.5,312.3,1543.0,33.3,71.0,0,0,8.800000000000011,51381.899999999994,0.021567357512953366
4929,L52108,L,303.5,312.3,1584.0,35.2,108.0,0,0,8.800000000000011,55756.8,0.022208201892744483
4930,L52109,L,303.5,312.4,1340.0,44.5,76.0,0,0,8.899999999999977,59630.0,0.03318419090231171
4931,L52110,L,303.4,312.3,1663.0,33.9,78.0,0,0,8.900000000000034,56375.7,0.020372596153846154
4932,M19791,M,303.3,312.1,1693.0,30.0,80.0,0,0,8.800000000000011,50790.0,0.01770956316410862
4933,L52112,L,303.3,312.1,1418.0,44.7,83.0,0,0,8.800000000000011,63384.600000000006,0.03150105708245243
4934,H34347,H,303.4,312.2,1554.0,36.8,85.0,0,0,8.800000000000011,57187.2,0.023665594855305463
4935,L52114,L,303.4,312.2,1580.0,35.8,90.0,0,0,8.800000000000011,56563.99999999999,0.02264389626818469
4936,L52115,L,303.4,312.3,1479.0,42.8,92.0,0,0,8.900000000000034,63301.2,0.02891891891891892
4937,L52116,L,303.5,312.4,1284.0,70.6,94.0,1,0,8.899999999999977,90650.4,0.05494163424124513
4938,L52117,L,303.4,312.3,1540.0,38.7,96.0,0,0,8.900000000000034,59598.00000000001,0.02511356262167424
4939,M19798,M,303.5,312.4,1606.0,30.1,98.0,0,0,8.899999999999977,48340.600000000006,0.018730553827006845
4940,L52119,L,303.6,312.5,1286.0,62.4,101.0,0,0,8.899999999999977,80246.4,0.048484848484848485
4941,L52120,L,303.6,312.6,1502.0,39.5,103.0,0,0,9.0,59329.0,0.026280771789753826
4942,M19801,M,303.6,312.7,1699.0,31.5,105.0,0,0,9.099999999999966,53518.5,0.01852941176470588
4943,L52122,L,303.5,312.6,1602.0,34.2,108.0,0,0,9.100000000000023,54788.4,0.02133499688084841
4944,H34357,H,303.6,312.6,1436.0,42.0,110.0,0,0,9.0,60312.0,0.029227557411273485
4945,M19804,M,303.6,312.7,1765.0,27.5,115.0,0,0,9.099999999999966,48537.5,0.015571913929784825
4946,L52125,L,300.1,312.7,1418.0,44.1,118.0,0,0,12.599999999999966,62533.8,0.031078224101479916
4947,M19806,M,303.7,312.7,1669.0,31.7,120.0,0,0,9.0,52907.299999999996,0.018982035928143712
4948,L52127,L,303.7,312.7,1395.0,53.9,123.0,0,0,9.0,75190.5,0.03861031518624642
4949,M19808,M,303.8,312.7,1500.0,41.7,125.0,0,0,8.899999999999977,62550.00000000001,0.027781479013990674
4950,M19809,M,303.8,312.7,1555.0,33.4,128.0,0,0,8.899999999999977,51937.0,0.02146529562982005
4951,M19810,M,303.8,312.7,1919.0,20.2,131.0,0,0,8.899999999999977,38763.799999999996,0.010520833333333333
4952,L52131,L,303.8,312.7,1596.0,36.6,134.0,0,0,8.899999999999977,58413.600000000006,0.02291797119599249
4953,M19812,M,303.8,312.7,1374.0,53.6,136.0,0,0,8.899999999999977,73646.40000000001,0.03898181818181818
4954,L52133,L,303.7,312.5,1670.0,26.1,139.0,0,0,8.800000000000011,43587.0,0.01561938958707361
4955,L52134,L,303.7,312.6,1702.0,29.1,141.0,0,0,8.900000000000034,49528.200000000004,0.017087492660011746
4956,M19815,M,303.8,312.5,1366.0,45.1,143.0,0,0,8.699999999999989,61606.6,0.032991953182150695
4957,M19816,M,303.8,312.5,2344.0,15.2,146.0,0,0,8.699999999999989,35628.799999999996,0.006481876332622601
4958,M19817,M,303.8,312.6,1768.0,23.9,149.0,0,0,8.800000000000011,42255.2,0.013510457885811192
4959,L52138,L,303.8,312.5,1523.0,47.0,152.0,0,0,8.699999999999989,71581.0,0.03083989501312336
4960,L52139,L,303.8,312.6,1735.0,25.9,154.0,0,0,8.800000000000011,44936.5,0.014919354838709677
4961,L52140,L,303.9,312.7,1339.0,62.3,156.0,0,0,8.800000000000011,83419.7,0.046492537313432836
4962,L52141,H,303.9,312.7,1800.0,24.3,158.0,0,0,8.800000000000011,43740.0,0.013492504164353138
4963,M19822,M,304.0,312.7,1456.0,51.2,160.0,0,0,8.699999999999989,74547.2,0.03514070006863418
4964,L52143,L,303.9,312.7,1789.0,24.4,163.0,0,0,8.800000000000011,43651.6,0.013631284916201117
4965,L52144,L,303.9,312.7,1602.0,33.9,165.0,0,0,8.800000000000011,54307.799999999996,0.02114784778540237
4966,M19825,M,303.8,312.7,1364.0,49.3,167.0,0,0,8.899999999999977,67245.2,0.03611721611721611
4967,L52146,L,303.8,312.6,1793.0,28.1,170.0,0,0,8.800000000000011,50383.3,0.015663322185061317
4968,L52147,L,303.9,312.6,1426.0,53.4,172.0,0,0,8.700000000000045,76148.4,0.03742116327960757
4969,M19828,M,303.9,312.7,1485.0,43.3,174.0,0,0,8.800000000000011,64300.49999999999,0.029138627187079404
4970,L52149,L,303.9,312.7,1528.0,38.4,177.0,0,0,8.800000000000011,58675.2,0.02511445389143231
4971,L52150,L,303.8,312.6,1565.0,36.0,179.0,0,0,8.800000000000011,56340.0,0.022988505747126436
4972,L52151,L,303.8,312.7,1838.0,27.8,181.0,0,0,8.899999999999977,51096.4,0.015116911364872214
4973,H34386,H,303.8,312.6,1811.0,24.9,183.0,0,0,8.800000000000011,45093.899999999994,0.013741721854304634
4974,L52153,L,303.8,312.7,1461.0,38.2,188.0,0,0,8.899999999999977,55810.200000000004,0.026128590971272233
4975,L52154,L,303.8,312.7,1414.0,41.7,190.0,0,0,8.899999999999977,58963.8,0.029469964664310955
4976,L52155,L,303.7,312.7,1426.0,45.5,192.0,0,0,9.0,64883.0,0.03188507358093903
4977,L52156,L,303.7,312.7,1359.0,56.8,194.0,1,0,9.0,77191.2,0.04176470588235294
4978,L52157,L,303.7,312.7,1540.0,44.8,196.0,0,0,9.0,68992.0,0.0290720311486048
4979,L52158,L,303.6,312.7,1429.0,47.7,198.0,0,0,9.099999999999966,68163.3,0.03335664335664336
4980,M19839,M,303.7,312.7,1612.0,36.3,200.0,0,0,9.0,58515.6,0.022504649721016737
4981,M19840,M,303.7,312.8,1685.0,31.8,203.0,0,0,9.100000000000023,53583.0,0.01886120996441281
4982,M19841,M,303.7,312.8,1558.0,37.7,206.0,0,0,9.100000000000023,58736.600000000006,0.02418216805644644
4983,L52162,L,303.7,313.0,1811.0,24.3,209.0,0,0,9.300000000000011,44007.3,0.013410596026490067
4984,L52163,L,303.8,313.1,1869.0,25.8,211.0,0,0,9.300000000000011,48220.200000000004,0.013796791443850268
4985,L52164,L,303.8,313.1,1256.0,58.7,213.0,1,0,9.300000000000011,73727.2,0.04669848846459825
4986,M19845,M,303.8,313.0,1789.0,23.5,215.0,0,0,9.199999999999989,42041.5,0.013128491620111732
4987,L52166,L,303.7,312.9,1502.0,40.5,0.0,0,0,9.199999999999989,60831.0,0.02694610778443114
4988,M19847,M,303.7,313.0,1303.0,54.4,2.0,0,0,9.300000000000011,70883.2,0.04171779141104295
4989,L52168,L,303.8,313.1,2497.0,13.0,5.0,1,0,9.300000000000011,32461.0,0.005204163330664532
4990,L52169,L,303.9,313.2,1499.0,37.4,7.0,0,0,9.300000000000011,56062.6,0.02493333333333333
4991,L52170,L,303.9,313.2,1393.0,46.5,9.0,0,0,9.300000000000011,64774.5,0.03335724533715925
4992,M19851,M,303.9,313.0,1475.0,41.0,11.0,0,0,9.100000000000023,60475.0,0.027777777777777776
4993,L52172,L,303.8,312.9,1573.0,34.6,14.0,0,0,9.099999999999966,54425.8,0.021982210927573062
4994,L52173,L,303.8,312.9,1819.0,23.7,16.0,0,0,9.099999999999966,43110.299999999996,0.013021978021978022
4995,M19854,M,303.5,312.6,1642.0,29.4,18.0,0,0,9.100000000000023,48274.799999999996,0.01789409616555082
4996,L52175,L,303.6,312.6,1540.0,39.8,21.0,0,0,9.0,61291.99999999999,0.025827384815055157
4997,M19856,M,303.6,312.8,1400.0,43.2,23.0,0,0,9.199999999999989,60480.00000000001,0.030835117773019272
4998,M19857,M,303.6,312.8,2659.0,11.4,26.0,1,0,9.199999999999989,30312.600000000002,0.004285714285714286
4999,M19858,M,303.6,312.8,1825.0,25.2,29.0,0,0,9.199999999999989,45990.0,0.01380065717415115
5000,M19859,M,303.7,312.9,1532.0,41.3,32.0,0,0,9.199999999999989,63271.6,0.026940639269406392
5001,L52180,L,303.7,312.8,1832.0,23.6,35.0,0,0,9.100000000000023,43235.200000000004,0.012875068194217132
5002,M19861,M,303.6,312.7,2174.0,17.6,37.0,0,0,9.099999999999966,38262.4,0.008091954022988507
5003,L52182,L,303.7,312.8,1627.0,31.7,40.0,0,0,9.100000000000023,51575.9,0.019471744471744473
5004,L52183,L,303.7,312.8,1437.0,51.3,42.0,0,0,9.100000000000023,73718.09999999999,0.03567454798331015
5005,L52184,L,303.7,312.8,1364.0,46.3,44.0,0,0,9.100000000000023,63153.2,0.033919413919413915
5006,M19865,M,303.7,312.9,1444.0,52.7,46.0,0,0,9.199999999999989,76098.8,0.03647058823529412
5007,M19866,M,303.7,312.8,1366.0,47.3,49.0,0,0,9.100000000000023,64611.799999999996,0.0346013167520117
5008,L52187,L,303.8,312.9,1442.0,48.3,52.0,0,0,9.099999999999966,69648.59999999999,0.03347193347193347
5009,H34422,H,303.7,312.8,1488.0,42.8,54.0,0,0,9.100000000000023,63686.399999999994,0.028744123572867694
5010,L52189,L,303.7,312.8,1523.0,40.7,59.0,0,0,9.100000000000023,61986.100000000006,0.026706036745406826
5011,L52190,L,303.7,312.8,1543.0,38.3,61.0,0,0,9.100000000000023,59096.899999999994,0.024805699481865284
5012,M19871,M,303.7,312.8,1634.0,33.8,63.0,0,0,9.100000000000023,55229.2,0.020672782874617737
5013,M19872,M,303.8,312.9,1815.0,27.8,66.0,0,0,9.099999999999966,50457.0,0.015308370044052864
5014,M19873,M,303.8,312.9,1594.0,35.2,69.0,0,0,9.099999999999966,56108.8,0.02206896551724138
5015,L52194,H,303.8,313.0,1452.0,38.6,72.0,0,0,9.199999999999989,56047.200000000004,0.026565726083964212
5016,L52195,L,303.9,313.0,1759.0,28.4,74.0,0,0,9.100000000000023,49955.6,0.016136363636363636
5017,L52196,L,303.9,313.0,1408.0,47.5,76.0,0,0,9.100000000000023,66880.0,0.033711852377572744
5018,L52197,L,303.9,313.0,1483.0,45.0,78.0,0,0,9.100000000000023,66735.0,0.03032345013477089
5019,M19878,M,303.9,313.0,1620.0,36.6,80.0,0,0,9.100000000000023,59292.0,0.022578655151141273
5020,M19879,M,304.0,313.1,1466.0,39.5,83.0,0,0,9.100000000000023,57907.0,0.02692569870483981
5021,L52200,L,304.1,313.1,1556.0,36.3,86.0,0,0,9.0,56482.799999999996,0.0233140655105973
5022,L52201,L,304.0,313.0,1350.0,61.1,88.0,0,0,9.0,82485.0,0.04522575869726129
5023,L52202,L,304.0,313.1,1404.0,47.1,90.0,0,0,9.100000000000023,66128.40000000001,0.033523131672597864
5024,M19883,M,304.0,313.0,1575.0,34.5,92.0,0,0,9.0,54337.5,0.021890862944162436
5025,L52204,L,303.9,313.1,1639.0,29.0,95.0,0,0,9.200000000000045,47531.0,0.01768292682926829
5026,M19885,M,303.9,313.1,1473.0,42.8,97.0,0,0,9.200000000000045,63044.399999999994,0.02903663500678426
5027,L52206,L,303.9,313.2,1481.0,40.0,100.0,0,0,9.300000000000011,59240.0,0.02699055330634278
5028,L52207,L,304.0,313.3,1294.0,54.6,102.0,0,0,9.300000000000011,70652.40000000001,0.04216216216216216
5029,M19888,M,303.9,313.2,1630.0,29.3,104.0,0,0,9.300000000000011,47759.0,0.017964438994481913
5030,M19889,M,303.9,313.2,1624.0,39.8,107.0,0,0,9.300000000000011,64635.2,0.02449230769230769
5031,M19890,M,303.9,313.1,1437.0,48.3,110.0,0,0,9.200000000000045,69407.09999999999,0.03358831710709318
5032,M19891,M,303.8,313.0,1514.0,45.0,113.0,0,0,9.199999999999989,68130.0,0.0297029702970297
5033,M19892,M,304.0,313.1,1694.0,31.4,116.0,0,0,9.100000000000023,53191.6,0.018525073746312685
5034,L52213,L,304.0,313.1,1564.0,50.9,119.0,0,0,9.100000000000023,79607.59999999999,0.03252396166134185
5035,M19894,M,303.9,313.1,1514.0,41.1,121.0,0,0,9.200000000000045,62225.4,0.02712871287128713
5036,M19895,M,304.0,313.2,1500.0,40.6,124.0,0,0,9.199999999999989,60900.0,0.027048634243837442
5037,L52216,L,304.0,313.2,1615.0,37.8,127.0,0,0,9.199999999999989,61046.99999999999,0.02339108910891089
5038,M19897,H,304.1,313.2,1586.0,41.1,129.0,0,0,9.099999999999966,65184.600000000006,0.025897920604914935
5039,L52218,L,304.1,313.3,1732.0,28.5,132.0,0,0,9.199999999999989,49362.0,0.01644547028274668
5040,H34453,H,304.1,313.3,1689.0,32.5,134.0,0,0,9.199999999999989,54892.5,0.019230769230769232
5041,H34454,H,304.1,313.2,1586.0,34.6,139.0,0,0,9.099999999999966,54875.600000000006,0.021802142407057343
5042,L52221,L,304.0,313.2,1314.0,47.1,144.0,0,0,9.199999999999989,61889.4,0.035817490494296576
5043,L52222,L,304.1,313.2,1569.0,35.8,146.0,0,0,9.099999999999966,56170.2,0.022802547770700635
5044,L52223,L,304.1,313.2,1468.0,39.4,148.0,0,0,9.099999999999966,57839.2,0.026820966643975493
5045,L52224,L,304.1,313.2,1412.0,47.5,150.0,0,0,9.099999999999966,67070.0,0.033616418966737435
5046,M19905,M,304.1,313.2,1510.0,46.9,152.0,0,0,9.099999999999966,70819.0,0.031039046988749174
5047,M19906,M,304.1,313.2,1410.0,42.4,155.0,0,0,9.099999999999966,59784.0,0.030049610205527995
5048,M19907,M,304.1,313.3,1680.0,29.3,158.0,0,0,9.199999999999989,49224.0,0.017430101130279596
5049,H34462,H,304.0,313.2,1271.0,68.6,161.0,1,0,9.199999999999989,87190.59999999999,0.05393081761006289
5050,H34463,H,304.0,313.1,1472.0,45.5,166.0,0,0,9.100000000000023,66976.0,0.030889341479972843
5051,H34464,H,304.0,313.0,1701.0,30.4,171.0,0,0,9.0,51710.399999999994,0.017861339600470035
5052,L52231,L,303.9,313.0,1480.0,39.9,176.0,0,0,9.100000000000023,59052.0,0.026941255908170154
5053,L52232,L,303.9,313.0,1433.0,48.4,178.0,0,0,9.100000000000023,69357.2,0.03375174337517434
5054,L52233,L,303.8,312.9,1514.0,34.3,180.0,0,0,9.099999999999966,51930.2,0.022640264026402637
5055,L52234,L,303.8,312.9,1619.0,35.7,182.0,0,0,9.099999999999966,57798.3,0.02203703703703704
5056,H34469,H,303.8,312.9,1378.0,45.6,184.0,0,0,9.099999999999966,62836.8,0.03306744017403916
5057,M19916,M,303.9,312.9,1430.0,53.5,189.0,0,0,9.0,76505.0,0.03738644304682041
5058,L52237,L,303.8,312.9,1367.0,49.9,192.0,0,0,9.099999999999966,68213.3,0.0364766081871345
5059,L52238,L,303.9,312.9,1526.0,42.5,194.0,0,0,9.0,64855.0,0.027832351015062214
5060,L52239,L,303.9,312.8,1419.0,47.9,196.0,0,0,8.900000000000034,67970.09999999999,0.03373239436619718
5061,L52240,L,304.0,312.8,1542.0,42.7,198.0,0,0,8.800000000000011,65843.40000000001,0.027673363577446534
5062,L52241,L,304.0,312.9,1363.0,62.5,200.0,1,0,8.899999999999977,85187.5,0.04582111436950147
5063,L52242,L,304.0,312.9,1313.0,53.9,202.0,0,0,8.899999999999977,70770.7,0.04101978691019787
5064,H34477,H,304.0,312.9,1495.0,46.6,0.0,0,0,8.899999999999977,69667.0,0.031149732620320857
5065,L52244,L,304.0,313.0,1407.0,42.1,5.0,0,0,9.0,59234.700000000004,0.029900568181818184
5066,L52245,L,304.1,313.0,1566.0,37.2,7.0,0,0,8.899999999999977,58255.200000000004,0.02373962986598596
5067,L52246,L,304.1,313.1,1550.0,30.9,9.0,0,0,9.0,47895.0,0.019922630560928432
5068,M19927,M,304.2,313.2,1396.0,50.5,11.0,0,0,9.0,70498.0,0.03614889047959914
5069,M19928,M,304.3,313.3,1540.0,39.0,14.0,0,0,9.0,60060.0,0.025308241401687217
5070,M19929,M,304.2,313.2,1380.0,48.7,17.0,0,0,9.0,67206.0,0.035264301230992036
5071,M19930,M,304.2,313.1,1608.0,31.1,20.0,0,0,8.900000000000034,50008.8,0.01932877563704164
5072,H34485,H,304.2,313.0,1442.0,40.9,23.0,0,0,8.800000000000011,58977.799999999996,0.028343728343728343
5073,L52252,L,304.1,313.0,1408.0,45.3,28.0,0,0,8.899999999999977,63782.399999999994,0.032150461320085165
5074,M19933,M,304.0,313.0,1454.0,46.8,30.0,0,0,9.0,68047.2,0.03216494845360825
5075,L52254,L,304.1,313.1,1666.0,34.6,33.0,0,0,9.0,57643.600000000006,0.020755848830233955
5076,L52255,L,304.1,313.2,1366.0,46.6,35.0,0,0,9.099999999999966,63655.6,0.034089246525237746
5077,L52256,L,304.2,313.2,1464.0,44.9,37.0,0,0,9.0,65733.59999999999,0.030648464163822525
5078,L52257,L,304.3,313.3,1775.0,24.9,39.0,0,0,9.0,44197.5,0.01402027027027027
5079,M19938,M,304.3,313.4,1482.0,43.8,41.0,0,0,9.099999999999966,64911.6,0.029534726904922454
5080,M19939,M,304.2,313.4,1411.0,54.8,44.0,0,0,9.199999999999989,77322.8,0.03881019830028328
5081,L52260,L,304.2,313.3,1410.0,51.6,47.0,0,0,9.100000000000023,72756.0,0.03656980864635011
5082,M19941,M,304.1,313.3,1494.0,39.0,49.0,0,0,9.199999999999989,58266.0,0.02608695652173913
5083,H34496,H,304.1,313.2,1590.0,43.4,52.0,0,0,9.099999999999966,69006.0,0.027278441231929604
5084,L52263,L,304.1,313.1,1327.0,54.1,57.0,0,0,9.0,71790.7,0.04073795180722892
5085,L52264,L,304.1,313.1,1969.0,20.8,59.0,0,0,9.0,40955.200000000004,0.010558375634517767
5086,M19945,M,304.0,313.0,1377.0,56.0,61.0,0,0,9.0,77112.0,0.040638606676342524
5087,L52266,L,304.0,313.0,1541.0,45.9,64.0,0,0,9.0,70731.9,0.029766536964980543
5088,M19947,M,304.0,313.0,1685.0,28.2,66.0,0,0,9.0,47517.0,0.016725978647686834
5089,L52268,L,304.0,313.1,1465.0,41.0,69.0,0,0,9.100000000000023,60065.0,0.02796725784447476
5090,M19949,M,303.9,313.1,1483.0,47.2,71.0,0,0,9.200000000000045,69997.6,0.03180592991913747
5091,M19950,M,303.9,313.2,1570.0,40.7,74.0,0,0,9.300000000000011,63899.00000000001,0.025907065563335458
5092,L52271,L,303.9,313.2,1345.0,48.2,77.0,0,0,9.300000000000011,64829.00000000001,0.03580980683506687
5093,M19952,M,303.9,313.2,1608.0,40.6,79.0,0,0,9.300000000000011,65284.8,0.0252330640149161
5094,M19953,M,304.0,313.3,1415.0,52.8,82.0,0,0,9.300000000000011,74712.0,0.037288135593220334
5095,M19954,M,304.1,313.5,1470.0,45.8,85.0,0,0,9.399999999999977,67326.0,0.031135282121006115
5096,M19955,L,304.1,313.5,1428.0,39.9,88.0,0,0,9.399999999999977,56977.2,0.027921623512946116
5097,H34510,H,304.2,313.5,1627.0,32.2,91.0,0,0,9.300000000000011,52389.4,0.019778869778869782
5098,L52277,L,304.2,313.4,1457.0,49.4,96.0,0,0,9.199999999999989,71975.8,0.03388203017832647
5099,L52278,L,304.2,313.4,1475.0,40.2,98.0,0,0,9.199999999999989,59295.00000000001,0.02723577235772358
5100,L52279,L,304.2,313.5,1438.0,50.1,100.0,0,0,9.300000000000011,72043.8,0.03481584433634469
5101,M19960,M,304.2,313.5,1437.0,47.2,102.0,0,0,9.300000000000011,67826.40000000001,0.03282336578581363
5102,M19961,M,304.1,313.4,1518.0,42.4,105.0,0,0,9.299999999999955,64363.2,0.02791310072416063
5103,M19962,M,304.1,313.5,1587.0,33.6,108.0,0,0,9.399999999999977,53323.200000000004,0.02115869017632242
5104,L52283,L,304.1,313.4,1399.0,43.7,111.0,0,0,9.299999999999955,61136.3,0.031214285714285715
5105,L52284,L,304.1,313.5,1469.0,44.6,113.0,0,0,9.399999999999977,65517.4,0.03034013605442177
5106,L52285,L,304.1,313.4,1374.0,56.6,115.0,0,0,9.299999999999955,77768.40000000001,0.04116363636363637
5107,L52286,L,304.0,313.3,1519.0,36.7,117.0,0,0,9.300000000000011,55747.3,0.024144736842105264
5108,L52287,L,303.9,313.2,1540.0,44.4,119.0,0,0,9.300000000000011,68376.0,0.02881245944192083
5109,L52288,H,303.9,313.3,1394.0,51.6,121.0,0,0,9.400000000000034,71930.40000000001,0.036989247311827955
5110,M19969,M,304.0,313.4,1389.0,45.8,123.0,0,0,9.399999999999977,63616.2,0.03294964028776978
5111,M19970,L,304.0,313.5,1732.0,26.2,126.0,0,0,9.5,45378.4,0.015118291979226773
5112,L52291,L,304.1,313.6,1556.0,37.4,129.0,0,0,9.5,58194.399999999994,0.024020552344251767
5113,M19972,M,304.1,313.6,1441.0,43.7,131.0,0,0,9.5,62971.700000000004,0.030305131761442443
5114,L52293,L,304.1,313.6,1382.0,46.7,134.0,0,0,9.5,64539.4,0.03376717281272596
5115,M19974,M,304.2,313.8,1481.0,44.9,136.0,0,0,9.600000000000023,66496.9,0.03029689608636977
5116,M19975,M,304.2,313.7,2113.0,18.4,139.0,0,0,9.5,38879.2,0.0087038789025544
5117,L52296,L,304.2,313.8,1401.0,53.9,142.0,0,0,9.600000000000023,75513.9,0.03844507845934379
5118,L52297,L,304.1,313.6,1611.0,31.4,144.0,0,0,9.5,50585.399999999994,0.01947890818858561
5119,M19978,M,304.2,313.6,1512.0,33.4,146.0,0,0,9.400000000000034,50500.799999999996,0.022075346992729675
5120,L52299,L,304.2,313.6,1411.0,46.0,149.0,0,0,9.400000000000034,64906.0,0.032577903682719546
5121,M19980,M,304.2,313.6,1424.0,43.7,151.0,0,0,9.400000000000034,62228.8,0.03066666666666667
5122,L52301,L,304.2,313.6,1469.0,40.0,154.0,0,0,9.400000000000034,58760.0,0.027210884353741496
5123,H34536,H,304.2,313.5,1684.0,29.8,156.0,0,0,9.300000000000011,50183.200000000004,0.01768545994065282
5124,M19983,M,304.2,313.5,1532.0,41.3,161.0,0,0,9.300000000000011,63271.6,0.026940639269406392
5125,M19984,M,304.2,313.5,1557.0,37.3,164.0,0,0,9.300000000000011,58076.1,0.023940949935815147
5126,M19985,M,304.3,313.5,1416.0,48.1,167.0,0,0,9.199999999999989,68109.6,0.03394495412844037
5127,L52306,L,304.3,313.5,1802.0,25.4,170.0,0,0,9.199999999999989,45770.799999999996,0.01408763172490294
5128,M19987,M,304.3,313.5,2245.0,15.1,172.0,0,0,9.199999999999989,33899.5,0.00672306322350846
5129,L52308,L,304.2,313.4,1434.0,42.5,175.0,0,0,9.199999999999989,60945.0,0.029616724738675958
5130,M19989,M,304.1,313.3,1725.0,28.3,177.0,0,0,9.199999999999989,48817.5,0.016396292004634994
5131,L52310,L,304.2,313.3,1668.0,35.7,180.0,0,0,9.100000000000023,59547.600000000006,0.021390053924505693
5132,L52311,L,304.1,313.3,1452.0,43.9,182.0,0,0,9.199999999999989,63742.799999999996,0.03021335168616655
5133,L52312,L,304.1,313.3,1415.0,50.0,184.0,0,0,9.199999999999989,70750.0,0.03531073446327684
5134,L52313,L,304.1,313.2,1824.0,25.8,186.0,0,0,9.099999999999966,47059.200000000004,0.014136986301369864
5135,L52314,L,304.1,313.3,1438.0,45.5,188.0,0,0,9.199999999999989,65429.0,0.03161917998610146
5136,L52315,L,304.1,313.3,1883.0,24.5,190.0,0,0,9.199999999999989,46133.5,0.013004246284501062
5137,L52316,L,304.2,313.4,1735.0,28.9,192.0,0,0,9.199999999999989,50141.5,0.016647465437788018
5138,L52317,L,304.3,313.5,1464.0,36.7,194.0,0,0,9.199999999999989,53728.8,0.025051194539249148
5139,M19998,M,304.3,313.6,1489.0,40.3,196.0,0,0,9.300000000000011,60006.7,0.02704697986577181
5140,M19999,M,304.4,313.6,1510.0,38.9,199.0,0,0,9.200000000000045,58739.0,0.025744540039708802
5141,M20000,M,304.3,313.6,1585.0,32.1,202.0,0,0,9.300000000000011,50878.5,0.020239596469104667
5142,L52321,L,304.4,313.7,1509.0,35.0,205.0,1,1,9.300000000000011,52815.0,0.023178807947019868
5143,L52322,L,304.4,313.6,1568.0,39.1,0.0,0,0,9.200000000000045,61308.8,0.024920331421287446
5144,M20003,M,304.3,313.5,1525.0,42.0,2.0,0,0,9.199999999999989,64050.0,0.027522935779816515
5145,L52324,L,304.4,313.7,1607.0,33.5,5.0,0,0,9.300000000000011,53834.5,0.020833333333333332
5146,L52325,L,304.5,313.7,1670.0,32.9,7.0,0,0,9.199999999999989,54943.0,0.01968880909634949
5147,L52326,L,304.4,313.6,1585.0,38.9,9.0,0,0,9.200000000000045,61656.5,0.024527112232030263
5148,L52327,L,304.4,313.6,1569.0,38.4,11.0,0,0,9.200000000000045,60249.6,0.02445859872611465
5149,L52328,L,304.4,313.6,1507.0,43.1,13.0,0,0,9.200000000000045,64951.700000000004,0.028580901856763926
5150,L52329,L,304.3,313.5,1452.0,41.5,15.0,0,0,9.199999999999989,60258.0,0.02856159669649002
5151,L52330,L,304.3,313.5,1590.0,29.8,17.0,0,0,9.199999999999989,47382.0,0.018730358265241987
5152,L52331,L,304.3,313.6,1409.0,56.0,19.0,0,0,9.300000000000011,78904.0,0.03971631205673759
5153,L52332,L,304.3,313.5,2643.0,12.7,21.0,0,0,9.199999999999989,33566.1,0.0048033282904689865
5154,L52333,L,304.2,313.4,1644.0,31.7,23.0,0,0,9.199999999999989,52114.799999999996,0.01927051671732523
5155,L52334,L,304.2,313.4,1568.0,37.6,25.0,0,0,9.199999999999989,58956.8,0.023964308476736775
5156,H34569,H,304.2,313.3,1625.0,37.3,27.0,0,0,9.100000000000023,60612.49999999999,0.02293972939729397
5157,L52336,L,304.2,313.4,1482.0,41.4,32.0,0,0,9.199999999999989,61354.799999999996,0.02791638570465273
5158,H34571,H,304.1,313.3,1397.0,49.6,34.0,0,0,9.199999999999989,69291.2,0.03547925608011445
5159,L52338,L,304.1,313.3,1459.0,50.3,39.0,0,0,9.199999999999989,73387.7,0.03445205479452055
5160,L52339,L,304.2,313.4,1490.0,44.0,41.0,0,0,9.199999999999989,65560.0,0.029510395707578806
5161,L52340,L,304.1,313.2,1434.0,50.1,43.0,0,0,9.099999999999966,71843.40000000001,0.03491289198606272
5162,M20021,M,304.1,313.2,2028.0,18.9,45.0,0,0,9.099999999999966,38329.2,0.009314933464760965
5163,L52342,L,304.2,313.3,1464.0,45.9,48.0,0,0,9.100000000000023,67197.59999999999,0.031331058020477816
5164,M20023,M,304.2,313.4,1713.0,23.5,50.0,0,0,9.199999999999989,40255.5,0.013710618436406068
5165,M20024,M,304.3,313.4,1624.0,32.1,53.0,0,0,9.099999999999966,52130.4,0.019753846153846153
5166,L52345,L,304.2,313.4,1421.0,43.4,56.0,0,0,9.199999999999989,61671.4,0.030520393811533052
5167,H34580,H,304.2,313.5,1546.0,41.4,58.0,0,0,9.300000000000011,64004.399999999994,0.02676147382029735
5168,L52347,L,304.2,313.4,1639.0,32.7,63.0,0,0,9.199999999999989,53595.3,0.019939024390243903
5169,H34582,H,304.1,313.4,1696.0,29.6,65.0,0,0,9.299999999999955,50201.600000000006,0.017442545668827344
5170,L52349,L,304.1,313.3,1470.0,39.9,70.0,0,0,9.199999999999989,58653.0,0.027124405166553366
5171,M20030,M,304.1,313.3,1480.0,38.4,72.0,0,0,9.199999999999989,56832.0,0.025928426738690072
5172,M20031,M,304.2,313.4,1329.0,54.5,75.0,0,0,9.199999999999989,72430.5,0.04097744360902256
5173,L52352,L,304.2,313.4,1740.0,28.2,78.0,0,0,9.199999999999989,49068.0,0.016197587593337164
5174,M20033,M,304.2,313.5,1739.0,28.1,80.0,0,0,9.300000000000011,48865.9,0.01614942528735632
5175,M20034,M,304.2,313.5,1390.0,47.8,83.0,0,0,9.300000000000011,66442.0,0.034363767074047445
5176,L52355,L,304.2,313.4,1740.0,23.7,86.0,0,0,9.199999999999989,41238.0,0.013612866168868466
5177,M20036,M,304.0,313.3,1844.0,27.1,88.0,0,0,9.300000000000011,49972.4,0.014688346883468836
5178,H34591,H,304.0,313.1,1388.0,53.2,91.0,0,0,9.100000000000023,73841.6,0.03830093592512599
5179,H34592,H,304.0,313.2,1517.0,43.1,96.0,0,0,9.199999999999989,65382.700000000004,0.02839262187088274
5180,M20039,M,304.0,313.1,1450.0,42.8,101.0,0,0,9.100000000000023,62059.99999999999,0.029496898690558233
5181,L52360,L,304.0,313.2,1584.0,38.7,104.0,0,0,9.199999999999989,61300.8,0.024416403785488962
5182,L52361,L,304.0,313.1,1720.0,28.7,106.0,0,0,9.100000000000023,49364.0,0.016676350958744916
5183,L52362,L,303.9,313.1,1586.0,31.9,108.0,0,0,9.200000000000045,50593.399999999994,0.02010081915563957
5184,M20043,M,303.9,313.0,1901.0,22.5,110.0,0,0,9.100000000000023,42772.5,0.011829652996845425
5185,L52364,L,304.0,313.0,1397.0,42.4,113.0,0,0,9.0,59232.799999999996,0.03032904148783977
5186,L52365,L,304.0,313.0,2012.0,21.1,115.0,0,0,9.0,42453.200000000004,0.01048186785891704
5187,L52366,L,304.0,313.0,2354.0,15.0,117.0,0,0,9.0,35310.0,0.006369426751592357
5188,L52367,L,304.0,313.1,1648.0,35.7,119.0,0,0,9.100000000000023,58833.600000000006,0.021649484536082477
5189,L52368,L,304.0,313.2,1632.0,30.6,121.0,0,0,9.199999999999989,49939.200000000004,0.018738518064911208
5190,M20049,M,304.1,313.2,1427.0,46.9,123.0,0,0,9.099999999999966,66926.3,0.03284313725490196
5191,L52370,L,304.1,313.2,1452.0,48.0,126.0,0,0,9.099999999999966,69696.0,0.03303509979353063
5192,L52371,L,304.0,313.2,1416.0,46.0,128.0,0,0,9.199999999999989,65136.0,0.032462949894142556
5193,L52372,L,303.9,313.1,1310.0,62.9,130.0,0,0,9.200000000000045,82399.0,0.047978642257818456
5194,H34607,H,304.0,313.1,1408.0,39.8,132.0,0,0,9.100000000000023,56038.399999999994,0.028246983676366216
5195,M20054,M,303.9,313.1,1668.0,34.4,137.0,0,0,9.200000000000045,57379.2,0.02061114439784302
5196,L52375,L,303.9,313.0,1551.0,36.8,140.0,0,0,9.100000000000023,57076.799999999996,0.023711340206185566
5197,H34610,H,303.9,313.0,1517.0,36.0,142.0,0,0,9.100000000000023,54612.0,0.023715415019762844
5198,H34611,H,303.8,312.9,1570.0,35.8,147.0,0,0,9.099999999999966,56205.99999999999,0.022788033099936343
5199,L52378,L,303.8,312.8,1428.0,53.3,152.0,0,0,9.0,76112.4,0.037298810356892934
5200,L52379,L,303.8,312.8,1503.0,40.0,154.0,0,0,9.0,60120.0,0.026595744680851064
5201,L52380,L,303.8,312.8,1416.0,58.7,156.0,0,0,9.0,83119.2,0.04142554693013409
5202,M20061,M,303.7,312.7,1396.0,47.3,158.0,0,0,9.0,66030.8,0.03385826771653543
5203,L52382,L,303.7,312.7,1335.0,51.1,161.0,0,0,9.0,68218.5,0.03824850299401198
5204,M20063,M,303.7,312.6,1671.0,30.5,163.0,0,0,8.900000000000034,50965.5,0.018241626794258375
5205,L52384,L,303.7,312.7,1989.0,22.4,166.0,0,0,9.0,44553.6,0.011256281407035175
5206,L52385,L,303.7,312.7,1468.0,43.3,168.0,0,0,9.0,63564.399999999994,0.02947583390061266
5207,H34620,H,303.7,312.6,1711.0,27.6,170.0,0,0,8.900000000000034,47223.600000000006,0.016121495327102806
5208,M20067,M,303.8,312.7,1488.0,41.3,175.0,0,0,8.899999999999977,61454.399999999994,0.0277367360644728
5209,L52388,L,303.8,312.7,1664.0,29.3,178.0,0,0,8.899999999999977,48755.200000000004,0.0175975975975976
5210,M20069,M,303.8,312.7,1507.0,38.5,180.0,0,0,8.899999999999977,58019.5,0.02553050397877984
5211,L52390,L,303.7,312.6,1466.0,42.5,183.0,0,0,8.900000000000034,62305.0,0.028970688479890934
5212,L52391,L,303.7,312.5,1433.0,53.6,185.0,0,0,8.800000000000011,76808.8,0.03737796373779637
5213,L52392,L,303.7,312.5,1397.0,45.7,187.0,0,0,8.800000000000011,63842.9,0.032689556509299
5214,M20073,M,303.7,312.6,1429.0,43.3,189.0,0,0,8.900000000000034,61875.7,0.030279720279720278
5215,L52394,L,303.7,312.7,1572.0,37.2,192.0,0,0,9.0,58478.4,0.02364907819453274
5216,M20075,M,303.7,312.7,1532.0,42.7,194.0,0,0,9.0,65416.4,0.027853881278538814
5217,M20076,M,303.7,312.7,1316.0,51.8,197.0,0,0,9.0,68168.8,0.039331814730447986
5218,M20077,M,303.8,312.8,1420.0,47.9,200.0,0,0,9.0,68018.0,0.03370865587614356
5219,L52398,L,303.8,312.9,1589.0,37.2,203.0,0,0,9.099999999999966,59110.8,0.02339622641509434
5220,L52399,L,303.8,313.0,1365.0,59.9,205.0,1,0,9.199999999999989,81763.5,0.0438506588579795
5221,L52400,L,303.8,313.0,1633.0,32.9,207.0,0,0,9.199999999999989,53725.7,0.020134638922888616
5222,L52401,L,303.9,313.0,1626.0,31.4,209.0,0,0,9.100000000000023,51056.399999999994,0.01929932390903503
5223,L52402,L,303.9,313.1,1665.0,29.6,0.0,0,0,9.200000000000045,49284.0,0.017767106842737097
5224,M20083,M,303.9,313.2,1350.0,47.2,2.0,0,0,9.300000000000011,63720.00000000001,0.03493708364174686
5225,L52404,L,303.9,313.2,1590.0,31.9,5.0,0,0,9.300000000000011,50721.0,0.020050282840980514
5226,M20085,M,304.0,313.2,1437.0,53.9,7.0,0,0,9.199999999999989,77454.3,0.03748261474269819
5227,L52406,L,303.9,313.0,1403.0,48.3,10.0,0,0,9.100000000000023,67764.9,0.0344017094017094
5228,L52407,L,303.9,313.1,1440.0,41.1,12.0,0,0,9.200000000000045,59184.0,0.028521859819569746
5229,M20088,M,303.9,313.1,1343.0,61.4,14.0,0,0,9.200000000000045,82460.2,0.04568452380952381
5230,H34643,H,303.9,313.1,1790.0,26.7,17.0,0,0,9.200000000000045,47793.0,0.01490787269681742
5231,M20090,M,303.8,313.1,2117.0,18.6,22.0,0,0,9.300000000000011,39376.200000000004,0.00878186968838527
5232,L52411,L,303.8,313.1,1458.0,42.2,25.0,0,0,9.300000000000011,61527.600000000006,0.028923920493488693
5233,L52412,L,303.6,312.9,1381.0,57.8,27.0,0,0,9.299999999999955,79821.8,0.041823444283646885
5234,L52413,L,303.6,312.9,1450.0,45.3,29.0,0,0,9.299999999999955,65685.0,0.03121984838042729
5235,L52414,L,303.7,312.9,1461.0,50.1,31.0,0,0,9.199999999999989,73196.1,0.03426812585499316
5236,M20095,M,303.7,312.9,1511.0,41.0,33.0,0,0,9.199999999999989,61951.0,0.027116402116402115
5237,L52416,L,303.8,313.1,1394.0,45.4,36.0,0,0,9.300000000000011,63287.6,0.03254480286738351
5238,L52417,L,303.8,313.0,1499.0,42.3,38.0,0,0,9.199999999999989,63407.7,0.0282
5239,L52418,L,303.7,313.0,1457.0,44.1,40.0,0,0,9.300000000000011,64253.700000000004,0.030246913580246913
5240,L52419,L,303.7,313.0,1753.0,29.0,42.0,0,0,9.300000000000011,50837.0,0.01653363740022805
5241,L52420,L,303.7,313.0,1694.0,28.0,44.0,0,0,9.300000000000011,47432.0,0.016519174041297935
5242,L52421,L,303.7,313.1,1683.0,28.4,46.0,0,0,9.400000000000034,47797.2,0.0168646080760095
5243,L52422,L,303.7,313.1,1496.0,47.4,48.0,0,0,9.400000000000034,70910.4,0.031663326653306616
5244,L52423,L,303.7,313.1,1721.0,34.8,50.0,0,0,9.400000000000034,59890.799999999996,0.020209059233449476
5245,L52424,L,303.6,313.0,1593.0,31.6,52.0,0,0,9.399999999999977,50338.8,0.01982434127979925
5246,L52425,L,303.6,313.0,1575.0,38.3,54.0,0,0,9.399999999999977,60322.49999999999,0.02430203045685279
5247,L52426,L,303.5,313.0,1465.0,41.0,56.0,0,0,9.5,60065.0,0.02796725784447476
5248,L52427,L,303.6,313.1,1405.0,38.3,58.0,0,0,9.5,53811.49999999999,0.02724039829302987
5249,M20108,M,303.5,313.0,1503.0,21.6,60.0,0,0,9.5,32464.800000000003,0.014361702127659576
5250,M20109,M,303.4,312.9,1422.0,39.9,63.0,0,0,9.5,56737.799999999996,0.028039353478566408
5251,L52430,L,303.5,312.9,1332.0,52.9,66.0,0,0,9.399999999999977,70462.8,0.03968492123030758
5252,M20111,M,303.4,312.9,1307.0,54.3,68.0,0,0,9.5,70970.09999999999,0.041513761467889904
5253,L52432,L,303.5,313.0,1322.0,59.5,71.0,0,0,9.5,78659.0,0.04497354497354497
5254,L52433,L,303.5,313.0,1547.0,40.3,73.0,0,0,9.5,62344.1,0.026033591731266147
5255,L52434,L,303.5,313.1,1897.0,23.6,75.0,0,0,9.600000000000023,44769.200000000004,0.01243414120126449
5256,M20115,M,303.5,313.0,1403.0,51.9,77.0,0,0,9.5,72815.7,0.036965811965811966
5257,L52436,L,303.5,313.0,1393.0,51.6,80.0,0,0,9.5,71878.8,0.03701578192252511
5258,L52437,L,303.5,313.0,1482.0,38.5,82.0,0,0,9.5,57057.0,0.025960890087660147
5259,M20118,M,303.5,312.9,1572.0,44.7,84.0,0,0,9.399999999999977,70268.40000000001,0.0284170375079466
5260,L52439,L,303.5,312.9,1544.0,36.9,87.0,0,0,9.399999999999977,56973.6,0.023883495145631067
5261,M20120,M,303.5,313.0,1492.0,46.1,89.0,0,0,9.5,68781.2,0.030877427997320833
5262,L52441,L,303.4,312.8,1513.0,35.8,92.0,0,0,9.400000000000034,54165.399999999994,0.023645970937912812
5263,L52442,L,303.4,312.8,1449.0,43.9,94.0,0,0,9.400000000000034,63611.1,0.030275862068965518
5264,L52443,L,303.5,312.8,1877.0,22.3,96.0,0,0,9.300000000000011,41857.1,0.01187433439829606
5265,L52444,L,303.4,312.8,1376.0,53.4,98.0,0,0,9.400000000000034,73478.4,0.03877995642701525
5266,M20125,M,303.5,312.9,1883.0,23.3,100.0,0,0,9.399999999999977,43873.9,0.012367303609341827
5267,M20126,M,303.4,312.8,1518.0,38.7,103.0,0,0,9.400000000000034,58746.600000000006,0.025477287689269257
5268,M20127,M,303.5,312.9,1438.0,42.8,106.0,0,0,9.399999999999977,61546.399999999994,0.029742876997915217
5269,L52448,L,303.4,312.9,1389.0,54.1,109.0,0,0,9.5,75144.90000000001,0.038920863309352516
5270,L52449,L,303.5,312.9,1504.0,44.8,111.0,0,0,9.399999999999977,67379.2,0.029767441860465114
5271,L52450,L,303.5,312.9,1275.0,64.4,113.0,0,0,9.399999999999977,82110.0,0.05047021943573668
5272,L52451,L,303.6,313.0,1534.0,39.7,115.0,0,0,9.399999999999977,60899.8,0.025863192182410424
5273,M20132,M,303.6,313.0,1396.0,38.2,117.0,0,0,9.399999999999977,53327.200000000004,0.027344309234073015
5274,L52453,L,303.6,313.1,1395.0,44.1,120.0,0,0,9.5,61519.5,0.031590257879656164
5275,L52454,L,303.6,313.0,1617.0,30.9,122.0,0,0,9.399999999999977,49965.299999999996,0.019097651421508034
5276,L52455,L,303.7,313.1,1423.0,41.2,124.0,0,0,9.400000000000034,58627.600000000006,0.028932584269662925
5277,L52456,L,303.5,313.0,1606.0,34.0,126.0,0,0,9.5,54604.0,0.021157436216552583
5278,L52457,L,303.5,312.9,1501.0,44.0,128.0,0,0,9.399999999999977,66044.0,0.02929427430093209
5279,M20138,M,303.5,312.9,1618.0,30.4,130.0,0,0,9.399999999999977,49187.2,0.01877702285361334
5280,L52459,L,303.6,313.0,1522.0,35.8,133.0,0,0,9.399999999999977,54487.6,0.023506237688772157
5281,L52460,L,303.6,312.9,1480.0,41.4,135.0,0,0,9.299999999999955,61272.0,0.027954085077650237
5282,M20141,M,303.7,313.0,1469.0,39.9,137.0,0,0,9.300000000000011,58613.1,0.027142857142857142
5283,H34696,H,303.8,313.2,1381.0,52.4,140.0,0,0,9.399999999999977,72364.4,0.037916063675832126
5284,L52463,L,303.8,313.2,1525.0,41.9,145.0,0,0,9.399999999999977,63897.5,0.027457404980340758
5285,M20144,M,303.8,313.2,1732.0,29.6,147.0,0,0,9.399999999999977,51267.200000000004,0.017080207732256204
5286,L52465,L,303.8,313.1,1523.0,39.8,150.0,0,0,9.300000000000011,60615.399999999994,0.02611548556430446
5287,L52466,L,303.8,313.1,1422.0,42.4,152.0,0,0,9.300000000000011,60292.799999999996,0.029796205200281096
5288,H34701,H,303.8,313.2,1506.0,46.9,154.0,0,0,9.399999999999977,70631.4,0.031121433311214333
5289,L52468,L,303.8,313.2,1531.0,39.4,159.0,0,0,9.399999999999977,60321.4,0.025718015665796342
5290,M20149,M,303.9,313.3,1507.0,34.3,161.0,0,0,9.400000000000034,51690.1,0.022745358090185675
5291,L52470,L,303.9,313.3,1526.0,40.7,164.0,0,0,9.400000000000034,62108.200000000004,0.026653569089718405
5292,L52471,L,303.8,313.3,1406.0,52.1,166.0,0,0,9.5,73252.6,0.037029140014214645
5293,M20152,M,303.9,313.3,1567.0,35.0,168.0,0,0,9.400000000000034,54845.0,0.022321428571428572
5294,M20153,M,303.9,313.4,1464.0,49.1,171.0,0,0,9.5,71882.40000000001,0.033515358361774744
5295,L52474,L,303.9,313.4,1442.0,48.5,174.0,0,0,9.5,69937.0,0.03361053361053361
5296,L52475,L,303.8,313.2,1503.0,47.8,176.0,0,0,9.399999999999977,71843.4,0.03178191489361702
5297,H34710,H,303.8,313.2,1379.0,50.2,178.0,0,0,9.399999999999977,69225.8,0.0363768115942029
5298,L52477,L,303.7,313.1,1406.0,48.6,183.0,0,0,9.400000000000034,68331.6,0.034541577825159916
5299,M20158,M,303.7,313.1,2130.0,18.1,185.0,0,0,9.400000000000034,38553.0,0.008493664946034726
5300,L52479,L,303.7,313.1,1355.0,49.1,188.0,0,0,9.400000000000034,66530.5,0.0362094395280236
5301,M20160,M,303.8,313.2,1710.0,26.5,190.0,0,0,9.399999999999977,45315.0,0.015488018702513151
5302,L52481,L,303.8,313.1,1309.0,55.8,193.0,0,0,9.300000000000011,73042.2,0.042595419847328245
5303,L52482,L,303.9,313.1,1491.0,37.2,195.0,0,0,9.200000000000045,55465.200000000004,0.024932975871313674
5304,L52483,L,303.9,313.2,1481.0,44.1,197.0,0,0,9.300000000000011,65312.1,0.029757085020242918
5305,L52484,L,303.9,313.1,1425.0,49.3,199.0,0,0,9.200000000000045,70252.5,0.03457223001402524
5306,H34719,H,303.9,313.2,1680.0,29.1,201.0,0,0,9.300000000000011,48888.0,0.017311124330755503
5307,H34720,H,304.0,313.2,1612.0,31.7,206.0,0,0,9.199999999999989,51100.4,0.019652820830750154
5308,L52487,L,304.0,313.3,1530.0,34.8,211.0,0,0,9.300000000000011,53243.99999999999,0.02273024167210973
5309,L52488,L,304.0,313.2,1481.0,42.6,213.0,0,0,9.199999999999989,63090.6,0.02874493927125506
5310,M20169,M,303.9,313.2,1422.0,48.0,215.0,1,1,9.300000000000011,68256.0,0.03373155305692199
5311,L52490,L,303.8,313.0,1427.0,43.0,0.0,0,0,9.199999999999989,61361.0,0.03011204481792717
5312,H34725,H,303.7,312.9,1460.0,49.8,2.0,0,0,9.199999999999989,72708.0,0.03408624229979466
5313,L52492,L,303.6,312.9,1873.0,23.5,7.0,0,0,9.299999999999955,44015.5,0.012540021344717182
5314,M20173,M,303.7,312.9,1566.0,32.6,9.0,0,0,9.199999999999989,51051.600000000006,0.0208040842373963
5315,L52494,L,303.6,312.8,1701.0,30.8,12.0,0,0,9.199999999999989,52390.8,0.01809635722679201
5316,L52495,L,303.6,312.8,1710.0,27.2,14.0,0,0,9.199999999999989,46512.0,0.015897136177673875
5317,M20176,M,303.6,312.8,1689.0,33.1,108.0,0,0,9.199999999999989,55905.9,0.019585798816568047
5318,L52497,L,303.6,312.7,1637.0,32.9,19.0,0,0,9.099999999999966,53857.299999999996,0.020085470085470084
5319,L52498,L,303.5,312.6,1496.0,39.0,21.0,0,0,9.100000000000023,58344.0,0.026052104208416832
5320,M20179,M,303.5,312.7,1402.0,47.0,23.0,0,0,9.199999999999989,65894.0,0.03349964362081254
5321,L52500,L,303.4,312.7,1363.0,45.5,26.0,0,0,9.300000000000011,62016.5,0.033357771260997066
5322,M20181,M,303.4,312.7,1576.0,49.9,28.0,0,0,9.300000000000011,78642.4,0.031642358909321495
5323,M20182,M,303.4,312.7,1357.0,55.3,31.0,0,0,9.300000000000011,75042.09999999999,0.040721649484536084
5324,M20183,M,303.4,312.7,1399.0,48.4,34.0,0,0,9.300000000000011,67711.59999999999,0.03457142857142857
5325,M20184,M,303.4,312.8,1526.0,30.8,37.0,0,0,9.400000000000034,47000.8,0.02017026850032744
5326,L52505,L,303.5,312.7,1694.0,27.3,40.0,0,0,9.199999999999989,46246.200000000004,0.016106194690265488
5327,M20186,M,303.5,312.7,1420.0,49.1,42.0,0,0,9.199999999999989,69722.0,0.03455313159746658
5328,M20187,M,303.5,312.7,2116.0,16.7,45.0,0,0,9.199999999999989,35337.2,0.007888521492678317
5329,M20188,M,303.7,312.9,1406.0,41.9,48.0,0,0,9.199999999999989,58911.4,0.02977967306325515
5330,L52509,L,303.7,313.0,1456.0,45.5,51.0,0,0,9.300000000000011,66248.0,0.031228551818805766
5331,L52510,L,303.6,312.9,1588.0,31.9,53.0,0,0,9.299999999999955,50657.2,0.020075519194461926
5332,L52511,L,303.7,312.8,1448.0,44.5,55.0,0,0,9.100000000000023,64436.0,0.030710835058661144
5333,H34746,H,303.6,312.7,1403.0,46.2,57.0,0,0,9.099999999999966,64818.600000000006,0.03290598290598291
5334,M20193,M,303.5,312.6,1405.0,51.6,62.0,0,0,9.100000000000023,72498.0,0.03669985775248933
5335,M20194,M,303.4,312.6,2706.0,9.8,65.0,1,0,9.200000000000045,26518.800000000003,0.0036202438123383823
5336,M20195,M,303.3,312.4,1505.0,38.9,68.0,0,0,9.099999999999966,58544.5,0.025830013280212484
5337,L52516,L,303.2,312.4,1663.0,33.7,71.0,0,0,9.199999999999989,56043.100000000006,0.020252403846153847
5338,M20197,M,303.3,312.6,1482.0,44.4,73.0,0,0,9.300000000000011,65800.8,0.029939312204989885
5339,M20198,M,303.3,312.5,1674.0,32.7,76.0,0,0,9.199999999999989,54739.8,0.019522388059701495
5340,M20199,M,303.4,312.7,1594.0,32.8,79.0,0,0,9.300000000000011,52283.2,0.02056426332288401
5341,L52520,L,303.5,312.7,1393.0,49.3,82.0,0,0,9.199999999999989,68674.9,0.03536585365853658
5342,H34755,H,303.5,312.8,1404.0,55.8,84.0,0,0,9.300000000000011,78343.2,0.0397153024911032
5343,M20202,M,303.5,312.8,1375.0,45.7,89.0,0,0,9.300000000000011,62837.50000000001,0.03321220930232558
5344,L52523,L,303.5,312.8,1607.0,38.4,92.0,0,0,9.300000000000011,61708.799999999996,0.023880597014925373
5345,L52524,L,303.4,312.8,1360.0,50.8,94.0,0,0,9.400000000000034,69088.0,0.03732549595885378
5346,L52525,L,303.5,312.8,1524.0,39.4,96.0,0,0,9.300000000000011,60045.6,0.02583606557377049
5347,L52526,L,303.4,312.7,1534.0,35.5,98.0,0,0,9.300000000000011,54457.0,0.023127035830618894
5348,L52527,L,303.3,312.7,1262.0,63.8,100.0,0,0,9.399999999999977,80515.59999999999,0.05051464766429137
5349,L52528,L,303.3,312.6,1623.0,34.6,102.0,0,0,9.300000000000011,56155.8,0.021305418719211825
5350,M20209,M,303.3,312.7,1642.0,33.6,104.0,0,0,9.399999999999977,55171.200000000004,0.020450395617772368
5351,M20210,M,303.4,312.8,1622.0,35.1,107.0,0,0,9.400000000000034,56932.200000000004,0.021626617375231055
5352,M20211,M,303.5,312.9,1530.0,34.5,110.0,0,0,9.399999999999977,52785.0,0.022534291312867407
5353,M20212,M,303.4,312.8,1590.0,36.3,113.0,0,0,9.400000000000034,57716.99999999999,0.02281583909490886
5354,L52533,L,303.4,312.7,1589.0,34.0,116.0,0,0,9.300000000000011,54026.0,0.021383647798742137
5355,L52534,L,303.4,312.6,1462.0,37.5,118.0,0,0,9.200000000000045,54825.0,0.02563226247436774
5356,H34769,H,303.3,312.5,1328.0,49.8,120.0,0,0,9.199999999999989,66134.4,0.03747178329571106
5357,H34770,H,303.3,312.6,1692.0,29.0,125.0,0,0,9.300000000000011,49068.0,0.017129356172474897
5358,L52537,L,303.3,312.5,1968.0,20.6,130.0,0,0,9.199999999999989,40540.8,0.010462163534789234
5359,H34772,H,303.3,312.6,1827.0,24.2,132.0,0,0,9.300000000000011,44213.4,0.013238512035010941
5360,M20219,M,303.3,312.6,1397.0,47.1,137.0,0,0,9.300000000000011,65798.7,0.03369098712446352
5361,L52540,L,303.3,312.6,1463.0,44.0,140.0,0,0,9.300000000000011,64372.0,0.030054644808743168
5362,L52541,L,303.3,312.7,1643.0,30.7,142.0,0,0,9.399999999999977,50440.1,0.01867396593673966
5363,L52542,L,303.2,312.6,1281.0,57.0,144.0,0,0,9.400000000000034,73017.0,0.044461778471138844
5364,L52543,L,303.2,312.5,1518.0,39.9,146.0,0,0,9.300000000000011,60568.2,0.026267281105990782
5365,L52544,L,303.2,312.6,1601.0,35.3,148.0,0,0,9.400000000000034,56515.299999999996,0.022034956304619224
5366,L52545,L,303.1,312.6,1548.0,36.4,150.0,0,0,9.5,56347.2,0.023499031633311813
5367,H34780,H,303.1,312.6,1404.0,40.6,152.0,0,0,9.5,57002.4,0.02889679715302491
5368,M20227,M,303.1,312.5,1766.0,26.7,157.0,0,0,9.399999999999977,47152.2,0.015110356536502546
5369,M20228,M,303.1,312.5,1667.0,30.0,160.0,0,0,9.399999999999977,50010.0,0.017985611510791366
5370,H34783,H,303.0,312.5,1507.0,37.9,163.0,0,0,9.5,57115.299999999996,0.02513262599469496
5371,H34784,H,303.0,312.4,1627.0,37.1,168.0,0,0,9.399999999999977,60361.700000000004,0.02278869778869779
5372,L52551,L,302.9,312.3,1435.0,47.7,173.0,0,0,9.400000000000034,68449.5,0.033217270194986076
5373,H34786,H,302.9,312.3,1509.0,46.8,175.0,0,0,9.400000000000034,70621.2,0.030993377483443708
5374,M20233,M,302.9,312.3,1809.0,25.0,180.0,0,0,9.400000000000034,45225.0,0.013812154696132596
5375,L52554,L,302.9,312.3,1515.0,40.8,183.0,0,0,9.400000000000034,61811.99999999999,0.026912928759894456
5376,L52555,L,302.9,312.3,1530.0,34.9,185.0,0,0,9.400000000000034,53397.0,0.02279555845852384
5377,H34790,H,302.8,312.3,1336.0,57.5,187.0,0,0,9.5,76820.0,0.043006731488406884
5378,L52557,L,302.9,312.4,2030.0,19.1,192.0,0,0,9.5,38773.0,0.009404234367306747
5379,L52558,L,302.9,312.4,1550.0,36.9,194.0,0,0,9.5,57195.0,0.02379110251450677
5380,L52559,L,302.9,312.4,1446.0,41.7,196.0,0,0,9.5,60298.200000000004,0.028818244644091225
5381,L52560,L,302.8,312.3,1494.0,37.5,198.0,0,0,9.5,56025.0,0.02508361204013378
5382,L52561,L,302.8,312.4,1651.0,27.0,200.0,0,0,9.599999999999966,44577.0,0.016343825665859565
5383,L52562,L,302.9,312.4,1698.0,33.8,202.0,0,0,9.5,57392.399999999994,0.019894055326662743
5384,L52563,L,302.8,312.3,1504.0,40.3,204.0,0,0,9.5,60611.2,0.026777408637873753
5385,M20244,M,302.9,312.4,1421.0,46.0,206.0,0,0,9.5,65366.0,0.03234880450070324
5386,H34799,H,302.9,312.3,1754.0,26.9,209.0,0,0,9.400000000000034,47182.6,0.015327635327635326
5387,L52566,L,302.9,312.2,1469.0,42.0,214.0,0,0,9.300000000000011,61698.0,0.02857142857142857
5388,L52567,L,302.8,312.2,1433.0,50.0,216.0,0,0,9.399999999999977,71650.0,0.03486750348675035
5389,M20248,M,300.1,312.3,1432.0,49.0,218.0,0,0,12.199999999999989,70168.0,0.034193998604326585
5390,L52569,L,302.8,312.3,1366.0,49.1,221.0,0,0,9.5,67070.6,0.03591806876371617
5391,H34804,H,302.8,312.3,1483.0,47.2,223.0,0,0,9.5,69997.6,0.03180592991913747
5392,L52571,L,302.7,312.2,1572.0,34.4,228.0,0,0,9.5,54076.799999999996,0.02186904005085823
5393,L52572,L,302.8,312.2,1481.0,40.2,230.0,0,0,9.399999999999977,59536.200000000004,0.027125506072874495
5394,L52573,L,302.8,312.3,1473.0,42.6,232.0,0,0,9.5,62749.8,0.028900949796472186
5395,M20254,M,302.8,312.3,1262.0,70.5,234.0,1,0,9.5,88971.0,0.055819477434679333
5396,L52575,L,302.8,312.4,1529.0,36.8,237.0,0,0,9.599999999999966,56267.2,0.024052287581699344
5397,L52576,L,302.8,312.4,1523.0,39.7,239.0,0,0,9.599999999999966,60463.100000000006,0.0260498687664042
5398,M20257,M,302.8,312.3,1416.0,42.7,241.0,0,0,9.5,60463.200000000004,0.03013408609738885
5399,L52578,H,302.9,312.4,1923.0,23.9,244.0,0,0,9.5,45959.7,0.012422037422037421
5400,H34813,H,302.8,312.4,1411.0,53.8,246.0,1,0,9.599999999999966,75911.8,0.03810198300283286
5401,L52580,L,302.7,312.4,1477.0,46.3,251.0,1,0,9.699999999999989,68385.09999999999,0.031326116373477673
5402,M20261,M,302.6,312.3,1454.0,54.8,253.0,1,1,9.699999999999989,79679.2,0.03766323024054983
5403,L52582,L,302.7,312.3,1421.0,48.5,0.0,0,0,9.600000000000023,68918.5,0.03410689170182841
5404,L52583,L,302.7,312.3,1858.0,25.4,2.0,0,0,9.600000000000023,47193.2,0.01366325981710597
5405,H34818,H,302.8,312.5,1422.0,46.1,4.0,0,0,9.699999999999989,65554.2,0.032396345748418834
5406,L52585,L,302.7,312.4,1444.0,48.7,9.0,0,0,9.699999999999989,70322.8,0.033702422145328724
5407,L52586,L,302.7,312.4,1360.0,47.8,11.0,0,0,9.699999999999989,65007.99999999999,0.03512123438648053
5408,L52587,L,302.7,312.4,1954.0,24.8,13.0,0,0,9.699999999999989,48459.200000000004,0.012685421994884911
5409,L52588,L,302.6,312.4,1628.0,33.0,15.0,0,0,9.799999999999955,53724.0,0.020257826887661142
5410,L52589,L,302.7,312.4,1433.0,44.2,17.0,0,0,9.699999999999989,63338.600000000006,0.03082287308228731
5411,M20270,M,302.7,312.5,1417.0,51.5,19.0,0,0,9.800000000000011,72975.5,0.03631875881523272
5412,L52591,L,302.8,312.6,1462.0,39.4,22.0,0,0,9.800000000000011,57602.799999999996,0.026930963773069035
5413,L52592,L,302.9,312.6,1328.0,59.9,24.0,0,0,9.700000000000045,79547.2,0.045071482317531976
5414,H34827,H,302.7,312.5,1527.0,36.4,26.0,0,0,9.800000000000011,55582.799999999996,0.02382198952879581
5415,L52594,L,302.6,312.3,1534.0,34.3,31.0,0,0,9.699999999999989,52616.2,0.022345276872964167
5416,M20275,M,302.6,312.4,1410.0,50.3,33.0,0,0,9.799999999999955,70923.0,0.035648476257973065
5417,L52596,L,302.6,312.3,1660.0,30.3,36.0,0,0,9.699999999999989,50298.0,0.018242022877784467
5418,L52597,L,302.6,312.4,1386.0,45.8,38.0,0,0,9.799999999999955,63478.799999999996,0.03302090843547224
5419,L52598,L,302.6,312.4,1398.0,41.6,40.0,0,0,9.799999999999955,58156.8,0.029735525375268048
5420,L52599,L,302.6,312.3,1321.0,53.4,42.0,0,0,9.699999999999989,70541.4,0.040393343419062026
5421,L52600,L,302.6,312.3,1512.0,34.2,44.0,0,0,9.699999999999989,51710.4,0.022604097818902845
5422,M20281,M,302.6,312.3,1566.0,36.6,46.0,0,0,9.699999999999989,57315.600000000006,0.02335673261008296
5423,M20282,M,302.7,312.4,1422.0,44.5,49.0,0,0,9.699999999999989,63279.0,0.031271960646521435
5424,L52603,L,302.6,312.3,1647.0,31.8,52.0,0,0,9.699999999999989,52374.6,0.01929611650485437
5425,L52604,L,302.6,312.2,1377.0,45.5,54.0,0,0,9.599999999999966,62653.5,0.0330188679245283
5426,L52605,L,302.5,312.2,1775.0,27.9,56.0,0,0,9.699999999999989,49522.5,0.01570945945945946
5427,L52606,L,302.6,312.3,1554.0,42.0,58.0,0,0,9.699999999999989,65268.0,0.027009646302250803
5428,L52607,L,302.7,312.4,1423.0,51.9,60.0,0,0,9.699999999999989,73853.7,0.03644662921348314
5429,L52608,L,302.7,312.4,1453.0,47.3,62.0,0,0,9.699999999999989,68726.9,0.03253094910591472
5430,L52609,L,302.8,312.4,1590.0,34.4,64.0,0,0,9.599999999999966,54696.0,0.02162162162162162
5431,L52610,L,302.8,312.5,1694.0,28.4,66.0,0,0,9.699999999999989,48109.6,0.016755162241887906
5432,L52611,L,302.8,312.5,1462.0,43.4,68.0,0,0,9.699999999999989,63450.799999999996,0.02966507177033493
5433,L52612,L,302.8,312.4,1392.0,46.2,70.0,0,0,9.599999999999966,64310.4,0.033165829145728645
5434,L52613,L,302.9,312.5,1550.0,45.5,72.0,0,0,9.600000000000023,70525.0,0.02933591231463572
5435,L52614,L,302.9,312.5,1629.0,30.4,74.0,0,0,9.600000000000023,49521.6,0.018650306748466256
5436,M20295,M,303.0,312.5,1524.0,42.1,76.0,0,0,9.5,64160.4,0.02760655737704918
5437,M20296,M,302.9,312.5,1679.0,30.9,79.0,0,0,9.600000000000023,51881.1,0.01839285714285714
5438,M20297,M,302.9,312.6,1394.0,46.4,82.0,0,0,9.700000000000045,64681.6,0.03326164874551971
5439,L52618,L,302.9,312.5,1683.0,32.1,85.0,0,0,9.600000000000023,54024.3,0.019061757719714967
5440,L52619,L,303.0,312.5,1626.0,30.5,87.0,0,0,9.5,49593.0,0.018746158574062692
5441,H34854,H,303.0,312.5,1698.0,30.0,89.0,0,0,9.5,50940.0,0.017657445556209534
5442,M20301,M,303.0,312.6,1392.0,42.9,94.0,0,0,9.600000000000023,59716.799999999996,0.030796841349605166
5443,L52622,L,303.1,312.7,1353.0,51.8,97.0,0,0,9.599999999999966,70085.4,0.038257016248153614
5444,M20303,M,303.0,312.7,1426.0,46.8,99.0,0,0,9.699999999999989,66736.8,0.032796075683251574
5445,L52624,L,303.0,312.7,2024.0,40.1,102.0,0,0,9.699999999999989,81162.40000000001,0.01980246913580247
5446,M20305,M,303.0,312.8,1648.0,32.1,104.0,0,0,9.800000000000011,52900.8,0.01946634323832626
5447,L52626,L,303.1,312.9,1511.0,40.1,107.0,0,0,9.799999999999955,60591.1,0.026521164021164022
5448,L52627,L,303.1,312.8,1465.0,44.1,109.0,0,0,9.699999999999989,64606.5,0.030081855388813097
5449,L52628,L,303.0,312.7,1551.0,41.8,111.0,0,0,9.699999999999989,64831.799999999996,0.026932989690721647
5450,L52629,L,303.1,312.8,2329.0,15.1,113.0,0,0,9.699999999999989,35167.9,0.00648068669527897
5451,H34864,H,303.1,312.8,1435.0,41.9,115.0,0,0,9.699999999999989,60126.5,0.02917827298050139
5452,L52631,L,303.0,312.7,1361.0,48.8,120.0,0,0,9.699999999999989,66416.8,0.03582966226138032
5453,M20312,M,303.0,312.7,1553.0,35.8,122.0,0,0,9.699999999999989,55597.399999999994,0.023037323037323035
5454,L52633,L,303.0,312.6,1451.0,42.1,125.0,0,0,9.600000000000023,61087.1,0.028994490358126724
5455,L52634,L,303.0,312.5,1461.0,40.2,127.0,0,0,9.5,58732.200000000004,0.027496580027359784
5456,M20315,M,303.1,310.1,1895.0,23.5,129.0,0,0,7.0,44532.5,0.012394514767932489
5457,M20316,M,303.1,312.6,1567.0,32.9,132.0,0,0,9.5,51554.299999999996,0.020982142857142855
5458,M20317,M,303.0,312.5,1602.0,33.7,135.0,0,0,9.5,53987.4,0.02102308172177168
5459,L52638,L,303.1,312.6,1514.0,42.1,138.0,0,0,9.5,63739.4,0.02778877887788779
5460,L52639,L,303.1,312.5,1453.0,49.1,140.0,0,0,9.399999999999977,71342.3,0.03376891334250344
5461,M20320,M,303.0,312.4,1526.0,36.1,142.0,0,0,9.399999999999977,55088.6,0.023641126391617553
5462,M20321,M,302.9,312.3,1339.0,52.1,145.0,0,0,9.400000000000034,69761.90000000001,0.038880597014925376
5463,L52642,L,302.9,312.3,1889.0,22.8,148.0,0,0,9.400000000000034,43069.200000000004,0.012063492063492064
5464,L52643,L,302.9,312.4,1561.0,34.8,150.0,0,0,9.5,54322.799999999996,0.022279129321382842
5465,M20324,M,302.9,312.4,1659.0,33.1,152.0,0,0,9.5,54912.9,0.019939759036144578
5466,L52645,L,302.9,312.4,1424.0,49.5,155.0,0,0,9.5,70488.0,0.034736842105263156
5467,M20326,M,302.9,312.3,1426.0,44.7,157.0,0,0,9.400000000000034,63742.200000000004,0.031324456902592855
5468,L52647,L,302.9,312.4,1383.0,51.4,160.0,0,0,9.5,71086.2,0.037138728323699424
5469,L52648,L,302.8,312.3,1764.0,29.9,162.0,0,0,9.5,52743.6,0.016940509915014165
5470,M20329,M,302.7,312.2,1439.0,42.5,164.0,0,0,9.5,61157.5,0.029513888888888888
5471,M20330,M,302.7,312.2,1585.0,35.5,167.0,0,0,9.5,56267.5,0.022383354350567465
5472,L52651,L,302.7,312.3,1346.0,61.2,170.0,0,0,9.600000000000023,82375.2,0.04543429844097996
5473,L52652,L,302.8,312.3,1386.0,57.8,172.0,0,0,9.5,80110.8,0.04167267483777938
5474,L52653,L,302.7,312.2,1369.0,51.8,174.0,0,0,9.5,70914.2,0.03781021897810219
5475,M20334,M,302.7,312.1,1378.0,46.9,176.0,0,0,9.400000000000034,64628.2,0.03401015228426396
5476,L52655,L,302.7,312.2,1336.0,46.8,179.0,0,0,9.5,62524.799999999996,0.0350037397157816
5477,M20336,M,302.6,312.1,1445.0,42.0,181.0,0,0,9.5,60690.0,0.029045643153526972
5478,L52657,L,300.1,312.1,1763.0,26.5,184.0,0,0,12.0,46719.5,0.015022675736961451
5479,L52658,L,302.7,312.2,1611.0,34.1,186.0,0,0,9.5,54935.100000000006,0.021153846153846155
5480,M20339,M,302.7,312.1,1564.0,32.1,188.0,0,0,9.400000000000034,50204.4,0.020511182108626198
5481,H34894,H,302.7,312.1,1478.0,36.0,191.0,0,0,9.400000000000034,53208.0,0.02434077079107505
5482,L52661,L,302.6,312.0,1781.0,28.5,196.0,0,0,9.399999999999977,50758.5,0.015993265993265993
5483,L52662,L,302.6,312.1,1782.0,26.8,198.0,0,0,9.5,47757.6,0.015030846887268648
5484,M20343,M,302.6,312.1,2000.0,21.9,200.0,0,0,9.5,43800.0,0.010944527736131934
5485,M20344,M,302.5,312.0,1826.0,25.3,203.0,0,0,9.5,46197.8,0.01384783798576902
5486,L52665,L,302.6,312.1,1344.0,51.0,206.0,0,0,9.5,68544.0,0.0379182156133829
5487,L52666,L,302.6,312.2,1520.0,43.0,208.0,0,0,9.599999999999966,65360.0,0.02827087442472058
5488,M20347,M,302.6,312.1,1611.0,39.9,210.0,0,0,9.5,64278.899999999994,0.02475186104218362
5489,L52668,L,302.7,312.2,1450.0,52.1,213.0,1,0,9.5,75545.0,0.03590627153687113
5490,L52669,L,302.6,312.1,1499.0,35.0,215.0,0,0,9.5,52465.0,0.023333333333333334
5491,L52670,L,302.6,312.1,1288.0,68.5,0.0,1,0,9.5,88228.0,0.053141970519782776
5492,M20351,M,302.7,312.2,1350.0,58.6,2.0,0,0,9.5,79110.0,0.04337527757216877
5493,M20352,M,302.9,312.4,1334.0,50.9,5.0,0,0,9.5,67900.59999999999,0.038127340823970034
5494,L52673,L,302.8,312.4,1376.0,57.1,8.0,0,0,9.599999999999966,78569.6,0.04146695715323166
5495,L52674,L,302.8,312.4,1368.0,49.5,10.0,0,0,9.599999999999966,67716.0,0.03615777940102265
5496,H34909,H,302.9,312.5,1357.0,55.0,12.0,0,0,9.600000000000023,74635.0,0.04050073637702504
5497,M20356,M,302.9,312.5,1924.0,24.0,17.0,0,0,9.600000000000023,46176.0,0.012467532467532468
5498,M20357,M,302.9,312.5,1551.0,40.0,20.0,0,0,9.600000000000023,62040.0,0.02577319587628866
5499,M20358,M,302.9,312.5,1903.0,21.2,23.0,0,0,9.600000000000023,40343.6,0.011134453781512605
5500,H34913,H,302.9,312.3,1417.0,48.7,26.0,0,0,9.400000000000034,69007.90000000001,0.0343441466854725
5501,L52680,L,302.7,312.1,1601.0,35.2,31.0,0,0,9.400000000000034,56355.200000000004,0.021972534332084896
5502,L52681,L,302.7,312.1,1543.0,37.5,33.0,0,0,9.400000000000034,57862.5,0.024287564766839378
5503,L52682,L,302.6,312.1,1439.0,52.3,108.0,0,0,9.5,75259.7,0.036319444444444446
5504,H34917,H,302.6,312.0,1657.0,29.3,37.0,0,0,9.399999999999977,48550.1,0.01767189384800965
5505,L52684,L,302.8,312.2,1458.0,51.0,42.0,0,0,9.399999999999977,74358.0,0.03495544893762851
5506,L52685,L,302.8,312.2,1746.0,27.4,44.0,0,0,9.399999999999977,47840.399999999994,0.015684029765311962
5507,L52686,L,302.9,312.2,1677.0,30.5,46.0,0,0,9.300000000000011,51148.5,0.018176400476758045
5508,L52687,L,302.8,312.1,1520.0,39.9,48.0,0,0,9.300000000000011,60648.0,0.026232741617357003
5509,L52688,L,302.9,312.2,1367.0,55.1,50.0,0,0,9.300000000000011,75321.7,0.04027777777777778
5510,L52689,L,302.8,312.2,1509.0,36.5,52.0,0,0,9.399999999999977,55078.5,0.024172185430463577
5511,L52690,L,302.8,312.1,1418.0,51.4,54.0,0,0,9.300000000000011,72885.2,0.03622269203664552
5512,L52691,L,302.8,312.1,1958.0,20.3,56.0,0,0,9.300000000000011,39747.4,0.010362429811128128
5513,L52692,L,302.8,312.2,1682.0,30.9,58.0,0,0,9.399999999999977,51973.799999999996,0.018360071301247772
5514,M20373,M,302.8,312.2,1452.0,50.3,60.0,0,0,9.399999999999977,73035.59999999999,0.0346180316586373
5515,L52694,L,302.7,312.0,1828.0,24.0,63.0,0,0,9.300000000000011,43872.0,0.013121924548933843
5516,H34929,H,302.7,312.0,1484.0,41.5,65.0,0,0,9.300000000000011,61586.0,0.027946127946127945
5517,L52696,L,302.6,312.0,1674.0,32.2,70.0,0,0,9.399999999999977,53902.8,0.019223880597014926
5518,L52697,L,302.6,311.9,1448.0,49.5,72.0,0,0,9.299999999999955,71676.0,0.034161490683229816
5519,M20378,M,302.5,311.8,2023.0,19.1,74.0,0,0,9.300000000000011,38639.3,0.009436758893280633
5520,L52699,L,302.5,311.9,1452.0,47.4,77.0,0,0,9.399999999999977,68824.8,0.03262216104611149
5521,M20380,M,302.6,312.0,1496.0,45.0,79.0,0,0,9.399999999999977,67320.0,0.03006012024048096
5522,L52701,L,302.6,311.9,1397.0,46.9,82.0,0,0,9.299999999999955,65519.299999999996,0.033547925608011446
5523,L52702,L,302.6,311.9,1453.0,39.1,84.0,0,0,9.299999999999955,56812.3,0.02689133425034388
5524,M20383,M,302.5,311.9,1524.0,34.8,86.0,0,0,9.399999999999977,53035.2,0.02281967213114754
5525,L52704,L,302.6,311.9,1633.0,30.9,89.0,0,0,9.299999999999955,50459.7,0.01891064871481028
5526,M20385,M,302.6,312.0,1363.0,45.7,91.0,0,0,9.399999999999977,62289.100000000006,0.033504398826979476
5527,L52706,L,302.5,311.9,1520.0,44.9,94.0,0,0,9.399999999999977,68248.0,0.029520052596975672
5528,M20387,M,302.5,311.9,1532.0,38.8,96.0,0,0,9.399999999999977,59441.6,0.025309849967384213
5529,L52708,L,302.4,311.8,1384.0,50.9,99.0,0,0,9.400000000000034,70445.59999999999,0.03675090252707581
5530,M20389,M,302.4,311.8,1539.0,39.9,101.0,0,0,9.400000000000034,61406.1,0.02590909090909091
5531,M20390,M,302.3,311.8,1355.0,50.1,104.0,0,0,9.5,67885.5,0.036946902654867254
5532,M20391,M,302.3,311.7,1504.0,37.3,107.0,0,0,9.399999999999977,56099.2,0.024784053156146176
5533,L52712,L,302.4,311.8,1476.0,46.6,110.0,0,0,9.400000000000034,68781.6,0.031550440081245766
5534,L52713,L,302.4,311.7,1721.0,26.9,112.0,0,0,9.300000000000011,46294.899999999994,0.01562137049941928
5535,M20394,L,302.3,311.7,1494.0,37.1,114.0,0,0,9.399999999999977,55427.4,0.024816053511705686
5536,L52715,L,302.3,311.7,1465.0,43.5,117.0,0,0,9.399999999999977,63727.5,0.029672578444747612
5537,M20396,M,302.3,311.8,1363.0,54.0,119.0,1,0,9.5,73602.0,0.039589442815249266
5538,L52717,L,302.4,311.8,1648.0,30.0,122.0,0,0,9.400000000000034,49440.0,0.018192844147968467
5539,M20398,M,302.3,311.8,1879.0,23.0,124.0,0,0,9.5,43217.0,0.01223404255319149
5540,H34953,H,302.3,311.7,1482.0,39.0,127.0,0,0,9.399999999999977,57798.0,0.026298044504383007
5541,L52720,L,302.4,311.8,1493.0,38.4,132.0,0,0,9.400000000000034,57331.2,0.025702811244979917
5542,L52721,L,302.4,311.8,1433.0,42.2,134.0,0,0,9.400000000000034,60472.600000000006,0.029428172942817295
5543,L52722,L,302.3,311.7,1400.0,41.6,136.0,0,0,9.399999999999977,58240.0,0.029693076374018558
5544,L52723,L,302.4,311.8,1255.0,59.0,138.0,0,0,9.400000000000034,74045.0,0.046974522292993634
5545,L52724,L,302.2,311.7,1471.0,45.6,140.0,0,0,9.5,67077.6,0.03097826086956522
5546,H34959,H,302.2,310.1,1357.0,44.2,142.0,0,0,7.900000000000034,59979.4,0.032547864506627396
5547,L52726,L,302.3,311.7,1453.0,41.2,147.0,0,0,9.399999999999977,59863.600000000006,0.02833562585969739
5548,M20407,M,302.3,311.7,1540.0,28.9,149.0,0,0,9.399999999999977,44506.0,0.018754055807916937
5549,L52728,L,302.3,311.8,1605.0,35.2,152.0,0,0,9.5,56496.00000000001,0.021917808219178082
5550,H34963,H,302.3,311.9,1374.0,52.4,154.0,0,0,9.599999999999966,71997.59999999999,0.038109090909090905
5551,M20410,M,302.3,311.9,1508.0,42.3,159.0,0,0,9.599999999999966,63788.399999999994,0.028031809145129222
5552,H34965,H,302.4,311.9,1366.0,47.3,162.0,0,0,9.5,64611.799999999996,0.0346013167520117
5553,H34966,H,302.5,312.0,1579.0,35.7,167.0,0,0,9.5,56370.3,0.02259493670886076
5554,L52733,L,302.5,311.9,1306.0,59.7,172.0,0,0,9.399999999999977,77968.2,0.04567712318286152
5555,M20414,M,302.5,312.0,1521.0,40.2,174.0,0,0,9.5,61144.200000000004,0.026412614980289094
5556,L52735,L,302.5,312.0,1411.0,44.2,177.0,0,0,9.5,62366.200000000004,0.03130311614730878
5557,H34970,H,302.5,312.0,1357.0,42.0,179.0,0,0,9.5,56994.0,0.030927835051546393
5558,M20417,M,302.5,312.0,1436.0,43.5,184.0,0,0,9.5,62466.0,0.030271398747390398
5559,L52738,L,302.5,311.9,1553.0,40.1,187.0,0,0,9.399999999999977,62275.3,0.025804375804375806
5560,M20419,M,302.5,312.0,1451.0,43.2,189.0,0,0,9.5,62683.200000000004,0.029752066115702483
5561,L52740,L,302.4,311.9,1541.0,37.9,192.0,0,0,9.5,58403.899999999994,0.02457846952010376
5562,M20421,M,302.3,311.7,1341.0,46.3,194.0,0,0,9.399999999999977,62088.299999999996,0.03450074515648286
5563,L52742,L,302.3,311.7,1648.0,32.1,197.0,0,0,9.399999999999977,52900.8,0.01946634323832626
5564,M20423,M,302.3,311.7,1640.0,31.5,199.0,0,0,9.399999999999977,51660.0,0.019195612431444242
5565,L52744,L,302.4,311.8,1416.0,46.1,202.0,0,0,9.400000000000034,65277.6,0.032533521524347214
5566,L52745,L,302.4,311.9,1671.0,29.9,204.0,0,0,9.5,49962.899999999994,0.017882775119617222
5567,L52746,L,302.4,312.0,1457.0,45.5,206.0,0,0,9.600000000000023,66293.5,0.031207133058984912
5568,M20427,M,302.5,312.0,1503.0,54.8,0.0,0,0,9.5,82364.4,0.036436170212765955
5569,L52748,L,302.5,312.1,1534.0,38.6,3.0,0,0,9.600000000000023,59212.4,0.02514657980456026
5570,L52749,L,302.4,312.0,1508.0,36.9,5.0,0,0,9.600000000000023,55645.2,0.02445328031809145
5571,M20430,M,302.4,312.1,1492.0,47.7,7.0,0,0,9.700000000000045,71168.40000000001,0.03194909578030811
5572,L52751,L,302.4,312.0,1562.0,37.9,10.0,0,0,9.600000000000023,59199.799999999996,0.024248240563019833
5573,L52752,L,302.4,312.0,1545.0,36.4,12.0,0,0,9.600000000000023,56238.0,0.02354463130659767
5574,L52753,L,302.5,312.2,1738.0,25.3,14.0,0,0,9.699999999999989,43971.4,0.014548591144335826
5575,L52754,L,302.4,312.0,1305.0,49.1,16.0,0,0,9.600000000000023,64075.5,0.03759571209800919
5576,H34989,H,302.4,312.0,1477.0,39.7,18.0,0,0,9.600000000000023,58636.9,0.026860622462787552
5577,H34990,H,302.4,312.0,1457.0,43.4,23.0,0,0,9.600000000000023,63233.799999999996,0.029766803840877914
5578,L52757,L,302.4,312.1,1455.0,40.4,28.0,0,0,9.700000000000045,58782.0,0.027747252747252746
5579,L52758,L,302.5,312.2,1574.0,38.7,30.0,0,0,9.699999999999989,60913.8,0.024571428571428574
5580,L52759,L,302.6,312.2,1695.0,27.1,32.0,0,0,9.599999999999966,45934.5,0.01597877358490566
5581,M20440,M,302.6,312.2,1458.0,38.8,34.0,0,0,9.599999999999966,56570.399999999994,0.02659355723098012
5582,M20441,M,302.5,312.1,1454.0,47.6,37.0,0,0,9.600000000000023,69210.40000000001,0.032714776632302406
5583,L52762,L,302.5,312.0,2052.0,18.9,40.0,0,0,9.5,38782.799999999996,0.009206039941548953
5584,L52763,L,302.5,312.0,1673.0,29.9,42.0,0,0,9.5,50022.7,0.017861409796893667
5585,L52764,L,302.4,311.9,1578.0,29.9,44.0,0,0,9.5,47182.2,0.018936035465484485
5586,M20445,M,302.5,312.0,1642.0,29.1,46.0,0,0,9.5,47782.200000000004,0.017711503347534997
5587,M20446,M,302.4,311.8,1557.0,31.5,49.0,0,0,9.400000000000034,49045.5,0.020218228498074454
5588,L52767,L,302.5,311.9,1481.0,42.9,52.0,0,0,9.399999999999977,63534.9,0.02894736842105263
5589,M20448,M,302.5,311.8,1566.0,37.6,54.0,0,0,9.300000000000011,58881.600000000006,0.023994894703254627
5590,M20449,M,302.5,311.9,1298.0,57.5,57.0,0,0,9.399999999999977,74635.0,0.04426481909160893
5591,M20450,M,302.5,311.9,1340.0,59.4,60.0,0,0,9.399999999999977,79596.0,0.04429530201342282
5592,L52771,L,302.5,312.0,1574.0,33.8,63.0,0,0,9.5,53201.2,0.021460317460317457
5593,L52772,L,302.5,311.9,1437.0,46.7,65.0,0,0,9.399999999999977,67107.90000000001,0.03247566063977747
5594,L52773,L,302.6,311.9,1354.0,48.0,67.0,0,0,9.299999999999955,64992.0,0.035424354243542434
5595,L52774,L,302.6,311.9,1598.0,35.5,69.0,0,0,9.299999999999955,56729.0,0.022201375859912446
5596,M20455,M,302.7,312.0,1944.0,21.4,71.0,0,0,9.300000000000011,41601.6,0.011002570694087404
5597,M20456,M,302.7,312.0,1538.0,36.7,74.0,0,0,9.300000000000011,56444.600000000006,0.023846653671215075
5598,L52777,L,302.7,312.0,1501.0,37.0,77.0,0,0,9.300000000000011,55537.0,0.02463382157123835
5599,L52778,L,302.8,312.1,1441.0,52.1,79.0,0,0,9.300000000000011,75076.1,0.036130374479889045
5600,M20459,H,302.7,312.0,1652.0,31.0,81.0,0,0,9.300000000000011,51212.0,0.018753781004234724
5601,L52780,L,302.8,312.1,1487.0,36.6,84.0,0,0,9.300000000000011,54424.200000000004,0.024596774193548387
5602,L52781,L,302.9,312.2,1605.0,33.9,86.0,0,0,9.300000000000011,54409.5,0.021108343711083437
5603,L52782,L,302.9,312.1,1334.0,54.7,88.0,0,0,9.200000000000045,72969.8,0.040973782771535586
5604,L52783,L,302.9,312.2,1340.0,57.8,90.0,0,0,9.300000000000011,77452.0,0.04310216256524981
5605,L52784,L,302.9,312.2,1513.0,40.1,92.0,0,0,9.300000000000011,60671.3,0.026486129458388376
5606,L52785,L,302.9,312.2,1510.0,41.4,94.0,0,0,9.300000000000011,62514.0,0.027399073461283917
5607,L52786,L,302.9,312.2,1729.0,23.6,96.0,0,0,9.300000000000011,40804.4,0.013641618497109827
5608,M20467,M,302.9,312.2,1745.0,25.5,98.0,0,0,9.300000000000011,44497.5,0.014604810996563574
5609,M20468,M,303.1,312.3,1623.0,31.6,101.0,0,0,9.199999999999989,51286.8,0.019458128078817735
5610,M20469,M,303.1,312.4,1378.0,50.1,104.0,0,0,9.299999999999955,69037.8,0.03633067440174039
5611,L52790,L,303.1,312.4,1407.0,41.2,107.0,0,0,9.299999999999955,57968.4,0.029261363636363637
5612,M20471,M,300.1,312.3,1674.0,29.5,109.0,0,0,12.199999999999989,49383.0,0.01761194029850746
5613,L52792,L,303.0,312.3,1486.0,42.4,112.0,0,0,9.300000000000011,63006.4,0.0285137861466039
5614,M20473,M,303.0,312.3,1483.0,38.8,114.0,0,0,9.300000000000011,57540.399999999994,0.0261455525606469
5615,H35028,H,303.0,312.2,1624.0,28.8,117.0,0,0,9.199999999999989,46771.200000000004,0.017723076923076925
5616,M20475,M,303.0,312.2,1257.0,71.3,122.0,1,0,9.199999999999989,89624.09999999999,0.05667726550079491
5617,L52796,L,303.0,312.3,1480.0,41.4,125.0,0,0,9.300000000000011,61272.0,0.027954085077650237
5618,L52797,L,303.1,312.4,1404.0,61.5,127.0,1,0,9.299999999999955,86346.0,0.043772241992882564
5619,M20478,M,303.0,312.4,1645.0,29.6,129.0,0,0,9.399999999999977,48692.0,0.017982989064398543
5620,L52799,L,303.0,312.3,1932.0,21.9,132.0,0,0,9.300000000000011,42310.799999999996,0.011329539575788928
5621,L52800,L,303.0,312.3,1533.0,38.5,134.0,0,0,9.300000000000011,59020.5,0.025097783572359842
5622,M20481,M,302.9,312.2,1292.0,54.4,136.0,0,0,9.300000000000011,70284.8,0.04207269914926527
5623,L52802,L,302.9,312.2,1571.0,40.6,139.0,0,0,9.300000000000011,63782.600000000006,0.02582697201017812
5624,L52803,L,302.9,312.3,1578.0,36.3,141.0,0,0,9.400000000000034,57281.399999999994,0.02298923369221026
5625,M20484,M,302.8,312.2,1469.0,36.9,143.0,0,0,9.399999999999977,54206.1,0.02510204081632653
5626,L52805,L,302.7,312.1,1728.0,24.4,146.0,0,0,9.400000000000034,42163.2,0.014112203585887795
5627,H35040,H,302.7,310.1,1603.0,32.5,148.0,0,0,7.400000000000034,52097.5,0.020261845386533667
5628,L52807,L,302.7,312.1,1597.0,39.8,153.0,0,0,9.400000000000034,63560.6,0.02490613266583229
5629,L52808,L,302.7,312.1,1688.0,32.0,155.0,0,0,9.400000000000034,54016.0,0.018946121965660152
5630,L52809,L,302.7,312.2,1405.0,51.4,157.0,0,0,9.5,72217.0,0.03655761024182077
5631,M20490,M,302.8,312.2,1615.0,32.9,159.0,0,0,9.399999999999977,53133.5,0.02035891089108911
5632,L52811,L,302.8,312.2,1515.0,36.8,162.0,0,0,9.399999999999977,55751.99999999999,0.024274406332453823
5633,L52812,L,302.7,312.2,1376.0,52.8,164.0,0,0,9.5,72652.8,0.0383442265795207
5634,L52813,L,302.7,312.2,1447.0,47.5,166.0,0,0,9.5,68732.5,0.03280386740331492
5635,M20494,M,302.6,312.2,1353.0,56.5,168.0,0,0,9.599999999999966,76444.5,0.04172821270310192
5636,L52815,L,302.6,312.1,1502.0,47.3,171.0,0,0,9.5,71044.59999999999,0.03147039254823686
5637,L52816,L,302.6,312.0,1447.0,45.5,173.0,0,0,9.399999999999977,65838.5,0.03142265193370166
5638,M20497,M,302.5,312.0,1487.0,46.1,175.0,0,0,9.5,68550.7,0.030981182795698926
5639,L52818,L,302.6,312.1,1519.0,38.1,178.0,0,0,9.5,57873.9,0.02506578947368421
5640,L52819,L,302.6,312.1,1668.0,28.7,180.0,0,0,9.5,47871.6,0.01719592570401438
5641,L52820,L,302.6,312.1,1420.0,51.6,182.0,0,0,9.5,73272.0,0.03631245601688952
5642,L52821,L,302.6,312.1,1473.0,37.3,184.0,0,0,9.5,54942.899999999994,0.02530529172320217
5643,L52822,L,302.5,312.0,1495.0,38.8,186.0,0,0,9.5,58005.99999999999,0.025935828877005344
5644,L52823,L,302.5,312.0,1574.0,42.0,188.0,0,0,9.5,66108.0,0.02666666666666667
5645,L52824,L,302.5,312.0,1383.0,51.3,190.0,0,0,9.5,70947.9,0.037066473988439305
5646,M20505,M,302.5,312.0,1591.0,29.4,192.0,0,0,9.5,46775.399999999994,0.018467336683417084
5647,M20506,M,302.4,311.8,1644.0,37.2,195.0,0,0,9.400000000000034,61156.8,0.022613981762917935
5648,H35061,H,302.5,311.8,2370.0,14.7,198.0,0,0,9.300000000000011,34839.0,0.006199915647406158
5649,L52828,L,302.5,311.9,1401.0,44.9,203.0,0,0,9.399999999999977,62904.9,0.03202567760342368
5650,M20509,M,302.5,311.9,1414.0,51.6,205.0,0,0,9.399999999999977,72962.40000000001,0.036466431095406364
5651,L52830,L,302.5,312.0,1456.0,46.3,208.0,0,0,9.5,67412.8,0.03177762525737817
5652,M20511,M,302.5,312.0,1447.0,45.7,210.0,0,0,9.5,66127.90000000001,0.03156077348066298
5653,L52832,L,302.4,311.8,1727.0,26.5,213.0,0,0,9.400000000000034,45765.5,0.015335648148148149
5654,L52833,L,302.4,311.7,1495.0,36.8,215.0,0,0,9.300000000000011,55015.99999999999,0.02459893048128342
5655,L52834,L,302.3,311.6,1544.0,34.3,0.0,0,0,9.300000000000011,52959.2,0.022200647249190936
5656,L52835,L,302.3,311.5,1387.0,47.3,2.0,0,0,9.199999999999989,65605.09999999999,0.034077809798270894
5657,M20516,M,302.3,311.5,1316.0,47.2,4.0,0,0,9.199999999999989,62115.200000000004,0.03583902809415338
5658,L52837,L,302.3,311.5,1794.0,26.1,7.0,0,0,9.199999999999989,46823.4,0.014540389972144848
5659,M20518,M,302.2,311.4,1372.0,55.1,9.0,0,0,9.199999999999989,75597.2,0.04013109978150037
5660,M20519,M,302.3,311.5,1674.0,30.0,12.0,0,0,9.199999999999989,50220.0,0.01791044776119403
5661,L52840,L,302.2,311.4,1477.0,41.7,15.0,0,0,9.199999999999989,61590.9,0.028213802435723953
5662,L52841,L,302.2,311.4,1397.0,53.0,17.0,0,0,9.199999999999989,74041.0,0.03791130185979971
5663,L52842,L,302.2,311.5,1616.0,34.0,19.0,0,0,9.300000000000011,54944.0,0.021026592455163882
5664,M20523,M,302.3,311.5,1530.0,42.3,21.0,0,0,9.199999999999989,64718.99999999999,0.02762900065316786
5665,M20524,M,302.2,311.4,1539.0,40.1,24.0,0,0,9.199999999999989,61713.9,0.02603896103896104
5666,L52845,L,302.3,311.4,1845.0,21.9,27.0,0,0,9.099999999999966,40405.5,0.011863488624052003
5667,L52846,L,302.2,311.4,1430.0,43.1,29.0,0,0,9.199999999999989,61633.0,0.030118798043326345
5668,L52847,L,302.2,311.4,2080.0,19.2,31.0,0,0,9.199999999999989,39936.0,0.009226333493512734
5669,M20528,M,302.2,311.4,1432.0,45.3,33.0,0,0,9.199999999999989,64869.6,0.03161200279134682
5670,M20529,M,302.2,311.5,1479.0,39.5,36.0,0,0,9.300000000000011,58420.5,0.02668918918918919
5671,L52850,L,302.2,311.5,1424.0,45.2,39.0,0,0,9.300000000000011,64364.8,0.031719298245614036
5672,H35085,H,302.2,311.6,1534.0,37.2,41.0,0,0,9.400000000000034,57064.8,0.02423452768729642
5673,H35086,H,302.1,311.6,1701.0,26.2,46.0,0,0,9.5,44566.2,0.015393654524089306
5674,L52853,L,302.2,311.6,1462.0,50.0,51.0,0,0,9.400000000000034,73100.0,0.03417634996582365
5675,M20534,M,302.2,311.7,1393.0,42.5,53.0,0,0,9.5,59202.5,0.03048780487804878
5676,M20535,M,302.3,311.7,1453.0,42.5,56.0,0,0,9.399999999999977,61752.5,0.02922971114167813
5677,L52856,L,302.3,311.8,1565.0,37.8,59.0,0,0,9.5,59156.99999999999,0.02413793103448276
5678,L52857,L,302.3,311.8,1281.0,51.7,61.0,0,0,9.5,66227.7,0.040327613104524186
5679,M20538,M,302.2,311.7,1584.0,36.2,63.0,0,0,9.5,57340.8,0.022839116719242904
5680,M20539,M,302.2,311.7,1466.0,49.0,66.0,0,0,9.5,71834.0,0.033401499659168374
5681,M20540,M,302.2,311.6,1386.0,50.5,69.0,0,0,9.400000000000034,69993.0,0.036409516943042536
5682,L52861,L,302.2,311.6,1383.0,44.3,72.0,0,0,9.400000000000034,61266.899999999994,0.032008670520231215
5683,H35096,H,302.3,311.6,1441.0,53.9,74.0,0,0,9.300000000000011,77669.9,0.03737864077669903
5684,M20543,M,302.2,311.6,1592.0,37.7,79.0,0,0,9.400000000000034,60018.4,0.02366603892027621
5685,H35098,H,302.2,311.6,1594.0,36.8,82.0,0,0,9.400000000000034,58659.2,0.023072100313479622
5686,L52865,L,302.2,311.5,1482.0,45.6,87.0,0,0,9.300000000000011,67579.2,0.03074848280512475
5687,L52866,L,302.2,311.6,1658.0,31.4,89.0,0,0,9.400000000000034,52061.2,0.01892706449668475
5688,L52867,L,302.3,311.7,2170.0,18.2,91.0,0,0,9.399999999999977,39494.0,0.008383233532934131
5689,M20548,M,302.3,311.7,1423.0,44.6,93.0,0,0,9.399999999999977,63465.8,0.03132022471910113
5690,L52869,L,302.4,311.8,1543.0,31.1,96.0,0,0,9.400000000000034,47987.3,0.020142487046632126
5691,L52870,L,302.3,311.8,1435.0,44.8,98.0,0,0,9.5,64287.99999999999,0.03119777158774373
5692,L52871,L,302.4,311.8,1320.0,56.4,100.0,0,0,9.400000000000034,74448.0,0.042694928084784256
5693,M20552,M,302.4,311.9,1313.0,55.7,102.0,0,0,9.5,73134.1,0.0423896499238965
5694,M20553,M,302.4,311.8,1453.0,42.1,105.0,0,0,9.400000000000034,61171.3,0.028954607977991747
5695,L52874,L,302.4,311.8,1508.0,45.7,108.0,0,0,9.400000000000034,68915.6,0.03028495692511597
5696,L52875,L,302.4,311.8,1451.0,42.0,110.0,0,0,9.400000000000034,60942.0,0.028925619834710745
5697,H35110,H,302.5,311.9,1595.0,34.6,112.0,0,0,9.399999999999977,55187.0,0.021679197994987468
5698,L52877,L,302.5,311.9,1354.0,49.4,117.0,0,0,9.399999999999977,66887.59999999999,0.03645756457564576
5699,L52878,L,302.5,311.9,1265.0,59.8,119.0,0,0,9.399999999999977,75647.0,0.047235387045813586
5700,L52879,L,302.4,311.9,1867.0,25.9,121.0,0,0,9.5,48355.299999999996,0.01386509635974304
5701,L52880,L,302.5,311.9,1497.0,41.6,123.0,0,0,9.399999999999977,62275.200000000004,0.027770360480640854
5702,M20561,M,302.5,311.9,1347.0,54.3,125.0,0,0,9.399999999999977,73142.09999999999,0.04028189910979228
5703,L52882,L,302.3,311.7,1544.0,43.2,128.0,0,0,9.399999999999977,66700.8,0.02796116504854369
5704,H35117,H,302.3,311.7,1456.0,45.4,130.0,0,0,9.399999999999977,66102.4,0.03115991763898421
5705,L52884,L,302.5,311.8,1335.0,52.7,135.0,0,0,9.300000000000011,70354.5,0.03944610778443114
5706,L52885,L,302.4,311.9,1452.0,43.1,137.0,0,0,9.5,62581.200000000004,0.029662766689607708
5707,L52886,L,302.4,311.9,1290.0,70.0,139.0,1,0,9.5,90300.0,0.054221533694810226
5708,L52887,L,302.4,311.8,1448.0,43.4,141.0,0,0,9.400000000000034,62843.2,0.02995169082125604
5709,L52888,L,302.3,311.7,1611.0,38.6,143.0,0,0,9.399999999999977,62184.600000000006,0.023945409429280397
5710,L52889,L,302.2,311.7,1556.0,38.6,145.0,0,0,9.5,60061.600000000006,0.024791265253693
5711,H35124,H,302.2,310.1,1413.0,46.5,147.0,0,0,7.900000000000034,65704.5,0.03288543140028288
5712,L52891,L,302.2,311.6,1545.0,35.9,152.0,0,0,9.400000000000034,55465.5,0.023221216041397152
5713,L52892,L,302.2,311.7,1330.0,54.6,154.0,0,0,9.5,72618.0,0.04102178812922615
5714,L52893,L,302.2,311.9,1596.0,38.0,156.0,0,0,9.699999999999989,60648.0,0.023794614902943018
5715,L52894,L,302.2,311.8,1618.0,36.0,158.0,0,0,9.600000000000023,58248.0,0.022235948116121063
5716,H35129,H,302.2,311.9,1597.0,35.8,160.0,0,0,9.699999999999989,57172.6,0.022403003754693365
5717,L52896,L,302.3,312.0,1354.0,52.2,165.0,0,0,9.699999999999989,70678.8,0.0385239852398524
5718,L52897,L,302.3,312.0,1746.0,28.1,167.0,0,0,9.699999999999989,49062.600000000006,0.016084716657126505
5719,L52898,L,302.4,312.0,1621.0,32.5,169.0,0,0,9.600000000000023,52682.5,0.020036991368680642
5720,L52899,L,302.3,312.0,1398.0,43.3,171.0,0,0,9.699999999999989,60533.399999999994,0.030950679056468904
5721,L52900,L,302.3,311.9,1434.0,51.9,173.0,0,0,9.599999999999966,74424.59999999999,0.03616724738675958
5722,M20581,M,302.3,311.8,1443.0,40.1,175.0,0,0,9.5,57864.3,0.027770083102493077
5723,L52902,L,302.2,311.7,1488.0,44.6,178.0,0,0,9.5,66364.8,0.029952988582941573
5724,M20583,M,302.3,311.8,1475.0,48.0,180.0,0,0,9.5,70800.0,0.032520325203252036
5725,L52904,L,302.3,311.8,1433.0,50.3,183.0,0,0,9.5,72079.9,0.03507670850767085
5726,M20585,M,302.3,311.8,1557.0,34.1,185.0,0,0,9.5,53093.700000000004,0.021887034659820285
5727,M20586,M,302.4,311.9,1398.0,50.1,188.0,0,0,9.5,70039.8,0.03581129378127234
5728,M20587,M,302.3,311.8,1559.0,34.4,191.0,0,0,9.5,53629.6,0.02205128205128205
5729,M20588,M,302.4,311.9,1422.0,46.4,194.0,0,0,9.5,65980.8,0.032607167955024594
5730,M20589,M,302.3,311.8,1463.0,35.7,197.0,0,0,9.5,52229.100000000006,0.024385245901639346
5731,L52910,L,302.3,311.7,1793.0,25.3,200.0,0,0,9.399999999999977,45362.9,0.014102564102564103
5732,L52911,L,302.2,311.6,1872.0,20.4,202.0,0,0,9.400000000000034,38188.799999999996,0.010891617725573944
5733,L52912,L,302.2,311.7,1412.0,44.5,204.0,0,0,9.5,62834.0,0.03149327671620665
5734,L52913,L,302.3,311.8,1487.0,43.2,206.0,0,0,9.5,64238.4,0.02903225806451613
5735,L52914,L,302.3,311.8,1369.0,56.2,208.0,1,0,9.5,76937.8,0.04102189781021898
5736,L52915,L,302.4,311.8,1673.0,40.1,210.0,0,0,9.400000000000034,67087.3,0.023954599761051375
5737,M20596,M,302.4,311.9,1439.0,36.6,212.0,0,0,9.5,52667.4,0.025416666666666667
5738,L52917,L,302.3,311.8,1574.0,42.8,215.0,0,0,9.5,67367.2,0.027174603174603174
5739,L52918,L,302.3,311.7,1281.0,48.8,0.0,0,0,9.399999999999977,62512.799999999996,0.03806552262090483
5740,M20599,M,302.2,311.7,1653.0,31.4,2.0,0,0,9.5,51904.2,0.01898428053204353
5741,M20600,M,302.3,311.7,1535.0,38.3,5.0,0,0,9.399999999999977,58790.49999999999,0.02493489583333333
5742,M20601,M,302.3,311.7,1483.0,40.5,8.0,0,0,9.399999999999977,60061.5,0.0272911051212938
5743,L52922,L,302.3,311.7,1414.0,47.0,11.0,0,0,9.399999999999977,66458.0,0.033215547703180213
5744,M20603,M,302.2,311.6,1379.0,42.9,13.0,0,0,9.400000000000034,59159.1,0.03108695652173913
5745,H35158,H,302.2,311.5,1482.0,42.6,16.0,0,0,9.300000000000011,63133.200000000004,0.028725556304787594
5746,L52925,L,302.1,311.5,1987.0,20.1,21.0,0,0,9.399999999999977,39938.700000000004,0.010110663983903421
5747,M20606,M,302.1,311.5,1635.0,31.6,23.0,0,0,9.399999999999977,51666.0,0.019315403422982887
5748,L52927,L,302.1,311.5,1533.0,39.4,26.0,0,0,9.399999999999977,60400.2,0.025684485006518903
5749,M20608,M,302.2,311.7,1576.0,34.0,28.0,0,0,9.5,53584.0,0.02155992390615092
5750,H35163,H,302.2,311.8,1330.0,62.4,31.0,0,0,9.600000000000023,82992.0,0.04688204357625845
5751,L52930,L,302.2,311.8,1981.0,21.8,36.0,0,0,9.600000000000023,43185.8,0.01099899091826438
5752,H35165,H,302.3,311.8,1475.0,42.8,38.0,0,0,9.5,63129.99999999999,0.02899728997289973
5753,H35166,H,302.3,311.8,1804.0,25.0,43.0,0,0,9.5,45100.0,0.013850415512465374
5754,L52933,L,302.2,311.6,1416.0,54.1,48.0,0,0,9.400000000000034,76605.6,0.03817925194071983
5755,L52934,L,302.1,311.5,1727.0,27.7,50.0,0,0,9.399999999999977,47837.9,0.016030092592592592
5756,L52935,L,302.1,311.4,1391.0,49.2,52.0,0,0,9.299999999999955,68437.2,0.0353448275862069
5757,M20616,M,302.0,311.5,1366.0,52.3,54.0,0,0,9.5,71441.8,0.03825896122896854
5758,L52937,L,301.9,311.3,1366.0,55.6,57.0,0,0,9.400000000000034,75949.6,0.04067300658376006
5759,L52938,L,301.9,311.3,1501.0,40.8,59.0,0,0,9.400000000000034,61240.799999999996,0.027163781624500664
5760,L52939,L,301.8,311.3,1551.0,35.8,61.0,0,0,9.5,55525.799999999996,0.02306701030927835
5761,M20620,M,301.9,311.3,1522.0,35.6,63.0,0,0,9.400000000000034,54183.200000000004,0.023374917925147735
5762,L52941,L,301.9,311.2,1369.0,49.8,66.0,0,0,9.300000000000011,68176.2,0.03635036496350365
5763,L52942,L,301.8,311.2,1334.0,52.3,68.0,0,0,9.399999999999977,69768.2,0.039176029962546814
5764,H35177,H,301.8,311.2,1451.0,39.4,70.0,0,0,9.399999999999977,57169.4,0.027134986225895316
5765,L52944,L,301.7,311.2,1589.0,37.9,75.0,0,0,9.5,60223.1,0.023836477987421383
5766,L52945,L,301.7,311.3,1708.0,30.5,77.0,0,0,9.600000000000023,52094.0,0.017846693973083673
5767,M20626,M,301.7,311.2,1413.0,42.6,79.0,0,0,9.5,60193.8,0.03012729844413013
5768,M20627,M,301.6,311.2,1415.0,46.5,82.0,0,0,9.599999999999966,65797.5,0.03283898305084746
5769,L52948,L,301.7,311.3,1421.0,45.9,85.0,0,0,9.600000000000023,65223.9,0.032278481012658226
5770,L52949,L,301.7,311.3,1348.0,51.0,87.0,0,0,9.600000000000023,68748.0,0.03780578206078577
5771,L52950,L,301.6,311.2,1408.0,42.9,89.0,0,0,9.599999999999966,60403.2,0.030447125621007806
5772,L52951,L,300.1,311.2,1525.0,43.7,91.0,0,0,11.099999999999966,66642.5,0.028636959370904328
5773,L52952,L,301.6,311.3,1706.0,29.9,93.0,0,0,9.699999999999989,51009.399999999994,0.017516110134739308
5774,H35187,H,301.6,311.2,1395.0,46.8,95.0,0,0,9.599999999999966,65285.99999999999,0.0335243553008596
5775,L52954,L,301.5,311.1,1602.0,34.3,100.0,0,0,9.600000000000023,54948.6,0.021397379912663755
5776,L52955,L,301.6,311.1,1907.0,21.5,102.0,0,0,9.5,41000.5,0.011268343815513627
5777,L52956,L,301.6,311.1,1325.0,49.2,104.0,0,0,9.5,65190.00000000001,0.037104072398190045
5778,L52957,L,301.6,311.1,1408.0,44.4,106.0,0,0,9.5,62515.2,0.031511710432931155
5779,M20638,M,301.7,311.1,1489.0,41.4,108.0,0,0,9.400000000000034,61644.6,0.027785234899328857
5780,L52959,L,301.6,311.1,1680.0,29.2,111.0,0,0,9.5,49056.0,0.01737061273051755
5781,L52960,L,301.7,311.2,1517.0,42.4,113.0,0,0,9.5,64320.799999999996,0.02793148880105402
5782,M20641,M,301.7,311.1,1618.0,36.7,115.0,0,0,9.400000000000034,59380.600000000006,0.02266831377393453
5783,L52962,L,301.7,311.1,1455.0,39.8,118.0,0,0,9.400000000000034,57908.99999999999,0.02733516483516483
5784,H35197,H,301.8,311.1,1543.0,36.4,120.0,0,0,9.300000000000011,56165.2,0.023575129533678754
5785,M20644,M,301.8,311.1,1399.0,41.8,125.0,0,0,9.300000000000011,58478.2,0.029857142857142856
5786,L52965,L,301.7,311.1,1469.0,37.2,128.0,0,0,9.400000000000034,54646.8,0.025306122448979593
5787,L52966,L,301.7,311.2,1521.0,36.7,130.0,0,0,9.5,55820.700000000004,0.02411300919842313
5788,L52967,L,301.7,311.3,1584.0,38.8,132.0,0,0,9.600000000000023,61459.2,0.0244794952681388
5789,L52968,L,300.1,311.5,1443.0,43.3,134.0,0,0,11.399999999999977,62481.899999999994,0.02998614958448753
5790,M20649,M,301.8,311.5,1416.0,49.0,136.0,0,0,9.699999999999989,69384.0,0.03458009880028229
5791,M20650,M,301.7,311.2,1563.0,34.5,139.0,0,0,9.5,53923.5,0.022058823529411766
5792,M20651,M,301.8,311.3,1542.0,40.1,142.0,0,0,9.5,61834.200000000004,0.025988334413480235
5793,M20652,M,301.8,311.3,1624.0,31.6,145.0,0,0,9.5,51318.4,0.019446153846153846
5794,L52973,L,301.8,311.3,1471.0,44.2,148.0,0,0,9.5,65018.200000000004,0.030027173913043482
5795,M20654,M,301.9,311.5,1492.0,40.8,150.0,0,0,9.600000000000023,60873.6,0.027327528466175484
5796,M20655,M,301.9,311.4,1465.0,39.9,153.0,0,0,9.5,58453.5,0.027216916780354705
5797,L52976,L,301.7,311.1,1399.0,55.1,156.0,0,0,9.400000000000034,77084.90000000001,0.03935714285714286
5798,L52977,L,301.6,311.0,1431.0,42.6,158.0,0,0,9.399999999999977,60960.6,0.029748603351955307
5799,L52978,L,301.5,310.9,1600.0,39.0,160.0,0,0,9.399999999999977,62400.0,0.024359775140537165
5800,L52979,L,301.5,310.8,1593.0,34.5,162.0,0,0,9.300000000000011,54958.5,0.02164366373902133
5801,L52980,L,301.5,310.9,1469.0,44.7,164.0,0,0,9.399999999999977,65664.3,0.030408163265306123
5802,L52981,L,301.5,310.8,1413.0,44.6,166.0,0,0,9.300000000000011,63019.8,0.03154172560113154
5803,L52982,L,301.4,310.8,1490.0,38.0,168.0,0,0,9.400000000000034,56620.0,0.025486250838363516
5804,L52983,L,301.5,310.9,1671.0,31.1,170.0,0,0,9.399999999999977,51968.100000000006,0.018600478468899524
5805,L52984,L,301.5,310.9,1365.0,46.5,172.0,0,0,9.399999999999977,63472.5,0.03404099560761347
5806,M20665,M,301.4,310.9,1557.0,39.3,174.0,0,0,9.5,61190.1,0.025224646983311935
5807,L52986,L,301.4,310.9,1440.0,45.4,177.0,0,0,9.5,65376.0,0.031505898681471196
5808,M20667,M,301.4,310.9,1489.0,38.9,179.0,0,0,9.5,57922.1,0.02610738255033557
5809,L52988,L,301.4,311.0,1733.0,25.7,182.0,0,0,9.600000000000023,44538.1,0.014821222606689735
5810,H35223,H,301.3,311.0,1580.0,36.6,184.0,0,0,9.699999999999989,57828.0,0.02314990512333966
5811,L52990,L,301.3,311.0,1856.0,21.9,189.0,0,0,9.699999999999989,40646.399999999994,0.011793214862681744
5812,L52991,L,301.3,311.1,1454.0,40.3,191.0,0,0,9.800000000000011,58596.2,0.02769759450171821
5813,L52992,L,301.4,311.1,1495.0,36.3,193.0,0,0,9.700000000000045,54268.49999999999,0.024264705882352938
5814,L52993,L,301.2,311.0,1761.0,29.1,195.0,0,0,9.800000000000011,51245.100000000006,0.016515323496027242
5815,M20674,M,301.3,311.0,1402.0,47.5,197.0,0,0,9.699999999999989,66595.0,0.033856022808267994
5816,L52995,L,301.2,311.0,1670.0,33.0,200.0,0,0,9.800000000000011,55110.0,0.019748653500897665
5817,L52996,L,301.3,311.0,1582.0,35.6,202.0,0,0,9.699999999999989,56319.200000000004,0.022488945041061276
5818,L52997,L,301.3,311.0,1542.0,35.1,204.0,0,0,9.699999999999989,54124.200000000004,0.022747893713545044
5819,L52998,L,301.3,311.0,1539.0,36.9,206.0,0,0,9.699999999999989,56789.1,0.02396103896103896
5820,L52999,L,301.3,311.0,1418.0,41.9,208.0,0,0,9.699999999999989,59414.2,0.029527836504580688
5821,L53000,L,301.3,311.1,1723.0,27.6,210.0,0,0,9.800000000000011,47554.8,0.016009280742459397
5822,L53001,L,301.3,311.1,1303.0,49.2,212.0,0,0,9.800000000000011,64107.600000000006,0.037730061349693256
5823,M20682,M,301.3,310.1,1463.0,50.2,214.0,0,0,8.800000000000011,73442.6,0.0342896174863388
5824,L53003,L,301.2,311.0,1544.0,39.3,217.0,0,0,9.800000000000011,60679.2,0.025436893203883492
5825,L53004,L,301.2,311.0,1596.0,37.2,219.0,0,0,9.800000000000011,59371.200000000004,0.02329367564182843
5826,L53005,L,301.3,311.1,1413.0,42.0,221.0,0,0,9.800000000000011,59346.0,0.0297029702970297
5827,M20686,M,301.3,311.1,1492.0,41.2,223.0,0,0,9.800000000000011,61470.4,0.027595445411922305
5828,L53007,L,301.3,311.1,1624.0,40.9,0.0,0,0,9.800000000000011,66421.59999999999,0.025169230769230767
5829,L53008,L,301.3,311.1,1504.0,39.1,2.0,0,0,9.800000000000011,58806.4,0.025980066445182724
5830,M20689,M,301.2,311.1,1574.0,34.3,4.0,0,0,9.900000000000034,53988.2,0.021777777777777774
5831,M20690,M,301.3,311.2,1438.0,42.4,7.0,0,0,9.899999999999977,60971.2,0.02946490618485059
5832,L53011,L,301.3,311.3,1474.0,50.7,10.0,0,0,10.0,74731.8,0.03437288135593221
5833,L53012,L,301.3,311.2,1675.0,32.1,12.0,0,0,9.899999999999977,53767.5,0.0191527446300716
5834,L53013,H,301.3,311.2,1457.0,44.5,14.0,0,0,9.899999999999977,64836.5,0.030521262002743483
5835,L53014,L,301.3,311.3,1434.0,49.8,16.0,0,0,10.0,71413.2,0.03470383275261324
5836,L53015,L,301.3,311.2,1668.0,30.1,18.0,0,0,9.899999999999977,50206.8,0.018034751348112645
5837,L53016,L,301.2,311.1,1550.0,39.7,20.0,0,0,9.900000000000034,61535.00000000001,0.02559638942617666
5838,M20697,M,301.3,311.1,1834.0,25.4,22.0,0,0,9.800000000000011,46583.6,0.013841961852861035
5839,M20698,M,301.4,311.2,1476.0,36.5,25.0,0,0,9.800000000000011,53874.0,0.024712254570074477
5840,M20699,M,301.4,311.2,1541.0,36.3,28.0,0,0,9.800000000000011,55938.299999999996,0.023540856031128404
5841,M20700,M,301.3,311.1,1581.0,30.9,31.0,0,0,9.800000000000011,48852.899999999994,0.019532237673830593
5842,M20701,M,301.3,311.1,1678.0,30.7,34.0,0,0,9.800000000000011,51514.6,0.018284693269803455
5843,L53022,L,301.4,311.2,1355.0,50.6,37.0,0,0,9.800000000000011,68563.0,0.03731563421828909
5844,L53023,L,301.5,311.2,1700.0,28.8,39.0,0,0,9.699999999999989,48960.0,0.016931216931216932
5845,L53024,L,301.4,311.1,1462.0,37.1,41.0,0,0,9.700000000000045,54240.200000000004,0.02535885167464115
5846,M20705,M,301.4,311.2,1727.0,26.5,43.0,0,0,9.800000000000011,45765.5,0.015335648148148149
5847,L53026,L,301.4,311.3,1674.0,33.3,46.0,0,0,9.900000000000034,55744.2,0.01988059701492537
5848,L53027,L,301.4,311.3,1397.0,42.3,48.0,0,0,9.900000000000034,59093.1,0.030257510729613732
5849,L53028,L,301.4,311.3,2323.0,15.9,50.0,0,0,9.900000000000034,36935.700000000004,0.0068416523235800344
5850,M20709,M,301.4,311.2,1434.0,47.6,52.0,0,0,9.800000000000011,68258.40000000001,0.033170731707317075
5851,L53030,L,301.3,311.1,1560.0,35.3,55.0,0,0,9.800000000000011,55067.99999999999,0.02261370916079436
5852,L53031,L,301.2,311.0,1573.0,32.8,57.0,0,0,9.800000000000011,51594.399999999994,0.020838627700127062
5853,H35266,H,301.2,310.9,1798.0,22.3,59.0,0,0,9.699999999999989,40095.4,0.012395775430794887
5854,L53033,L,301.2,311.0,1567.0,35.1,64.0,0,0,9.800000000000011,55001.700000000004,0.022385204081632654
5855,L53034,L,301.2,310.9,1416.0,53.3,66.0,0,0,9.699999999999989,75472.8,0.037614678899082564
5856,M20715,M,301.2,310.9,1424.0,45.2,68.0,0,0,9.699999999999989,64364.8,0.031719298245614036
5857,H35270,H,301.2,310.9,1598.0,35.9,71.0,0,0,9.699999999999989,57368.2,0.022451532207629767
5858,L53037,L,301.3,310.9,1760.0,23.9,76.0,0,0,9.599999999999966,42064.0,0.01357183418512209
5859,L53038,L,301.3,311.0,1348.0,44.5,78.0,0,0,9.699999999999989,59986.0,0.032987398072646404
5860,L53039,L,301.3,311.0,1542.0,33.6,80.0,0,0,9.699999999999989,51811.200000000004,0.021775761503564486
5861,L53040,L,301.3,310.9,1566.0,33.1,82.0,0,0,9.599999999999966,51834.600000000006,0.021123165283982132
5862,L53041,L,301.3,311.0,1554.0,47.7,84.0,0,0,9.699999999999989,74125.8,0.030675241157556273
5863,L53042,L,301.4,311.0,1470.0,40.6,86.0,0,0,9.600000000000023,59682.0,0.02760027192386132
5864,M20723,M,301.4,311.1,1758.0,25.4,88.0,0,0,9.700000000000045,44653.2,0.01444002274019329
5865,M20724,M,301.4,311.0,1486.0,36.5,91.0,0,0,9.600000000000023,54239.0,0.024546065904505716
5866,M20725,M,301.5,311.1,1402.0,40.0,94.0,0,0,9.600000000000023,56080.0,0.02851033499643621
5867,L53046,L,301.5,311.1,1459.0,45.1,97.0,0,0,9.600000000000023,65800.90000000001,0.03089041095890411
5868,L53047,L,301.5,311.0,1494.0,45.3,99.0,0,0,9.5,67678.2,0.030301003344481603
5869,L53048,L,301.5,311.1,1731.0,27.9,101.0,0,0,9.600000000000023,48294.899999999994,0.01610854503464203
5870,L53049,L,301.5,311.1,2076.0,18.7,103.0,0,0,9.600000000000023,38821.2,0.009003370245546462
5871,L53050,L,301.5,311.1,2055.0,16.8,105.0,0,0,9.600000000000023,34524.0,0.008171206225680934
5872,L53051,L,301.5,311.1,1469.0,49.5,107.0,0,0,9.600000000000023,72715.5,0.0336734693877551
5873,M20732,M,301.5,311.0,1504.0,42.6,109.0,0,0,9.5,64070.4,0.02830564784053156
5874,M20733,M,301.5,311.1,1396.0,43.5,112.0,0,0,9.600000000000023,60726.0,0.03113815318539728
5875,M20734,M,301.5,311.1,1660.0,33.8,115.0,0,0,9.600000000000023,56107.99999999999,0.020349187236604453
5876,M20735,M,301.5,311.0,1577.0,39.7,108.0,0,0,9.5,62606.9,0.025158428390367554
5877,L53056,L,301.5,311.1,1426.0,52.1,121.0,0,0,9.600000000000023,74294.6,0.036510161177295025
5878,L53057,L,301.5,311.1,1458.0,41.4,123.0,0,0,9.600000000000023,60361.2,0.028375599725839615
5879,L53058,M,301.4,311.0,1533.0,45.8,125.0,0,0,9.600000000000023,70211.4,0.029856584093872228
5880,L53059,L,301.4,311.0,1701.0,28.4,127.0,0,0,9.600000000000023,48308.399999999994,0.016686251468860165
5881,L53060,L,301.5,311.1,1434.0,49.6,129.0,0,0,9.600000000000023,71126.40000000001,0.03456445993031359
5882,L53061,L,301.4,311.1,1952.0,22.7,131.0,0,0,9.700000000000045,44310.4,0.011623143881208397
5883,L53062,L,301.4,311.1,1469.0,36.9,133.0,0,0,9.700000000000045,54206.1,0.02510204081632653
5884,L53063,L,301.4,311.1,1800.0,26.0,135.0,0,0,9.700000000000045,46800.0,0.014436424208772903
5885,M20744,M,301.3,311.1,1438.0,43.0,137.0,0,0,9.800000000000011,61834.0,0.029881862404447533
5886,L53065,L,301.3,311.1,1647.0,28.2,140.0,0,0,9.800000000000011,46445.4,0.01711165048543689
5887,L53066,L,301.4,311.1,1494.0,41.9,142.0,0,0,9.700000000000045,62598.6,0.028026755852842807
5888,H35301,H,301.4,311.1,1445.0,41.4,144.0,0,0,9.700000000000045,59823.0,0.02863070539419087
5889,M20748,M,301.5,311.1,1507.0,38.6,149.0,0,0,9.600000000000023,58170.200000000004,0.025596816976127323
5890,M20749,M,301.4,311.0,1234.0,55.8,152.0,0,0,9.600000000000023,68857.2,0.04518218623481781
5891,L53070,L,301.4,311.0,1634.0,32.6,155.0,0,0,9.600000000000023,53268.4,0.019938837920489297
5892,L53071,L,301.4,311.0,1334.0,53.3,157.0,0,0,9.600000000000023,71102.2,0.0399250936329588
5893,L53072,L,301.4,311.1,1472.0,44.5,159.0,0,0,9.700000000000045,65504.0,0.030210454854039375
5894,M20753,M,301.3,311.0,1410.0,52.7,161.0,0,0,9.699999999999989,74307.0,0.03734939759036145
5895,L53074,L,301.2,310.9,1597.0,37.9,164.0,0,0,9.699999999999989,60526.299999999996,0.023717146433041302
5896,M20755,M,301.2,310.9,1460.0,46.7,166.0,0,0,9.699999999999989,68182.0,0.031964407939767285
5897,L53076,L,301.1,310.8,1274.0,55.7,169.0,0,0,9.699999999999989,70961.8,0.043686274509803925
5898,M20757,M,301.0,310.7,1517.0,40.2,171.0,0,0,9.699999999999989,60983.4,0.02648221343873518
5899,L53078,L,301.0,310.7,1300.0,57.2,174.0,0,0,9.699999999999989,74360.0,0.04396617986164489
5900,H35313,H,300.9,310.6,1686.0,27.7,176.0,0,0,9.700000000000045,46702.2,0.016419679905157084
5901,M20760,M,300.9,310.7,1485.0,41.0,181.0,0,0,9.800000000000011,60885.0,0.02759084791386272
5902,L53081,L,301.0,310.7,1464.0,45.8,184.0,0,0,9.699999999999989,67051.2,0.03126279863481229
5903,L53082,L,300.9,310.6,1598.0,35.4,186.0,0,0,9.700000000000045,56569.2,0.022138836772983114
5904,L53083,L,300.9,310.5,1894.0,21.9,188.0,0,0,9.600000000000023,41478.6,0.011556728232189973
5905,M20764,M,300.8,310.5,1330.0,59.0,190.0,0,0,9.699999999999989,78470.0,0.04432757325319309
5906,H35319,H,300.8,310.5,1582.0,31.1,193.0,0,0,9.699999999999989,49200.200000000004,0.019646241313960835
5907,L53086,L,300.7,310.3,1533.0,35.6,198.0,0,0,9.600000000000023,54574.8,0.023207301173402868
5908,H35321,H,300.8,310.4,1419.0,46.4,200.0,0,0,9.599999999999966,65841.59999999999,0.03267605633802817
5909,M20768,M,300.8,310.3,1526.0,36.3,205.0,0,0,9.5,55393.799999999996,0.023772102161100195
5910,H35323,H,300.7,310.2,1364.0,65.3,208.0,1,1,9.5,89069.2,0.047838827838827834
5911,M20770,M,300.8,310.3,1458.0,43.4,0.0,0,0,9.5,63277.2,0.0297464016449623
5912,M20771,M,300.8,310.4,1288.0,64.0,3.0,0,0,9.599999999999966,82432.0,0.04965089216446858
5913,M20772,M,300.7,310.3,1659.0,29.8,6.0,0,0,9.600000000000023,49438.200000000004,0.017951807228915664
5914,H35327,H,300.7,310.2,1479.0,52.3,9.0,0,0,9.5,77351.7,0.03533783783783784
5915,L53094,L,300.7,310.3,1592.0,36.0,14.0,0,0,9.600000000000023,57312.0,0.022598870056497175
5916,M20775,M,300.6,310.2,1532.0,38.7,16.0,0,0,9.599999999999966,59288.4,0.025244618395303328
5917,L53096,L,300.6,310.2,1555.0,41.9,19.0,0,0,9.599999999999966,65154.5,0.0269280205655527
5918,L53097,L,300.6,310.2,1341.0,52.6,21.0,0,0,9.599999999999966,70536.6,0.03919523099850969
5919,L53098,L,300.6,310.1,1541.0,42.0,23.0,0,0,9.5,64722.0,0.027237354085603113
5920,L53099,L,300.6,310.3,1414.0,50.6,25.0,0,0,9.699999999999989,71548.40000000001,0.035759717314487634
5921,L53100,L,300.5,310.2,1764.0,25.9,27.0,0,0,9.699999999999989,45687.6,0.014674220963172804
5922,L53101,L,300.5,310.3,1336.0,57.1,29.0,0,0,9.800000000000011,76285.6,0.04270755422587883
5923,L53102,L,300.5,310.3,1435.0,43.3,31.0,0,0,9.800000000000011,62135.49999999999,0.03015320334261838
5924,M20783,M,300.4,310.3,1537.0,35.0,33.0,0,0,9.900000000000034,53795.0,0.022756827048114433
5925,L53104,L,300.3,310.2,1369.0,48.8,36.0,0,0,9.899999999999977,66807.2,0.03562043795620438
5926,M20785,M,300.2,310.1,1619.0,31.3,38.0,0,0,9.900000000000034,50674.700000000004,0.019320987654320988
5927,L53106,L,300.2,310.1,1440.0,51.1,41.0,0,0,9.900000000000034,73584.0,0.03546148507980569
5928,L53107,L,300.1,310.1,1649.0,30.5,43.0,0,0,10.0,50294.5,0.018484848484848486
5929,M20788,M,300.2,310.1,1550.0,38.7,45.0,0,0,9.900000000000034,59985.00000000001,0.024951644100580272
5930,L53109,L,300.3,310.2,1471.0,45.2,48.0,0,0,9.899999999999977,66489.2,0.030706521739130438
5931,L53110,L,300.3,310.3,1483.0,51.6,50.0,0,0,10.0,76522.8,0.03477088948787062
5932,L53111,L,300.3,310.4,1336.0,54.4,52.0,0,0,10.099999999999966,72678.4,0.04068810770381451
5933,L53112,L,300.5,310.5,1515.0,36.6,54.0,0,0,10.0,55449.0,0.024142480211081795
5934,L53113,L,300.5,310.5,1373.0,47.4,56.0,0,0,10.0,65080.2,0.03449781659388646
5935,H35348,H,300.6,310.5,1454.0,51.2,58.0,0,0,9.899999999999977,74444.8,0.03518900343642612
5936,L53115,L,300.5,310.5,1646.0,34.5,63.0,0,0,10.0,56787.0,0.020947176684881604
5937,M20796,M,300.5,310.4,1548.0,37.3,65.0,0,0,9.899999999999977,57740.399999999994,0.024080051646223368
5938,M20797,M,300.6,310.5,1462.0,41.3,68.0,0,0,9.899999999999977,60380.6,0.028229665071770334
5939,L53118,L,300.5,310.4,1702.0,33.1,71.0,0,0,9.899999999999977,56336.200000000004,0.019436288901937757
5940,L53119,L,300.5,310.5,1409.0,60.9,73.0,0,0,10.0,85808.09999999999,0.043191489361702126
5941,M20800,M,300.6,310.6,1427.0,52.8,75.0,0,0,10.0,75345.59999999999,0.03697478991596639
5942,L53121,L,300.6,310.7,1438.0,48.5,78.0,1,0,10.099999999999966,69743.0,0.03370396108408617
5943,L53122,L,300.7,310.7,1450.0,43.4,80.0,0,0,10.0,62930.0,0.02991040661612681
5944,L53123,L,300.7,310.7,1541.0,41.3,82.0,0,0,10.0,63643.299999999996,0.026783398184176393
5945,M20804,M,300.7,310.6,1484.0,38.0,84.0,0,0,9.900000000000034,56392.0,0.02558922558922559
5946,M20805,M,300.8,310.8,1415.0,44.5,87.0,0,0,10.0,62967.5,0.031426553672316386
5947,L53126,L,300.7,310.8,1496.0,46.4,90.0,0,0,10.100000000000023,69414.4,0.030995323981295925
5948,M20807,M,300.7,310.8,1465.0,45.2,92.0,0,0,10.100000000000023,66218.0,0.030832196452933152
5949,L53128,L,300.7,310.8,2113.0,18.5,95.0,0,0,10.100000000000023,39090.5,0.008751182592242194
5950,M20809,M,300.7,310.8,1506.0,44.0,97.0,0,0,10.100000000000023,66264.0,0.029197080291970802
5951,L53130,L,300.7,310.8,1689.0,28.9,100.0,0,0,10.100000000000023,48812.1,0.017100591715976332
5952,L53131,L,300.7,310.9,1650.0,29.4,102.0,0,0,10.199999999999989,48510.0,0.017807389460932768
5953,L53132,L,300.7,310.8,1563.0,33.8,104.0,0,0,10.100000000000023,52829.399999999994,0.021611253196930944
5954,M20813,M,300.7,310.9,1486.0,38.9,106.0,0,0,10.199999999999989,57805.4,0.026160053799596503
5955,L53134,L,300.8,310.9,1732.0,25.7,109.0,0,0,10.099999999999966,44512.4,0.014829774956722446
5956,L53135,L,300.7,310.8,1653.0,31.6,111.0,0,0,10.100000000000023,52234.8,0.019105199516324063
5957,L53136,L,300.7,310.9,1535.0,37.1,113.0,0,0,10.199999999999989,56948.5,0.024153645833333334
5958,L53137,L,300.7,310.9,1637.0,37.2,115.0,0,0,10.199999999999989,60896.4,0.022710622710622713
5959,L53138,L,300.6,310.8,1533.0,38.5,117.0,0,0,10.199999999999989,59020.5,0.025097783572359842
5960,L53139,L,300.6,310.8,1378.0,51.2,119.0,0,0,10.199999999999989,70553.6,0.03712835387962292
5961,L53140,L,300.5,310.7,1606.0,33.5,121.0,0,0,10.199999999999989,53801.0,0.020846297448662104
5962,L53141,L,300.3,310.7,1539.0,32.3,123.0,0,0,10.399999999999977,49709.7,0.02097402597402597
5963,L53142,L,300.5,310.8,1728.0,26.3,125.0,0,0,10.300000000000011,45446.4,0.015211104684788895
5964,H35377,H,300.4,310.7,1656.0,36.3,127.0,0,0,10.300000000000011,60112.799999999996,0.021907060953530476
5965,H35378,H,300.5,310.8,1631.0,30.5,132.0,0,0,10.300000000000011,49745.5,0.018688725490196078
5966,H35379,H,300.5,310.9,1447.0,46.5,137.0,0,0,10.399999999999977,67285.5,0.03211325966850829
5967,L53146,L,300.4,310.8,1396.0,49.3,142.0,0,0,10.400000000000034,68822.8,0.03528990694345025
5968,L53147,L,300.4,310.8,1390.0,52.5,144.0,0,0,10.400000000000034,72975.0,0.037742631200575125
5969,L53148,L,300.4,310.8,1348.0,56.0,146.0,0,0,10.400000000000034,75488.0,0.04151223128243143
5970,M20829,M,300.4,310.8,1491.0,35.9,148.0,0,0,10.400000000000034,53526.9,0.02406166219839142
5971,L53150,L,300.4,310.8,1520.0,37.6,151.0,0,0,10.400000000000034,57152.0,0.024720578566732414
5972,L53151,L,300.5,310.8,1509.0,33.0,153.0,0,0,10.300000000000011,49797.0,0.02185430463576159
5973,L53152,L,300.5,310.8,1445.0,46.6,155.0,0,0,10.300000000000011,67337.0,0.032226832641770405
5974,L53153,L,300.5,310.8,1354.0,51.8,157.0,0,0,10.300000000000011,70137.2,0.03822878228782288
5975,L53154,L,300.5,310.7,1488.0,39.4,159.0,0,0,10.199999999999989,58627.2,0.026460711887172597
5976,H35389,H,300.5,310.7,1654.0,28.6,161.0,0,0,10.199999999999989,47304.4,0.017280966767371602
5977,H35390,H,300.5,310.6,1378.0,51.5,166.0,0,0,10.100000000000023,70967.0,0.03734590282813633
5978,L53157,L,300.6,310.7,1750.0,30.6,171.0,0,0,10.099999999999966,53550.0,0.017475728155339806
5979,L53158,L,300.5,310.6,1448.0,46.3,173.0,0,0,10.100000000000023,67042.4,0.03195307108350586
5980,H35393,H,300.6,310.7,1501.0,45.3,175.0,0,0,10.099999999999966,67995.3,0.030159786950732355
5981,M20840,M,300.6,310.7,1654.0,32.0,180.0,0,0,10.099999999999966,52928.0,0.01933534743202417
5982,M20841,M,300.7,310.7,1347.0,46.5,183.0,0,0,10.0,62635.5,0.03449554896142433
5983,L53162,L,300.7,310.8,1486.0,37.1,186.0,0,0,10.100000000000023,55130.6,0.024949562878278413
5984,H35397,H,300.8,310.8,1466.0,45.2,188.0,0,0,10.0,66263.2,0.03081117927743695
5985,H35398,H,300.7,310.8,1346.0,52.0,193.0,0,0,10.100000000000023,69992.0,0.038604305864884926
5986,L53165,L,300.7,310.7,1314.0,42.4,198.0,0,0,10.0,55713.6,0.03224334600760456
5987,L53166,L,300.6,310.7,1440.0,52.5,200.0,0,0,10.099999999999966,75600.0,0.036433032616238724
5988,L53167,L,300.7,310.8,1608.0,39.5,202.0,0,0,10.100000000000023,63516.0,0.024549409571162212
5989,H35402,H,300.7,310.8,1296.0,58.2,204.0,0,0,10.100000000000023,75427.2,0.044872783346183505
5990,L53169,L,300.7,310.7,1507.0,46.1,209.0,0,0,10.0,69472.7,0.03057029177718833
5991,M20850,M,300.7,310.7,1343.0,51.6,211.0,0,0,10.0,69298.8,0.038392857142857145
5992,L53171,L,300.7,310.1,1416.0,40.4,214.0,0,0,9.400000000000034,57206.4,0.02851093860268172
5993,L53172,L,300.7,310.6,1288.0,47.2,216.0,0,0,9.900000000000034,60793.600000000006,0.03661753297129558
5994,M20853,M,300.7,310.6,1407.0,42.4,218.0,0,0,9.900000000000034,59656.799999999996,0.030113636363636363
5995,L53174,L,300.6,310.4,1608.0,39.2,221.0,0,0,9.799999999999955,63033.600000000006,0.024362958359229338
5996,L53175,L,300.6,310.3,1920.0,22.3,223.0,0,0,9.699999999999989,42816.0,0.011608537220197813
5997,M20856,M,300.5,310.2,1386.0,48.2,225.0,0,0,9.699999999999989,66805.2,0.03475126171593367
5998,M20857,M,300.5,310.1,1571.0,34.6,228.0,0,0,9.600000000000023,54356.600000000006,0.02201017811704835
5999,M20858,M,300.4,310.2,1613.0,36.9,231.0,0,0,9.800000000000011,59519.7,0.022862453531598513
6000,M20859,M,300.4,310.2,1671.0,30.5,234.0,1,1,9.800000000000011,50965.5,0.018241626794258375
6001,H35414,H,300.4,310.2,1431.0,43.2,0.0,0,0,9.800000000000011,61819.200000000004,0.03016759776536313
6002,M20861,M,300.4,310.2,1380.0,47.3,5.0,0,0,9.800000000000011,65273.99999999999,0.03425054308472122
6003,L53182,L,300.5,310.3,1683.0,31.5,8.0,0,0,9.800000000000011,53014.5,0.018705463182897862
6004,L53183,L,300.4,310.2,1529.0,36.2,10.0,0,0,9.800000000000011,55349.8,0.023660130718954252
6005,L53184,L,300.5,310.4,1761.0,26.5,12.0,0,0,9.899999999999977,46666.5,0.015039727582292849
6006,L53185,L,300.6,310.5,1570.0,38.3,14.0,0,0,9.899999999999977,60130.99999999999,0.02437937619350732
6007,M20866,M,300.6,310.5,2156.0,18.0,16.0,0,0,9.899999999999977,38808.0,0.008344923504867872
6008,M20867,M,300.7,310.6,1349.0,54.5,19.0,0,0,9.900000000000034,73520.5,0.04037037037037037
6009,L53188,L,300.7,310.7,1431.0,39.3,22.0,0,0,10.0,56238.299999999996,0.02744413407821229
6010,L53189,L,300.6,310.6,1931.0,22.0,24.0,0,0,10.0,42482.0,0.011387163561076604
6011,H35424,H,300.7,310.7,1428.0,43.4,26.0,0,0,10.0,61975.2,0.030370888733379984
6012,L53191,L,300.8,310.8,1564.0,36.2,31.0,0,0,10.0,56616.8,0.023130990415335465
6013,H35426,H,300.8,310.9,1425.0,44.0,33.0,0,0,10.099999999999966,62700.0,0.030855539971949508
6014,L53193,L,300.7,310.8,1597.0,30.5,38.0,0,0,10.100000000000023,48708.5,0.019086357947434292
6015,H35428,H,300.8,310.8,1618.0,32.8,40.0,0,0,10.0,53070.399999999994,0.020259419394688078
6016,M20875,M,300.8,310.8,1520.0,38.0,45.0,0,0,10.0,57760.0,0.024983563445101907
6017,L53196,L,300.7,310.7,1425.0,45.3,48.0,0,0,10.0,64552.49999999999,0.031767180925666196
6018,L53197,L,300.8,310.9,1398.0,38.2,50.0,0,0,10.099999999999966,53403.600000000006,0.027305218012866336
6019,M20878,M,300.8,310.9,1557.0,31.6,52.0,0,0,10.099999999999966,49201.200000000004,0.020282413350449294
6020,L53199,L,300.7,310.8,1519.0,43.9,55.0,0,0,10.100000000000023,66684.09999999999,0.02888157894736842
6021,L53200,L,300.7,310.8,1619.0,34.9,57.0,0,0,10.100000000000023,56503.1,0.02154320987654321
6022,L53201,L,300.7,310.8,1814.0,21.4,59.0,0,0,10.100000000000023,38819.6,0.011790633608815427
6023,L53202,L,300.7,310.9,1521.0,39.4,61.0,0,0,10.199999999999989,59927.4,0.025886990801576873
6024,M20883,M,300.7,310.9,1369.0,51.2,63.0,0,0,10.199999999999989,70092.8,0.03737226277372263
6025,L53204,L,300.7,310.1,1356.0,65.3,66.0,1,0,9.400000000000034,88546.8,0.04812085482682387
6026,L53205,L,300.7,311.0,1336.0,53.3,68.0,0,0,10.300000000000011,71208.8,0.039865370231862374
6027,L53206,L,300.7,311.0,1403.0,48.3,70.0,0,0,10.300000000000011,67764.9,0.0344017094017094
6028,M20887,M,300.7,311.0,1413.0,44.3,72.0,0,0,10.300000000000011,62595.899999999994,0.031329561527581325
6029,L53208,L,300.6,310.9,1472.0,47.6,75.0,0,0,10.299999999999955,70067.2,0.032315003394433134
6030,M20889,M,300.7,310.8,1452.0,47.9,77.0,0,0,10.100000000000023,69550.8,0.03296627666896077
6031,L53210,L,300.6,310.7,1397.0,53.7,80.0,0,0,10.099999999999966,75018.90000000001,0.038412017167381976
6032,L53211,L,300.6,310.7,1455.0,40.6,82.0,0,0,10.099999999999966,59073.0,0.027884615384615386
6033,L53212,L,300.7,310.8,1754.0,27.7,84.0,0,0,10.100000000000023,48585.799999999996,0.015783475783475782
6034,L53213,L,300.6,310.9,1471.0,37.9,86.0,0,0,10.299999999999955,55750.9,0.025747282608695653
6035,M20894,M,300.6,310.8,1389.0,48.1,88.0,0,0,10.199999999999989,66810.90000000001,0.03460431654676259
6036,M20895,M,300.6,310.9,1702.0,30.3,91.0,0,0,10.299999999999955,51570.6,0.017792131532589548
6037,M20896,L,300.6,311.0,1401.0,54.6,94.0,0,0,10.399999999999977,76494.6,0.03894436519258203
6038,L53217,L,300.7,311.1,1426.0,46.2,97.0,0,0,10.400000000000034,65881.2,0.032375613174491946
6039,L53218,L,300.7,311.0,1496.0,38.3,99.0,0,0,10.300000000000011,57296.799999999996,0.02558450233800935
6040,L53219,L,300.6,310.9,1433.0,42.6,101.0,0,0,10.299999999999955,61045.8,0.029707112970711297
6041,M20900,M,300.7,311.1,1503.0,46.6,103.0,0,0,10.400000000000034,70039.8,0.03098404255319149
6042,M20901,M,300.7,311.0,1418.0,49.3,106.0,0,0,10.300000000000011,69907.4,0.034742776603241717
6043,M20902,M,300.8,311.0,1580.0,36.6,109.0,0,0,10.199999999999989,57828.0,0.02314990512333966
6044,M20903,M,300.7,310.9,1468.0,41.8,112.0,0,0,10.199999999999989,61362.399999999994,0.028454731109598366
6045,M20904,M,300.8,310.9,1503.0,41.7,115.0,0,0,10.099999999999966,62675.100000000006,0.027726063829787238
6046,L53225,L,300.8,310.9,1311.0,55.8,118.0,0,0,10.099999999999966,73153.8,0.042530487804878045
6047,L53226,L,300.9,311.0,1316.0,56.5,120.0,0,0,10.100000000000023,74354.0,0.04290053151100987
6048,H35461,H,300.9,311.0,1853.0,23.6,122.0,0,0,10.100000000000023,43730.8,0.01272923408845739
6049,M20908,M,300.9,311.0,1556.0,38.8,127.0,0,0,10.100000000000023,60372.799999999996,0.024919717405266537
6050,M20909,M,300.9,311.0,1567.0,34.3,130.0,0,0,10.100000000000023,53748.1,0.021875
6051,M20910,M,300.9,311.1,1546.0,37.7,133.0,0,0,10.200000000000045,58284.200000000004,0.024369747899159664
6052,L53231,L,300.9,311.0,1382.0,51.2,136.0,0,0,10.100000000000023,70758.40000000001,0.037020968908170644
6053,L53232,L,300.9,311.0,2003.0,20.2,138.0,0,0,10.100000000000023,40460.6,0.010079840319361277
6054,L53233,L,300.8,310.9,1748.0,29.9,140.0,0,0,10.099999999999966,52265.2,0.017095483133218983
6055,H35468,H,300.7,310.8,1518.0,40.1,142.0,0,0,10.100000000000023,60871.8,0.026398946675444374
6056,L53235,L,300.7,310.8,1475.0,42.0,147.0,0,0,10.100000000000023,61950.0,0.028455284552845527
6057,L53236,L,300.8,310.8,1634.0,29.2,149.0,0,0,10.0,47712.799999999996,0.01785932721712538
6058,L53237,L,300.8,310.8,1689.0,32.9,151.0,0,0,10.0,55568.1,0.019467455621301775
6059,M20918,M,300.9,310.9,1636.0,35.3,153.0,0,0,10.0,57750.799999999996,0.02156383628588882
6060,L53239,L,300.9,311.0,2235.0,15.8,156.0,0,0,10.100000000000023,35313.0,0.007066189624329159
6061,L53240,L,301.0,311.1,1615.0,35.6,158.0,0,0,10.100000000000023,57494.0,0.022029702970297032
6062,H35475,H,301.1,311.1,1618.0,29.5,160.0,0,0,10.0,47731.0,0.018221124150710314
6063,M20922,M,301.1,311.2,1407.0,53.0,165.0,0,0,10.099999999999966,74571.0,0.037642045454545456
6064,L53243,L,301.1,311.1,1450.0,43.3,168.0,0,0,10.0,62784.99999999999,0.029841488628532045
6065,L53244,L,301.1,311.1,1889.0,23.8,170.0,0,0,10.0,44958.200000000004,0.012592592592592593
6066,L53245,L,301.0,310.9,1568.0,38.2,172.0,0,0,9.899999999999977,59897.600000000006,0.024346717654557044
6067,L53246,L,301.0,311.0,1804.0,25.8,174.0,0,0,10.0,46543.200000000004,0.014293628808864266
6068,L53247,L,301.0,311.0,1582.0,37.5,176.0,0,0,10.0,59325.0,0.023689197725837018
6069,M20928,M,301.0,310.9,2047.0,17.9,178.0,0,0,9.899999999999977,36641.299999999996,0.008740234375
6070,L53249,L,300.9,310.9,1601.0,34.0,181.0,0,0,10.0,54434.0,0.02122347066167291
6071,L53250,L,300.9,310.9,1615.0,32.0,183.0,0,0,10.0,51680.0,0.019801980198019802
6072,M20931,M,300.9,310.8,1452.0,43.6,185.0,0,0,9.900000000000034,63307.200000000004,0.030006882312456986
6073,M20932,M,300.9,310.8,1695.0,30.2,188.0,0,0,9.900000000000034,51189.0,0.017806603773584905
6074,M20933,M,300.9,310.8,1790.0,26.2,191.0,0,0,9.900000000000034,46898.0,0.014628699050809603
6075,M20934,M,301.0,310.8,1533.0,39.3,194.0,0,0,9.800000000000011,60246.899999999994,0.02561929595827901
6076,L53255,L,301.0,310.9,1813.0,28.5,197.0,0,0,9.899999999999977,51670.5,0.015711135611907387
6077,L53256,L,301.0,310.9,1492.0,36.7,199.0,0,0,9.899999999999977,54756.4,0.0245813797722706
6078,L53257,L,300.9,310.7,1479.0,43.3,201.0,0,0,9.800000000000011,64040.7,0.029256756756756756
6079,L53258,L,300.8,310.7,1339.0,59.1,203.0,1,0,9.899999999999977,79134.90000000001,0.0441044776119403
6080,M20939,M,300.8,310.7,1371.0,44.7,205.0,0,0,9.899999999999977,61283.700000000004,0.0325801749271137
6081,L53260,L,300.9,310.7,1468.0,36.2,208.0,0,0,9.800000000000011,53141.600000000006,0.024642614023145
6082,L53261,L,300.9,310.7,1517.0,41.7,210.0,0,0,9.800000000000011,63258.9,0.027470355731225297
6083,L53262,L,300.9,310.7,1352.0,46.4,212.0,0,0,9.800000000000011,62732.799999999996,0.034294161123429416
6084,L53263,L,300.9,310.7,1389.0,50.0,214.0,0,0,9.800000000000011,69450.0,0.03597122302158273
6085,M20944,M,300.8,310.6,1505.0,36.2,0.0,0,0,9.800000000000011,54481.00000000001,0.02403718459495352
6086,L53265,L,300.9,310.6,1538.0,36.7,3.0,0,0,9.700000000000045,56444.600000000006,0.023846653671215075
6087,L53266,L,300.9,310.8,1482.0,37.0,5.0,0,0,9.900000000000034,54834.0,0.024949426837491573
6088,M20947,M,300.9,310.8,1599.0,33.0,7.0,0,0,9.900000000000034,52767.0,0.020625
6089,L53268,L,300.9,310.8,1476.0,39.0,10.0,0,0,9.900000000000034,57564.0,0.026404874746106973
6090,L53269,L,300.9,310.7,1509.0,37.5,12.0,0,0,9.800000000000011,56587.5,0.024834437086092714
6091,L53270,L,300.9,310.8,1708.0,29.1,14.0,0,0,9.900000000000034,49702.8,0.01702750146284377
6092,L53271,L,300.9,310.7,1412.0,57.5,16.0,0,0,9.800000000000011,81190.0,0.04069355980184006
6093,L53272,L,300.9,310.7,1658.0,28.5,18.0,0,0,9.800000000000011,47253.0,0.017179023508137433
6094,L53273,L,301.0,310.8,1375.0,57.2,20.0,0,0,9.800000000000011,78650.0,0.041569767441860465
6095,M20954,H,300.9,310.8,1402.0,48.1,22.0,0,0,9.900000000000034,67436.2,0.034283677833214544
6096,M20955,M,300.9,310.7,1452.0,47.3,25.0,0,0,9.800000000000011,68679.59999999999,0.032553337921541636
6097,M20956,M,300.8,310.7,1483.0,40.8,28.0,0,0,9.899999999999977,60506.399999999994,0.027493261455525605
6098,H35511,H,300.9,310.8,1477.0,38.4,31.0,0,0,9.900000000000034,56716.799999999996,0.02598105548037889
6099,M20958,M,300.8,310.7,1924.0,22.4,36.0,0,0,9.899999999999977,43097.6,0.011636363636363636
6100,H35513,H,300.9,310.7,1609.0,28.7,39.0,0,0,9.800000000000011,46178.299999999996,0.017826086956521738
6101,M20960,M,300.8,310.7,1886.0,21.1,44.0,0,0,9.899999999999977,39794.600000000006,0.011181770005299418
6102,L53281,L,300.7,310.6,1616.0,29.6,47.0,0,0,9.900000000000034,47833.600000000006,0.018305504019789736
6103,L53282,L,300.7,310.7,1442.0,43.2,49.0,0,0,10.0,62294.4,0.02993762993762994
6104,L53283,L,300.8,310.8,1407.0,45.1,51.0,0,0,10.0,63455.700000000004,0.032031250000000004
6105,M20964,M,300.8,310.8,1461.0,41.3,53.0,0,0,10.0,60339.299999999996,0.028248974008207934
6106,M20965,M,300.8,310.9,1522.0,46.2,56.0,0,0,10.099999999999966,70316.40000000001,0.030334865397242287
6107,L53286,L,300.9,311.0,1432.0,48.1,59.0,0,0,10.100000000000023,68879.2,0.03356594556873692
6108,L53287,L,300.9,311.0,1438.0,49.0,61.0,0,0,10.100000000000023,70462.0,0.034051424600416956
6109,M20968,M,300.8,310.9,1678.0,28.1,63.0,0,0,10.099999999999966,47151.8,0.016736152471709353
6110,M20969,M,300.8,310.9,1514.0,38.7,66.0,0,0,10.099999999999966,58591.8,0.025544554455445546
6111,L53290,L,300.7,310.8,1534.0,41.3,69.0,0,0,10.100000000000023,63354.2,0.026905537459283386
6112,M20971,M,300.7,310.8,1486.0,41.2,71.0,0,0,10.100000000000023,61223.200000000004,0.02770679219905851
6113,L53292,L,300.7,310.8,1925.0,22.0,74.0,0,0,10.100000000000023,42350.0,0.01142263759086189
6114,M20973,M,300.7,310.8,1724.0,30.0,76.0,0,0,10.100000000000023,51720.0,0.017391304347826087
6115,M20974,M,300.8,310.8,1549.0,35.5,79.0,0,0,10.0,54989.5,0.022903225806451613
6116,L53295,L,300.8,310.9,1457.0,47.7,82.0,0,0,10.099999999999966,69498.90000000001,0.03271604938271605
6117,L53296,L,300.8,310.9,1453.0,43.9,84.0,0,0,10.099999999999966,63786.7,0.030192572214580465
6118,L53297,L,300.8,311.0,1578.0,44.4,86.0,0,0,10.199999999999989,70063.2,0.02811906269791007
6119,M20978,M,300.9,311.1,1325.0,61.4,88.0,0,0,10.200000000000045,81355.0,0.046304675716440424
6120,L53299,L,300.9,311.1,1471.0,39.3,91.0,0,0,10.200000000000045,57810.299999999996,0.02669836956521739
6121,M20980,M,300.9,311.2,1472.0,40.0,93.0,0,0,10.300000000000011,58880.0,0.027155465037338764
6122,L53301,L,300.9,311.1,1457.0,37.4,96.0,0,0,10.200000000000045,54491.799999999996,0.025651577503429356
6123,L53302,L,301.0,311.0,1402.0,55.3,98.0,0,0,10.0,77530.59999999999,0.03941553813257306
6124,L53303,L,300.9,310.9,1477.0,41.5,100.0,0,0,10.0,61295.5,0.02807848443843031
6125,M20984,M,300.9,310.9,1727.0,30.1,102.0,0,0,10.0,51982.700000000004,0.017418981481481483
6126,L53305,L,300.9,310.9,1995.0,20.2,105.0,0,0,10.0,40299.0,0.010120240480961924
6127,L53306,L,300.9,310.9,1370.0,52.5,107.0,0,0,10.0,71925.0,0.038293216630196934
6128,L53307,L,300.9,310.9,1228.0,66.4,109.0,0,0,10.0,81539.20000000001,0.05402766476810415
6129,L53308,L,300.9,311.0,1499.0,38.0,111.0,0,0,10.100000000000023,56962.0,0.025333333333333333
6130,M20989,M,301.0,311.0,1508.0,46.9,113.0,0,0,10.0,70725.2,0.031080185553346587
6131,L53310,L,301.0,310.9,1473.0,44.2,116.0,0,0,9.899999999999977,65106.600000000006,0.029986431478968793
6132,H35545,H,301.0,311.0,1640.0,37.6,118.0,0,0,10.0,61664.0,0.02291285801340646
6133,L53312,L,301.1,311.1,1429.0,42.5,123.0,0,0,10.0,60732.5,0.02972027972027972
6134,L53313,L,301.1,311.1,1470.0,40.9,125.0,0,0,10.0,60123.0,0.02780421481985044
6135,L53314,L,301.0,311.0,1581.0,37.0,127.0,0,0,10.0,58497.0,0.02338811630847029
6136,L53315,L,301.0,310.9,1740.0,28.9,129.0,0,0,9.899999999999977,50286.0,0.016599655370476737
6137,H35550,H,300.9,310.8,1390.0,40.6,131.0,0,0,9.900000000000034,56434.0,0.029187634795111432
6138,M20997,M,300.9,310.8,1988.0,19.7,136.0,0,0,9.900000000000034,39163.6,0.009904474610356963
6139,M20998,M,300.8,310.7,1452.0,43.0,139.0,0,0,9.899999999999977,62436.0,0.029593943565037854
6140,L53319,L,300.8,310.7,1586.0,33.4,142.0,0,0,9.899999999999977,52972.399999999994,0.021045998739760555
6141,L53320,L,300.8,310.7,1589.0,34.3,144.0,0,0,9.899999999999977,54502.7,0.021572327044025154
6142,L53321,L,300.8,310.8,1486.0,45.7,146.0,0,0,10.0,67910.2,0.030733019502353735
6143,L53322,L,300.9,310.9,1755.0,27.9,148.0,0,0,10.0,48964.5,0.015888382687927107
6144,M21003,M,301.0,310.9,1575.0,34.6,150.0,0,0,9.899999999999977,54495.0,0.021954314720812183
6145,M21004,M,301.1,311.1,1615.0,37.7,153.0,0,0,10.0,60885.50000000001,0.023329207920792083
6146,M21005,M,301.1,311.1,1436.0,41.8,156.0,0,0,10.0,60024.799999999996,0.029088378566457896
6147,M21006,M,301.1,311.1,1470.0,40.6,159.0,0,0,10.0,59682.0,0.02760027192386132
6148,M21007,M,301.1,311.1,2089.0,19.8,162.0,0,0,10.0,41362.200000000004,0.009473684210526316
6149,L53328,L,301.1,311.2,1564.0,37.0,165.0,0,0,10.099999999999966,57868.0,0.023642172523961662
6150,M21009,M,301.0,311.1,1420.0,47.4,167.0,0,0,10.100000000000023,67308.0,0.033356790992258974
6151,L53330,L,301.1,311.1,1711.0,29.1,170.0,0,0,10.0,49790.100000000006,0.01699766355140187
6152,L53331,L,301.1,311.2,1555.0,35.3,172.0,0,0,10.099999999999966,54891.49999999999,0.022686375321336757
6153,M21012,M,301.1,311.1,1592.0,35.7,174.0,0,0,10.0,56834.4,0.0224105461393597
6154,L53333,L,301.0,311.1,1236.0,64.4,177.0,1,0,10.100000000000023,79598.40000000001,0.05206143896523849
6155,M21014,M,301.0,310.9,1765.0,24.2,179.0,0,0,9.899999999999977,42713.0,0.013703284258210645
6156,L53335,L,301.0,311.0,1634.0,31.2,182.0,0,0,10.0,50980.799999999996,0.01908256880733945
6157,L53336,L,301.1,311.1,1508.0,41.5,184.0,0,0,10.0,62582.0,0.027501656726308814
6158,L53337,H,301.1,311.2,1774.0,29.6,186.0,0,0,10.099999999999966,52510.4,0.01667605633802817
6159,L53338,L,301.1,311.0,1677.0,29.1,188.0,0,0,9.899999999999977,48800.700000000004,0.01734207389749702
6160,L53339,L,301.0,311.0,1399.0,58.0,190.0,1,0,10.0,81142.0,0.041428571428571426
6161,L53340,L,301.0,310.9,1570.0,34.0,192.0,0,0,9.899999999999977,53380.0,0.021642266072565246
6162,L53341,L,301.0,310.9,1479.0,44.3,194.0,0,0,9.899999999999977,65519.7,0.029932432432432432
6163,L53342,L,301.0,310.8,1558.0,34.9,196.0,0,0,9.800000000000011,54374.2,0.022386144964720973
6164,L53343,L,300.8,310.7,1358.0,48.1,198.0,0,0,9.899999999999977,65319.8,0.03539367181751288
6165,H35578,H,300.9,310.7,1656.0,30.7,200.0,0,0,9.800000000000011,50839.2,0.01852745926372963
6166,L53345,L,300.9,310.7,1523.0,35.8,205.0,0,0,9.800000000000011,54523.399999999994,0.023490813648293963
6167,H35580,H,300.9,310.7,1403.0,40.6,207.0,0,0,9.800000000000011,56961.8,0.02891737891737892
6168,M21027,M,300.9,310.7,1362.0,51.6,212.0,0,0,9.800000000000011,70279.2,0.03785766691122524
6169,M21028,M,300.7,310.6,1778.0,27.1,215.0,0,0,9.900000000000034,48183.8,0.01523327712197864
6170,L53349,L,300.7,310.5,1448.0,38.2,218.0,0,0,9.800000000000011,55313.600000000006,0.026363008971704627
6171,H35584,H,300.8,310.5,1559.0,40.1,220.0,0,0,9.699999999999989,62515.9,0.025705128205128207
6172,L53351,L,300.8,310.6,1416.0,42.2,225.0,0,0,9.800000000000011,59755.200000000004,0.029781227946365563
6173,L53352,L,300.8,310.6,1577.0,37.9,227.0,1,1,9.800000000000011,59768.299999999996,0.024017743979721166
6174,L53353,L,300.8,310.7,1633.0,27.8,0.0,0,0,9.899999999999977,45397.4,0.017013463892288864
6175,L53354,L,300.9,310.7,1573.0,31.2,2.0,0,0,9.800000000000011,49077.6,0.019822109275730623
6176,L53355,L,300.9,310.8,1517.0,44.3,4.0,0,0,9.900000000000034,67203.09999999999,0.029183135704874835
6177,L53356,L,301.0,310.9,1515.0,37.3,6.0,0,0,9.899999999999977,56509.49999999999,0.024604221635883904
6178,L53357,L,301.0,310.8,1527.0,45.3,8.0,0,0,9.800000000000011,69173.09999999999,0.02964659685863874
6179,L53358,L,301.1,310.9,1282.0,67.9,10.0,1,0,9.799999999999955,87047.8,0.0529228371005456
6180,M21039,M,301.1,310.9,1396.0,45.1,12.0,0,0,9.799999999999955,62959.6,0.03228346456692913
6181,L53360,L,301.0,310.9,1492.0,44.6,15.0,0,0,9.899999999999977,66543.2,0.029872739450770264
6182,L53361,L,301.0,310.8,1975.0,19.7,17.0,0,0,9.800000000000011,38907.5,0.009969635627530364
6183,L53362,L,301.0,310.8,1475.0,35.3,19.0,0,0,9.800000000000011,52067.49999999999,0.0239159891598916
6184,H35597,H,301.0,310.9,1495.0,37.3,21.0,0,0,9.899999999999977,55763.49999999999,0.024933155080213903
6185,L53364,L,301.0,311.0,1553.0,35.8,26.0,0,0,10.0,55597.399999999994,0.023037323037323035
6186,L53365,L,301.1,311.0,1918.0,21.7,28.0,0,0,9.899999999999977,41620.6,0.011307972902553413
6187,M21046,M,301.1,311.0,1413.0,46.6,30.0,0,0,9.899999999999977,65845.8,0.032956152758132955
6188,L53367,L,301.0,311.0,1437.0,56.0,33.0,0,0,10.0,80472.0,0.03894297635605007
6189,L53368,L,301.0,310.9,1450.0,45.9,35.0,0,0,9.899999999999977,66555.0,0.03163335630599586
6190,M21049,M,301.0,310.9,1910.0,21.9,37.0,0,0,9.899999999999977,41829.0,0.011459968602825745
6191,L53370,L,300.9,310.9,1749.0,26.4,40.0,0,0,10.0,46173.6,0.015085714285714286
6192,H35605,H,301.0,310.9,1916.0,22.0,42.0,0,0,9.899999999999977,42152.0,0.011476264997391758
6193,L53372,L,301.0,310.9,1428.0,45.3,47.0,0,0,9.899999999999977,64688.399999999994,0.031700489853044085
6194,L53373,L,301.0,310.9,1578.0,38.4,49.0,0,0,9.899999999999977,60595.2,0.024319189360354654
6195,L53374,L,300.9,310.8,1571.0,39.9,51.0,0,0,9.900000000000034,62682.899999999994,0.025381679389312975
6196,L53375,L,300.9,310.8,1729.0,30.2,53.0,0,0,9.900000000000034,52215.799999999996,0.01745664739884393
6197,L53376,L,300.9,310.8,1701.0,30.4,55.0,0,0,9.900000000000034,51710.399999999994,0.017861339600470035
6198,L53377,L,300.9,310.8,1493.0,45.8,57.0,0,0,9.900000000000034,68379.4,0.030655957161981256
6199,M21058,M,301.0,310.9,1554.0,32.7,59.0,0,0,9.899999999999977,50815.8,0.021028938906752413
6200,L53379,L,300.9,310.9,1497.0,43.2,62.0,0,0,10.0,64670.4,0.028838451268357813
6201,L53380,L,301.0,310.9,1679.0,29.8,64.0,0,0,9.899999999999977,50034.200000000004,0.017738095238095237
6202,M21061,M,301.0,310.9,1510.0,44.5,66.0,0,0,9.899999999999977,67195.0,0.02945069490403706
6203,L53382,L,301.0,310.9,1296.0,54.9,69.0,0,0,9.899999999999977,71150.4,0.042328450269853504
6204,L53383,L,301.0,310.9,1404.0,41.8,71.0,0,0,9.899999999999977,58687.2,0.0297508896797153
6205,M21064,M,300.9,310.8,1519.0,34.9,73.0,0,0,9.900000000000034,53013.1,0.022960526315789473
6206,M21065,M,300.9,310.7,1696.0,27.3,76.0,0,0,9.800000000000011,46300.8,0.01608721272834414
6207,M21066,M,300.8,310.6,1669.0,28.4,79.0,0,0,9.800000000000011,47399.6,0.017005988023952093
6208,L53387,L,300.1,310.6,1447.0,40.7,82.0,0,0,10.5,58892.9,0.028107734806629835
6209,M21068,M,300.7,310.6,1418.0,46.3,84.0,0,0,9.900000000000034,65653.4,0.03262861169837914
6210,L53389,L,300.7,310.6,1407.0,40.5,87.0,0,0,9.900000000000034,56983.5,0.028764204545454544
6211,L53390,L,300.8,310.5,1434.0,44.5,89.0,0,0,9.699999999999989,63813.0,0.031010452961672475
6212,L53391,L,300.8,310.6,1360.0,48.8,91.0,0,0,9.800000000000011,66368.0,0.03585598824393828
6213,L53392,L,300.8,310.6,1402.0,53.7,93.0,0,0,9.800000000000011,75287.40000000001,0.03827512473271561
6214,L53393,L,300.9,310.6,1552.0,34.9,95.0,0,0,9.700000000000045,54164.799999999996,0.022472633612363166
6215,L53394,L,300.9,310.7,1392.0,44.2,108.0,0,0,9.800000000000011,61526.4,0.03173007896625987
6216,L53395,L,301.1,310.8,1521.0,41.0,99.0,0,0,9.699999999999989,62361.0,0.026938239159001315
6217,L53396,L,301.1,310.8,1724.0,27.5,101.0,0,0,9.699999999999989,47410.0,0.015942028985507246
6218,M21077,M,301.0,310.7,1455.0,46.1,103.0,0,0,9.699999999999989,67075.5,0.03166208791208791
6219,H35632,H,301.0,310.6,1366.0,50.6,106.0,0,0,9.600000000000023,69119.6,0.03701536210680322
6220,H35633,H,301.1,310.6,1407.0,43.9,111.0,0,0,9.5,61767.299999999996,0.03117897727272727
6221,L53400,L,301.1,310.8,1470.0,49.3,116.0,0,0,9.699999999999989,72471.0,0.03351461590754588
6222,M21081,M,301.2,310.9,1359.0,50.8,118.0,0,0,9.699999999999989,69037.2,0.03735294117647059
6223,H35636,H,301.1,310.8,1792.0,25.8,121.0,0,0,9.699999999999989,46233.6,0.014389291689905187
6224,M21083,M,301.1,310.9,1552.0,37.9,126.0,0,0,9.799999999999955,58820.799999999996,0.024404378622021893
6225,L53404,L,301.2,311.0,1612.0,32.9,129.0,0,0,9.800000000000011,53034.799999999996,0.020396776193428393
6226,M21085,M,301.2,311.0,1424.0,41.4,131.0,0,0,9.800000000000011,58953.6,0.029052631578947368
6227,H35640,H,301.3,311.0,1341.0,59.3,134.0,0,0,9.699999999999989,79521.3,0.044187779433681074
6228,L53407,L,301.2,310.8,1479.0,38.2,139.0,0,0,9.600000000000023,56497.8,0.025810810810810814
6229,L53408,L,301.2,310.9,1413.0,50.1,141.0,0,0,9.699999999999989,70791.3,0.03543140028288543
6230,L53409,L,301.3,310.9,2165.0,17.4,143.0,0,0,9.599999999999966,37671.0,0.008033240997229915
6231,M21090,M,301.3,311.0,1641.0,33.0,145.0,0,0,9.699999999999989,54153.0,0.020097442143727162
6232,M21091,M,301.3,311.0,1495.0,40.8,148.0,0,0,9.699999999999989,60995.99999999999,0.02727272727272727
6233,L53412,L,301.3,311.0,1576.0,30.4,151.0,0,0,9.699999999999989,47910.399999999994,0.019277108433734938
6234,L53413,L,301.2,310.9,1467.0,37.1,153.0,0,0,9.699999999999989,54425.700000000004,0.0252724795640327
6235,L53414,L,301.2,310.8,1479.0,41.2,155.0,0,0,9.600000000000023,60934.8,0.02783783783783784
6236,L53415,L,301.3,310.9,1596.0,33.9,157.0,0,0,9.599999999999966,54104.399999999994,0.021227301189730746
6237,M21096,M,301.3,310.9,1512.0,36.9,159.0,0,0,9.599999999999966,55792.799999999996,0.024388631857237275
6238,L53417,L,301.4,310.9,1414.0,38.8,162.0,0,0,9.5,54863.2,0.027420494699646643
6239,L53418,L,301.3,310.8,1390.0,57.4,164.0,0,0,9.5,79786.0,0.04126527677929547
6240,L53419,L,301.2,310.7,1644.0,31.6,166.0,0,0,9.5,51950.4,0.019209726443768997
6241,M21100,M,301.2,310.7,1394.0,42.8,168.0,0,0,9.5,59663.2,0.03068100358422939
6242,L53421,L,301.1,310.5,1324.0,52.4,171.0,0,0,9.399999999999977,69377.59999999999,0.039547169811320754
6243,L53422,L,301.0,310.4,1476.0,43.6,173.0,0,0,9.399999999999977,64353.6,0.029519295870006772
6244,L53423,L,301.0,310.4,2204.0,16.6,175.0,0,0,9.399999999999977,36586.4,0.007528344671201815
6245,M21104,M,301.0,310.4,1665.0,30.9,177.0,0,0,9.399999999999977,51448.5,0.018547418967587034
6246,L53425,L,300.9,310.4,1445.0,41.7,180.0,0,0,9.5,60256.50000000001,0.028838174273858923
6247,H35660,H,300.8,310.3,1457.0,46.8,182.0,0,0,9.5,68187.59999999999,0.03209876543209876
6248,L53427,L,300.8,310.2,1492.0,46.3,187.0,0,0,9.399999999999977,69079.59999999999,0.03101138647019424
6249,L53428,L,300.8,310.1,1405.0,61.2,189.0,1,0,9.300000000000011,85986.0,0.043527738264580375
6250,L53429,L,300.7,310.1,1542.0,35.5,191.0,0,0,9.400000000000034,54741.0,0.023007128969539856
6251,L53430,L,300.8,310.2,1520.0,37.7,193.0,0,0,9.399999999999977,57304.00000000001,0.02478632478632479
6252,M21111,M,300.8,310.2,1598.0,36.5,195.0,0,0,9.399999999999977,58327.0,0.022826766729205753
6253,L53432,L,300.8,310.3,1538.0,36.1,198.0,0,0,9.5,55521.8,0.02345679012345679
6254,L53433,L,300.9,310.4,1615.0,30.9,200.0,0,0,9.5,49903.5,0.01912128712871287
6255,L53434,L,300.1,310.5,1408.0,47.0,202.0,0,0,10.399999999999977,66176.0,0.0333569907735983
6256,L53435,L,301.0,310.5,1379.0,57.3,204.0,1,0,9.5,79016.7,0.04152173913043478
6257,L53436,L,301.0,310.6,1493.0,37.8,206.0,1,1,9.600000000000023,56435.399999999994,0.025301204819277105
6258,L53437,L,301.1,310.7,1376.0,49.1,0.0,0,0,9.599999999999966,67561.6,0.03565722585330429
6259,M21118,M,301.1,310.7,1583.0,40.7,2.0,0,0,9.599999999999966,64428.100000000006,0.025694444444444447
6260,M21119,M,301.2,310.8,1396.0,47.4,5.0,0,0,9.600000000000023,66170.4,0.03392984967788117
6261,L53440,L,301.1,310.7,1436.0,45.3,8.0,0,0,9.599999999999966,65050.799999999996,0.03152400835073069
6262,L53441,L,301.1,310.6,1417.0,47.6,10.0,0,0,9.5,67449.2,0.033568406205923836
6263,L53442,L,301.0,310.6,1641.0,33.4,12.0,0,0,9.600000000000023,54809.399999999994,0.020341047503045065
6264,M21123,M,301.0,310.6,1698.0,27.3,14.0,0,0,9.600000000000023,46355.4,0.016068275456150676
6265,L53444,L,300.9,310.4,1541.0,39.1,17.0,0,0,9.5,60253.100000000006,0.02535667963683528
6266,L53445,L,300.8,310.3,1383.0,46.6,19.0,0,0,9.5,64447.8,0.03367052023121388
6267,L53446,L,300.8,310.4,1368.0,46.8,21.0,0,0,9.599999999999966,64022.399999999994,0.03418553688823959
6268,L53447,L,300.8,310.4,1570.0,35.2,23.0,0,0,9.599999999999966,55264.00000000001,0.022406110757479315
6269,L53448,L,300.9,310.5,1616.0,33.5,25.0,0,0,9.600000000000023,54136.0,0.020717377860235003
6270,M21129,M,300.9,310.5,1444.0,43.2,27.0,0,0,9.600000000000023,62380.8,0.0298961937716263
6271,L53450,L,300.9,310.4,2021.0,18.8,30.0,0,0,9.5,37994.8,0.009297725024727992
6272,M21131,M,300.9,310.5,1702.0,29.3,32.0,0,0,9.600000000000023,49868.6,0.017204932472108046
6273,M21132,M,301.1,310.6,1429.0,52.7,35.0,0,0,9.5,75308.3,0.036853146853146855
6274,L53453,L,301.2,310.8,1711.0,28.9,38.0,0,0,9.600000000000023,49447.899999999994,0.016880841121495325
6275,M21134,M,301.2,310.7,1543.0,32.9,40.0,0,0,9.5,50764.7,0.021308290155440415
6276,L53455,L,301.3,310.8,1628.0,32.2,43.0,0,0,9.5,52421.600000000006,0.019766728054020872
6277,L53456,L,301.2,310.8,1233.0,64.6,45.0,0,0,9.600000000000023,79651.79999999999,0.052350081037277146
6278,L53457,L,301.2,310.8,1461.0,40.6,47.0,0,0,9.600000000000023,59316.6,0.02777017783857729
6279,L53458,L,301.2,310.7,1568.0,38.3,49.0,0,0,9.5,60054.399999999994,0.024410452517527086
6280,L53459,L,301.3,310.8,1432.0,54.4,51.0,0,0,9.5,77900.8,0.03796231681786462
6281,M21140,M,301.2,310.7,1527.0,41.1,53.0,0,0,9.5,62759.700000000004,0.026897905759162306
6282,M21141,M,301.3,310.8,1455.0,41.2,56.0,0,0,9.5,59946.00000000001,0.0282967032967033
6283,M21142,M,301.3,310.8,1418.0,45.4,59.0,0,0,9.5,64377.2,0.03199436222692036
6284,L53463,L,301.3,310.8,1719.0,29.5,62.0,0,0,9.5,50710.5,0.017151162790697675
6285,M21144,M,301.2,310.8,1734.0,31.3,64.0,0,0,9.600000000000023,54274.200000000004,0.01804034582132565
6286,M21145,M,301.2,310.7,1426.0,46.1,67.0,0,0,9.5,65738.6,0.03230553608969867
6287,L53466,L,301.1,310.6,1611.0,35.2,70.0,0,0,9.5,56707.200000000004,0.021836228287841195
6288,M21147,M,301.1,310.6,1479.0,41.1,72.0,0,0,9.5,60786.9,0.02777027027027027
6289,L53468,L,301.0,310.5,1317.0,50.9,75.0,0,0,9.5,67035.3,0.03861911987860395
6290,L53469,L,301.0,310.5,1248.0,61.4,77.0,0,0,9.5,76627.2,0.049159327461969576
6291,L53470,L,301.0,310.5,1932.0,21.7,79.0,0,0,9.5,41924.4,0.011226073460941541
6292,M21151,M,301.1,310.5,1547.0,35.8,81.0,0,0,9.399999999999977,55382.6,0.023126614987080102
6293,L53472,L,301.0,310.4,1614.0,31.6,84.0,0,0,9.399999999999977,51002.4,0.019566563467492262
6294,H35707,H,301.0,310.4,1512.0,44.9,86.0,0,0,9.399999999999977,67888.8,0.029676140118968936
6295,L53474,L,301.1,310.5,1529.0,38.7,91.0,0,0,9.399999999999977,59172.3,0.025294117647058825
6296,H35709,H,301.1,310.6,1782.0,24.9,93.0,0,0,9.5,44371.799999999996,0.013965227145260795
6297,L53476,L,301.0,310.5,1429.0,39.4,98.0,0,0,9.5,56302.6,0.02755244755244755
6298,M21157,M,301.1,310.5,1309.0,60.7,100.0,0,0,9.399999999999977,79456.3,0.04633587786259542
6299,L53478,L,301.1,310.5,1428.0,44.1,103.0,0,0,9.399999999999977,62974.8,0.03086074177746676
6300,L53479,L,301.2,310.6,1385.0,49.2,105.0,0,0,9.400000000000034,68142.0,0.0354978354978355
6301,L53480,L,301.2,310.7,1517.0,39.4,107.0,0,0,9.5,59769.799999999996,0.02595520421607378
6302,M21161,M,301.2,310.6,1576.0,39.6,109.0,0,0,9.400000000000034,62409.600000000006,0.025110970196575776
6303,L53482,L,301.2,310.6,1437.0,51.2,112.0,0,0,9.400000000000034,73574.40000000001,0.03560500695410292
6304,H35717,H,301.2,310.6,1457.0,50.5,114.0,0,0,9.400000000000034,73578.5,0.03463648834019204
6305,L53484,L,301.1,310.5,1532.0,37.5,119.0,0,0,9.399999999999977,57450.0,0.02446183953033268
6306,M21165,M,301.1,310.5,1603.0,32.6,121.0,0,0,9.399999999999977,52257.8,0.02032418952618454
6307,L53486,L,301.0,310.4,1563.0,34.4,124.0,0,0,9.399999999999977,53767.2,0.021994884910485932
6308,L53487,L,301.0,310.3,1617.0,34.5,126.0,0,0,9.300000000000011,55786.5,0.021322620519159455
6309,M21168,M,300.8,310.1,1686.0,26.9,128.0,0,0,9.300000000000011,45353.399999999994,0.015945465323058683
6310,L53489,L,300.9,310.2,1382.0,50.4,131.0,0,0,9.300000000000011,69652.8,0.03644251626898048
6311,L53490,L,300.9,310.1,2090.0,17.8,133.0,0,0,9.200000000000045,37202.0,0.008512673362027738
6312,L53491,L,300.9,310.3,1446.0,44.5,135.0,0,0,9.400000000000034,64347.0,0.030753282653766412
6313,M21172,M,300.9,310.2,1533.0,38.1,137.0,0,0,9.300000000000011,58407.3,0.024837027379400262
6314,L53493,L,300.9,310.3,1440.0,47.6,140.0,0,0,9.400000000000034,68544.0,0.03303261623872311
6315,M21174,M,301.0,310.4,1793.0,25.0,142.0,0,0,9.399999999999977,44825.0,0.013935340022296544
6316,M21175,M,301.0,310.4,1517.0,46.1,145.0,0,0,9.399999999999977,69933.7,0.030368906455862977
6317,L53496,L,300.9,310.4,1544.0,36.0,148.0,0,0,9.5,55584.0,0.02330097087378641
6318,L53497,L,300.9,310.3,1321.0,48.8,150.0,0,0,9.400000000000034,64464.799999999996,0.03691376701966717
6319,M21178,M,300.9,310.3,1416.0,50.9,152.0,0,0,9.400000000000034,72074.4,0.035920959774170785
6320,L53499,L,300.8,310.2,1514.0,40.0,155.0,0,0,9.399999999999977,60560.0,0.026402640264026403
6321,M21180,M,300.8,310.2,1304.0,52.5,157.0,0,0,9.399999999999977,68460.0,0.040229885057471264
6322,L53501,L,300.7,310.2,1286.0,64.9,160.0,0,0,9.5,83461.40000000001,0.05042735042735043
6323,M21182,M,300.7,310.1,1483.0,40.2,162.0,0,0,9.400000000000034,59616.600000000006,0.027088948787061997
6324,L53503,L,300.7,310.1,1351.0,46.9,165.0,0,0,9.400000000000034,63361.9,0.034689349112426035
6325,M21184,M,300.7,310.1,1367.0,52.6,167.0,0,0,9.400000000000034,71904.2,0.03845029239766082
6326,L53505,L,300.7,310.1,1721.0,32.3,170.0,0,0,9.400000000000034,55588.299999999996,0.018757259001161437
6327,L53506,L,300.6,310.0,1455.0,40.4,172.0,0,0,9.399999999999977,58782.0,0.027747252747252746
6328,L53507,L,300.6,310.0,1425.0,49.5,174.0,0,0,9.399999999999977,70537.5,0.0347124824684432
6329,L53508,L,300.7,310.0,1672.0,29.7,176.0,0,0,9.300000000000011,49658.4,0.017752540346682607
6330,M21189,M,300.7,310.0,1641.0,34.6,178.0,0,0,9.300000000000011,56778.600000000006,0.021071863580998784
6331,M21190,M,300.5,310.0,1580.0,37.0,181.0,0,0,9.5,58460.0,0.02340290955091714
6332,H35745,H,300.5,310.0,1495.0,47.4,184.0,0,0,9.5,70863.0,0.031684491978609626
6333,M21192,M,300.5,309.9,1994.0,19.8,189.0,0,0,9.399999999999977,39481.200000000004,0.009924812030075189
6334,M21193,M,300.4,309.9,1415.0,31.8,192.0,0,0,9.5,44997.0,0.022457627118644068
6335,M21194,M,300.4,309.8,1725.0,30.4,195.0,0,0,9.400000000000034,52440.0,0.01761297798377752
6336,M21195,M,300.4,309.8,1430.0,43.4,198.0,0,0,9.400000000000034,62062.0,0.030328441649196364
6337,L53516,L,300.4,309.8,1395.0,48.1,201.0,0,0,9.400000000000034,67099.5,0.03445558739255014
6338,M21197,M,300.4,309.8,1435.0,43.6,203.0,0,0,9.400000000000034,62566.0,0.030362116991643456
6339,L53518,L,300.4,309.9,1681.0,28.6,206.0,0,0,9.5,48076.600000000006,0.01700356718192628
6340,L53519,L,300.5,310.0,1451.0,48.6,208.0,0,0,9.5,70518.6,0.03347107438016529
6341,H35754,H,300.5,309.9,1397.0,45.9,210.0,1,1,9.399999999999977,64122.299999999996,0.03283261802575107
6342,M21201,M,300.4,309.8,1421.0,47.2,0.0,0,0,9.400000000000034,67071.2,0.033192686357243324
6343,M21202,M,300.3,309.8,1444.0,42.0,3.0,0,0,9.5,60648.0,0.02906574394463668
6344,L53523,L,300.2,309.8,1827.0,23.0,6.0,0,0,9.600000000000023,42021.0,0.012582056892778994
6345,H35758,H,300.2,309.8,1374.0,47.7,8.0,0,0,9.600000000000023,65539.8,0.03469090909090909
6346,L53525,L,300.2,309.8,1650.0,29.6,13.0,0,0,9.600000000000023,48840.0,0.017928528164748637
6347,L53526,L,300.2,309.7,1275.0,60.7,15.0,0,0,9.5,77392.5,0.0475705329153605
6348,L53527,L,300.2,309.7,1421.0,44.6,17.0,0,0,9.5,63376.6,0.031364275668073135
6349,L53528,L,300.2,309.8,1557.0,33.8,19.0,0,0,9.600000000000023,52626.6,0.02169448010269576
6350,L53529,L,300.1,309.8,1506.0,35.2,21.0,0,0,9.699999999999989,53011.200000000004,0.023357664233576644
6351,L53530,L,300.1,309.7,1362.0,49.1,23.0,0,0,9.599999999999966,66874.2,0.03602347762289068
6352,L53531,L,300.0,309.7,1542.0,47.1,25.0,0,0,9.699999999999989,72628.2,0.030524951393389503
6353,L53532,L,300.0,309.6,1496.0,38.8,27.0,0,0,9.600000000000023,58044.799999999996,0.025918503674014694
6354,M21213,M,300.0,309.6,1491.0,42.0,29.0,0,0,9.600000000000023,62622.0,0.028150134048257374
6355,L53534,L,300.1,309.6,1565.0,34.8,32.0,0,0,9.5,54461.99999999999,0.02222222222222222
6356,L53535,L,300.1,309.7,1481.0,37.9,34.0,0,0,9.599999999999966,56129.9,0.025573549257759783
6357,M21216,M,300.1,309.7,1420.0,48.4,36.0,0,0,9.599999999999966,68728.0,0.03406052076002815
6358,L53537,L,300.2,309.8,1398.0,54.8,39.0,0,0,9.600000000000023,76610.4,0.03917083631165118
6359,M21218,M,300.2,309.8,1466.0,45.7,41.0,0,0,9.600000000000023,66996.2,0.031152010906612137
6360,L53539,L,300.1,309.8,1430.0,56.7,44.0,0,0,9.699999999999989,81081.0,0.03962264150943397
6361,L53540,L,300.1,309.7,1441.0,40.1,46.0,0,0,9.599999999999966,57784.1,0.02780859916782247
6362,M21221,M,300.1,309.7,1348.0,57.3,48.0,0,0,9.599999999999966,77240.4,0.0424759080800593
6363,L53542,L,300.0,309.6,1738.0,28.7,51.0,0,0,9.600000000000023,49880.6,0.016503737780333524
6364,M21223,M,300.0,309.6,1618.0,36.2,53.0,0,0,9.600000000000023,58571.600000000006,0.022359481161210625
6365,M21224,M,299.9,309.6,1489.0,41.7,56.0,0,0,9.700000000000045,62091.3,0.027986577181208054
6366,M21225,M,299.9,309.5,1412.0,57.9,59.0,0,0,9.600000000000023,81754.8,0.04097664543524416
6367,M21226,M,299.9,309.5,2065.0,18.1,62.0,0,0,9.600000000000023,37376.5,0.008760890609874153
6368,L53547,L,300.0,309.6,1571.0,33.1,65.0,0,0,9.600000000000023,52000.100000000006,0.021055979643765904
6369,M21228,M,300.0,309.6,1423.0,48.7,67.0,0,0,9.600000000000023,69300.1,0.03419943820224719
6370,H35783,H,300.0,309.5,1781.0,24.9,70.0,0,0,9.5,44346.899999999994,0.013973063973063972
6371,L53550,L,300.1,309.6,1321.0,46.9,75.0,0,0,9.5,61954.9,0.035476550680786686
6372,L53551,L,300.1,309.6,1546.0,36.7,77.0,0,0,9.5,56738.200000000004,0.023723335488041373
6373,M21232,M,300.0,309.5,1879.0,22.4,79.0,0,0,9.5,42089.6,0.011914893617021275
6374,H35787,H,300.0,309.5,1735.0,28.9,82.0,0,0,9.5,50141.5,0.016647465437788018
6375,L53554,L,300.0,309.5,1506.0,38.8,87.0,0,0,9.5,58432.799999999996,0.02574651625746516
6376,H35789,H,300.0,309.6,1629.0,32.3,89.0,0,0,9.600000000000023,52616.7,0.019815950920245396
6377,L53556,L,300.0,309.6,1694.0,28.7,94.0,0,0,9.600000000000023,48617.799999999996,0.016932153392330382
6378,L53557,L,300.1,309.6,1541.0,37.0,96.0,0,0,9.5,57017.0,0.023994811932555125
6379,L53558,L,300.0,309.6,1514.0,44.6,98.0,0,0,9.600000000000023,67524.40000000001,0.02943894389438944
6380,L53559,L,300.1,309.7,1485.0,45.9,100.0,0,0,9.599999999999966,68161.5,0.03088829071332436
6381,L53560,L,300.2,309.8,1430.0,55.0,102.0,0,0,9.600000000000023,78650.0,0.03843466107617051
6382,L53561,L,300.2,310.1,1771.0,27.1,104.0,0,0,9.900000000000034,47994.100000000006,0.015293453724604967
6383,L53562,L,300.2,309.8,1481.0,41.9,106.0,0,0,9.600000000000023,62053.9,0.028272604588394062
6384,H35797,H,300.2,309.7,1483.0,43.8,108.0,0,0,9.5,64955.399999999994,0.029514824797843665
6385,H35798,H,300.1,309.6,1463.0,45.1,113.0,0,0,9.5,65981.3,0.03080601092896175
6386,L53565,L,300.1,309.7,1410.0,48.3,118.0,0,0,9.599999999999966,68103.0,0.034231041814316084
6387,L53566,L,300.2,309.7,1656.0,34.3,120.0,0,0,9.5,56800.799999999996,0.020700060350030174
6388,M21247,M,300.2,309.8,1487.0,39.2,122.0,0,0,9.600000000000023,58290.4,0.026344086021505377
6389,H35802,H,300.3,309.9,1509.0,46.6,125.0,0,0,9.599999999999966,70319.40000000001,0.03086092715231788
6390,H35803,H,300.3,309.9,1677.0,30.1,130.0,0,0,9.599999999999966,50477.700000000004,0.017938021454112038
6391,L53570,L,300.3,309.8,1450.0,55.0,135.0,0,0,9.5,79750.0,0.03790489317711923
6392,M21251,L,300.2,309.7,1413.0,43.0,137.0,0,0,9.5,60759.0,0.03041018387553041
6393,L53572,L,300.1,309.7,1680.0,33.8,140.0,0,0,9.599999999999966,56783.99999999999,0.020107079119571682
6394,L53573,L,300.2,309.7,1678.0,30.5,142.0,0,0,9.5,51179.0,0.01816557474687314
6395,M21254,M,300.2,309.7,1408.0,44.0,144.0,0,0,9.5,61952.0,0.031227821149751596
6396,M21255,M,300.1,309.6,1376.0,52.1,147.0,0,0,9.5,71689.6,0.03783587509077705
6397,L53576,L,300.0,309.6,1526.0,46.4,150.0,0,0,9.600000000000023,70806.4,0.030386378519973802
6398,M21257,M,300.0,309.6,1587.0,32.6,152.0,0,0,9.600000000000023,51736.200000000004,0.020528967254408063
6399,L53578,L,300.1,309.7,1351.0,58.2,155.0,0,0,9.599999999999966,78628.2,0.04304733727810651
6400,M21259,M,300.1,309.6,1501.0,38.0,157.0,0,0,9.5,57038.0,0.02529960053262317
6401,L53580,L,300.1,309.7,1601.0,35.8,160.0,0,0,9.599999999999966,57315.799999999996,0.022347066167290885
6402,M21261,M,300.0,309.6,1573.0,39.7,162.0,0,0,9.600000000000023,62448.100000000006,0.025222363405336724
6403,M21262,M,300.1,309.6,1584.0,36.7,165.0,0,0,9.5,58132.8,0.023154574132492115
6404,L53583,L,300.1,309.6,1649.0,33.6,168.0,0,0,9.5,55406.4,0.020363636363636365
6405,M21264,M,300.2,309.7,1183.0,61.4,170.0,0,0,9.5,72636.2,0.051858108108108106
6406,L53585,L,300.1,309.7,2151.0,17.5,173.0,0,0,9.599999999999966,37642.5,0.008131970260223048
6407,L53586,L,300.2,309.8,1526.0,45.6,175.0,0,0,9.600000000000023,69585.6,0.029862475442043224
6408,M21267,M,300.3,309.9,1611.0,29.0,177.0,0,0,9.599999999999966,46719.0,0.017990074441687345
6409,L53588,L,300.3,309.9,1601.0,31.7,180.0,0,0,9.599999999999966,50751.7,0.01978776529338327
6410,L53589,L,300.3,310.0,1560.0,40.8,182.0,0,0,9.699999999999989,63647.99999999999,0.026137091607943624
6411,L53590,L,300.4,310.1,1544.0,41.9,184.0,0,0,9.700000000000045,64693.6,0.027119741100323624
6412,M21271,M,300.4,310.0,1560.0,42.3,186.0,0,0,9.600000000000023,65988.0,0.027098014093529788
6413,L53592,L,300.4,310.0,1423.0,44.2,189.0,0,0,9.600000000000023,62896.600000000006,0.03103932584269663
6414,L53593,L,300.4,310.1,1614.0,33.5,191.0,0,0,9.700000000000045,54069.0,0.020743034055727555
6415,M21274,M,300.4,310.1,1457.0,35.1,193.0,0,0,9.700000000000045,51140.700000000004,0.024074074074074074
6416,L53595,L,300.4,310.1,1503.0,42.2,196.0,0,0,9.700000000000045,63426.600000000006,0.028058510638297875
6417,H35830,H,300.4,310.1,1484.0,38.0,198.0,0,0,9.700000000000045,56392.0,0.02558922558922559
6418,L53597,L,300.3,309.9,1540.0,39.9,203.0,0,0,9.599999999999966,61446.0,0.02589227774172615
6419,H35832,H,300.3,309.9,1405.0,52.1,205.0,0,0,9.599999999999966,73200.5,0.03705547652916074
6420,H35833,H,300.3,309.9,1394.0,46.7,210.0,1,1,9.599999999999966,65099.8,0.03347670250896057
6421,L53600,L,300.3,309.9,1518.0,36.4,0.0,0,0,9.599999999999966,55255.2,0.023963133640552994
6422,L53601,L,300.3,309.9,1527.0,41.4,2.0,0,0,9.599999999999966,63217.799999999996,0.027094240837696335
6423,L53602,L,300.3,309.9,1377.0,55.3,4.0,0,0,9.599999999999966,76148.09999999999,0.04013062409288824
6424,M21283,M,300.3,310.0,1537.0,37.5,6.0,0,0,9.699999999999989,57637.5,0.02438231469440832
6425,M21284,M,300.3,310.0,1409.0,43.2,9.0,0,0,9.699999999999989,60868.8,0.030638297872340427
6426,L53605,L,300.3,309.9,1393.0,56.1,12.0,0,0,9.599999999999966,78147.3,0.04024390243902439
6427,L53606,L,300.2,309.7,1448.0,36.8,14.0,0,0,9.5,53286.399999999994,0.025396825396825393
6428,L53607,L,300.2,309.8,1418.0,49.3,16.0,0,0,9.600000000000023,69907.4,0.034742776603241717
6429,M21288,M,300.2,309.8,1743.0,24.1,18.0,0,0,9.600000000000023,42006.3,0.013818807339449542
6430,M21289,M,300.2,309.8,1394.0,47.4,21.0,0,0,9.600000000000023,66075.59999999999,0.03397849462365591
6431,L53610,L,300.3,309.8,1523.0,39.2,24.0,0,0,9.5,59701.600000000006,0.02572178477690289
6432,L53611,L,300.2,309.8,1353.0,59.4,26.0,0,0,9.600000000000023,80368.2,0.043870014771048745
6433,M21292,M,300.3,309.9,1447.0,46.5,28.0,0,0,9.599999999999966,67285.5,0.03211325966850829
6434,L53613,L,300.3,309.9,1570.0,34.0,31.0,0,0,9.599999999999966,53380.0,0.021642266072565246
6435,M21294,M,300.3,309.9,1494.0,38.5,33.0,0,0,9.599999999999966,57519.0,0.025752508361204015
6436,L53615,L,300.3,309.9,1621.0,34.1,36.0,0,0,9.599999999999966,55276.100000000006,0.021023427866831073
6437,L53616,L,300.4,310.0,1769.0,26.1,38.0,0,0,9.600000000000023,46170.9,0.014745762711864407
6438,L53617,L,300.4,310.0,1282.0,66.1,40.0,0,0,9.600000000000023,84740.2,0.051519875292283704
6439,L53618,L,300.4,310.0,1581.0,30.3,42.0,0,0,9.600000000000023,47904.3,0.01915297092288243
6440,L53619,L,300.6,310.1,1656.0,32.7,44.0,0,0,9.5,54151.200000000004,0.019734459867229937
6441,L53620,L,300.6,310.2,1648.0,31.7,46.0,0,0,9.599999999999966,52241.6,0.019223771983020013
6442,L53621,L,300.7,310.2,1639.0,31.4,48.0,0,0,9.5,51464.6,0.019146341463414634
6443,L53622,L,300.7,310.2,1348.0,54.8,50.0,0,0,9.5,73870.4,0.04062268346923647
6444,L53623,L,300.8,310.3,1537.0,33.3,52.0,0,0,9.5,51182.1,0.021651495448634588
6445,M21304,M,300.8,310.3,1270.0,61.0,54.0,0,0,9.5,77470.0,0.04799370574350905
6446,L53625,L,300.7,310.3,1662.0,34.4,57.0,0,0,9.600000000000023,57172.799999999996,0.02068550811785929
6447,M21306,M,300.7,310.3,1471.0,40.2,59.0,0,0,9.600000000000023,59134.200000000004,0.027309782608695654
6448,L53627,L,300.6,310.1,1337.0,45.8,62.0,0,0,9.5,61234.6,0.03423019431988042
6449,H35862,H,300.7,310.2,1877.0,24.8,64.0,0,0,9.5,46549.6,0.013205537806176785
6450,L53629,L,300.6,310.2,1519.0,44.6,69.0,0,0,9.599999999999966,67747.40000000001,0.029342105263157895
6451,L53630,L,300.6,310.2,1378.0,47.3,71.0,0,0,9.599999999999966,65179.399999999994,0.03430021754894851
6452,L53631,L,300.7,310.2,1696.0,27.5,73.0,0,0,9.5,46640.0,0.016205067766647024
6453,L53632,L,300.7,310.1,1376.0,50.8,75.0,0,0,9.400000000000034,69900.8,0.03689179375453885
6454,L53633,L,300.7,310.2,1807.0,24.2,77.0,0,0,9.5,43729.4,0.013384955752212388
6455,L53634,L,300.7,310.1,1598.0,32.8,79.0,0,0,9.400000000000034,52414.399999999994,0.02051282051282051
6456,L53635,L,300.7,310.1,1565.0,40.2,81.0,0,0,9.400000000000034,62913.00000000001,0.02567049808429119
6457,L53636,L,300.7,310.2,1387.0,50.6,83.0,0,0,9.5,70182.2,0.03645533141210375
6458,L53637,L,300.7,310.0,1395.0,48.0,85.0,0,0,9.300000000000011,66960.0,0.034383954154727794
6459,M21318,M,300.6,310.0,1302.0,62.9,87.0,0,0,9.399999999999977,81895.8,0.04827321565617805
6460,M21319,M,300.6,310.0,1397.0,55.2,90.0,0,0,9.399999999999977,77114.40000000001,0.039484978540772535
6461,L53640,L,300.6,310.0,1313.0,52.9,93.0,0,0,9.399999999999977,69457.7,0.04025875190258752
6462,L53641,L,300.6,310.0,1505.0,35.9,95.0,0,0,9.399999999999977,54029.5,0.023837981407702522
6463,H35876,H,300.6,310.0,1483.0,44.0,97.0,0,0,9.399999999999977,65252.0,0.029649595687331536
6464,H35877,H,300.5,310.0,1358.0,60.4,102.0,0,0,9.5,82023.2,0.044444444444444446
6465,M21324,M,300.5,309.9,1735.0,27.0,107.0,0,0,9.399999999999977,46845.0,0.01555299539170507
6466,M21325,M,300.5,309.8,1416.0,48.5,110.0,0,0,9.300000000000011,68676.0,0.034227240649259
6467,L53646,L,300.4,309.7,1740.0,31.1,113.0,0,0,9.300000000000011,54114.0,0.017863296955772545
6468,L53647,L,300.4,309.7,1692.0,27.4,115.0,0,0,9.300000000000011,46360.799999999996,0.01618428824571766
6469,L53648,L,300.5,309.8,1507.0,42.5,117.0,0,0,9.300000000000011,64047.5,0.028183023872679045
6470,M21329,M,300.4,309.6,1521.0,35.0,119.0,0,0,9.200000000000045,53235.0,0.022996057818659658
6471,L53650,L,300.4,309.6,1379.0,54.5,122.0,0,0,9.200000000000045,75155.5,0.03949275362318841
6472,L53651,L,300.4,309.6,1523.0,38.5,124.0,0,0,9.200000000000045,58635.5,0.02526246719160105
6473,H35886,H,300.4,309.6,1571.0,33.6,126.0,0,0,9.200000000000045,52785.600000000006,0.021374045801526718
6474,H35887,H,300.4,309.5,1547.0,50.7,131.0,0,0,9.100000000000023,78432.90000000001,0.032751937984496125
6475,M21334,M,300.5,309.7,1347.0,54.3,136.0,0,0,9.199999999999989,73142.09999999999,0.04028189910979228
6476,L53655,L,300.5,309.7,1560.0,30.2,139.0,0,0,9.199999999999989,47112.0,0.019346572709801408
6477,L53656,L,300.5,309.7,1384.0,48.6,141.0,0,0,9.199999999999989,67262.40000000001,0.035090252707581225
6478,L53657,L,300.5,309.7,1841.0,24.6,143.0,0,0,9.199999999999989,45288.600000000006,0.013355048859934854
6479,L53658,L,300.5,309.8,1663.0,29.1,145.0,1,0,9.300000000000011,48393.3,0.01748798076923077
6480,L53659,L,300.6,309.8,1418.0,42.7,147.0,0,0,9.199999999999989,60548.600000000006,0.030091613812544046
6481,L53660,L,300.7,309.9,1775.0,26.6,149.0,0,0,9.199999999999989,47215.0,0.014977477477477479
6482,L53661,L,300.7,309.8,1406.0,48.4,151.0,0,0,9.100000000000023,68050.4,0.034399431414356786
6483,L53662,L,300.6,309.9,1480.0,43.7,153.0,0,0,9.299999999999955,64676.00000000001,0.029507089804186364
6484,L53663,L,300.7,309.9,1412.0,45.3,155.0,0,0,9.199999999999989,63963.6,0.03205944798301486
6485,H35898,H,300.6,309.8,1913.0,22.5,157.0,0,0,9.199999999999989,43042.5,0.011755485893416929
6486,L53665,L,300.6,309.8,1629.0,37.6,162.0,0,0,9.199999999999989,61250.4,0.023067484662576687
6487,L53666,L,300.5,309.8,1939.0,21.4,164.0,0,0,9.300000000000011,41494.6,0.011030927835051546
6488,H35901,H,300.6,309.8,1541.0,36.2,166.0,0,0,9.199999999999989,55784.200000000004,0.023476005188067448
6489,L53668,L,300.7,309.8,1330.0,54.4,171.0,0,0,9.100000000000023,72352.0,0.04087152516904583
6490,M21349,M,300.7,309.8,1490.0,38.8,173.0,0,0,9.100000000000023,57811.99999999999,0.026022803487592217
6491,L53670,L,300.7,309.9,1383.0,44.5,176.0,0,0,9.199999999999989,61543.5,0.032153179190751446
6492,L53671,L,300.8,310.0,1503.0,52.7,178.0,0,0,9.199999999999989,79208.1,0.03503989361702128
6493,M21352,M,300.8,309.9,1444.0,46.0,180.0,0,0,9.099999999999966,66424.0,0.03183391003460208
6494,L53673,L,300.7,309.8,1363.0,53.1,183.0,0,0,9.100000000000023,72375.3,0.03892961876832845
6495,L53674,L,300.6,309.7,1617.0,33.2,185.0,0,0,9.099999999999966,53684.4,0.020519159456118666
6496,M21355,M,300.6,309.8,1694.0,31.1,187.0,0,0,9.199999999999989,52683.4,0.01834808259587021
6497,L53676,L,300.7,309.9,1815.0,27.0,190.0,0,0,9.199999999999989,49005.0,0.01486784140969163
6498,L53677,L,300.8,309.9,1312.0,65.3,192.0,1,0,9.099999999999966,85673.59999999999,0.04973343488194973
6499,H35912,H,300.8,309.9,2041.0,19.2,194.0,0,0,9.099999999999966,39187.2,0.00940254652301665
6500,L53679,L,300.9,310.0,1671.0,26.8,199.0,0,0,9.100000000000023,44782.8,0.01602870813397129
6501,M21360,M,300.9,310.0,1416.0,46.6,201.0,0,0,9.100000000000023,65985.6,0.0328863796753705
6502,M21361,M,300.9,310.0,1600.0,36.0,204.0,0,0,9.100000000000023,57600.0,0.022485946283572766
6503,L53682,L,300.9,310.0,2595.0,13.7,207.0,0,0,9.100000000000023,35551.5,0.0052773497688751924
6504,M21363,M,300.9,309.9,1465.0,42.9,209.0,0,0,9.0,62848.5,0.029263301500682126
6505,M21364,M,301.0,310.1,1681.0,27.4,212.0,0,0,9.100000000000023,46059.399999999994,0.01629013079667063
6506,L53685,L,301.1,310.1,1457.0,39.6,215.0,0,0,9.0,57697.200000000004,0.027160493827160494
6507,H35920,H,301.0,310.1,1454.0,44.1,217.0,0,0,9.100000000000023,64121.4,0.030309278350515466
6508,L53687,L,301.0,310.1,1558.0,32.6,0.0,0,0,9.100000000000023,50790.8,0.0209108402822322
6509,H35922,H,301.0,310.1,1756.0,30.7,2.0,0,0,9.100000000000023,53909.2,0.017472965281730223
6510,L53689,L,301.1,310.1,1564.0,36.8,7.0,0,0,9.0,57555.2,0.02351437699680511
6511,L53690,L,301.1,310.2,1455.0,55.3,9.0,0,0,9.099999999999966,80461.5,0.03798076923076923
6512,M21371,M,301.2,310.1,2280.0,15.7,11.0,0,0,8.900000000000034,35796.0,0.006882946076282332
6513,M21372,M,301.1,310.0,1433.0,48.1,14.0,0,0,8.899999999999977,68927.3,0.03354253835425384
6514,L53693,L,301.1,310.0,1513.0,38.0,17.0,0,0,8.899999999999977,57494.0,0.02509907529722589
6515,L53694,L,301.0,309.9,1507.0,41.8,19.0,0,0,8.899999999999977,62992.6,0.027718832891246683
6516,L53695,L,301.0,310.0,1480.0,43.5,21.0,0,0,9.0,64380.0,0.02937204591492235
6517,H35930,L,301.1,310.0,1470.0,40.1,23.0,0,0,8.899999999999977,58947.0,0.02726036709721278
6518,L53697,L,301.1,310.1,1540.0,36.6,28.0,0,0,9.0,56364.0,0.02375081116158339
6519,H35932,H,301.0,310.0,1212.0,67.9,30.0,0,0,9.0,82294.8,0.055976916735366866
6520,L53699,L,301.1,310.1,1417.0,46.9,35.0,0,0,9.0,66457.3,0.03307475317348378
6521,M21380,M,301.2,310.1,1666.0,34.9,37.0,0,0,8.900000000000034,58143.399999999994,0.020935812837432514
6522,L53701,L,301.1,310.1,1666.0,27.2,40.0,0,0,9.0,45315.2,0.016316736652669465
6523,L53702,L,301.1,310.1,1489.0,45.8,42.0,0,0,9.0,68196.2,0.030738255033557045
6524,M21383,M,301.1,310.2,1850.0,27.7,44.0,0,0,9.099999999999966,51245.0,0.014964883846569422
6525,L53704,L,301.1,310.4,1874.0,24.8,47.0,0,0,9.299999999999955,46475.200000000004,0.013226666666666668
6526,L53705,L,301.1,310.4,1312.0,73.6,49.0,1,0,9.299999999999955,96563.2,0.05605483625285605
6527,L53706,L,301.2,310.4,1515.0,38.4,51.0,0,0,9.199999999999989,58176.0,0.025329815303430078
6528,L53707,L,301.2,310.4,1516.0,44.4,53.0,0,0,9.199999999999989,67310.4,0.029268292682926828
6529,L53708,L,301.2,310.5,1546.0,40.0,55.0,0,0,9.300000000000011,61840.0,0.025856496444731737
6530,L53709,L,301.3,310.6,1481.0,40.9,57.0,0,0,9.300000000000011,60572.9,0.02759784075573549
6531,H35944,H,301.3,310.6,1605.0,32.5,59.0,0,0,9.300000000000011,52162.5,0.020236612702366128
6532,H35945,H,301.2,310.7,1656.0,26.2,64.0,0,0,9.5,43387.2,0.015811707905853952
6533,H35946,H,301.2,310.6,1352.0,52.0,69.0,0,0,9.400000000000034,70304.0,0.038433111603843315
6534,L53713,L,301.3,310.7,1504.0,47.2,74.0,0,0,9.399999999999977,70988.8,0.03136212624584718
6535,L53714,L,301.3,310.6,1436.0,44.2,76.0,0,0,9.300000000000011,63471.200000000004,0.030758524704244956
6536,H35949,H,301.2,310.5,1505.0,43.6,78.0,0,0,9.300000000000011,65618.0,0.02895086321381142
6537,L53716,L,301.3,310.5,1406.0,47.1,83.0,0,0,9.199999999999989,66222.6,0.03347547974413646
6538,M21397,M,301.3,310.5,1481.0,39.7,85.0,0,0,9.199999999999989,58795.700000000004,0.02678812415654521
6539,L53718,L,301.4,310.7,1487.0,44.6,88.0,0,0,9.300000000000011,66320.2,0.029973118279569895
6540,L53719,L,301.4,310.7,1436.0,54.1,90.0,0,0,9.300000000000011,77687.6,0.037647877522616564
6541,M21400,M,301.4,310.7,1368.0,63.7,92.0,1,0,9.300000000000011,87141.6,0.046530314097881664
6542,L53721,L,301.4,310.7,1509.0,38.3,95.0,0,0,9.300000000000011,57794.7,0.025364238410596023
6543,L53722,L,301.4,310.8,1543.0,36.9,97.0,0,0,9.400000000000034,56936.7,0.023898963730569947
6544,L53723,L,301.4,310.8,1698.0,29.6,99.0,0,0,9.400000000000034,50260.8,0.01742201294879341
6545,M21404,M,301.4,310.7,1470.0,46.5,101.0,0,0,9.300000000000011,68355.0,0.03161114887831407
6546,M21405,M,301.4,310.8,1738.0,30.3,108.0,0,0,9.400000000000034,52661.4,0.017423806785508915
6547,M21406,M,301.4,310.8,1530.0,39.9,107.0,0,0,9.400000000000034,61047.0,0.02606139777922926
6548,L53727,L,301.4,310.8,1740.0,29.2,110.0,0,0,9.400000000000034,50808.0,0.016771970132107985
6549,L53728,L,301.4,310.8,1770.0,24.1,112.0,0,0,9.400000000000034,42657.0,0.013608130999435348
6550,H35963,H,301.3,310.6,1527.0,44.0,114.0,0,0,9.300000000000011,67188.0,0.028795811518324606
6551,L53730,L,301.3,310.7,1516.0,46.0,119.0,0,0,9.399999999999977,69736.0,0.03032300593276203
6552,L53731,L,301.4,310.7,1616.0,36.5,121.0,0,0,9.300000000000011,58984.0,0.02257266542980829
6553,L53732,L,301.4,310.7,1786.0,26.1,123.0,0,0,9.300000000000011,46614.600000000006,0.014605484051482933
6554,L53733,L,301.4,310.8,1389.0,52.7,125.0,0,0,9.400000000000034,73200.3,0.037913669064748204
6555,M21414,M,301.4,310.7,1639.0,29.8,127.0,0,0,9.300000000000011,48842.200000000004,0.018170731707317072
6556,H35969,H,301.5,310.7,1394.0,46.7,130.0,0,0,9.199999999999989,65099.8,0.03347670250896057
6557,L53736,L,301.5,310.7,1686.0,27.9,135.0,0,0,9.199999999999989,47039.399999999994,0.016538233550681684
6558,M21417,M,301.5,310.6,1638.0,31.9,137.0,0,0,9.100000000000023,52252.2,0.019463087248322148
6559,M21418,M,301.5,310.6,1447.0,41.9,140.0,0,0,9.100000000000023,60629.299999999996,0.028936464088397788
6560,H35973,L,301.5,310.6,1512.0,39.0,143.0,0,0,9.100000000000023,58968.0,0.025776602775941838
6561,L53740,L,301.6,310.8,1961.0,21.8,148.0,0,0,9.199999999999989,42749.8,0.011111111111111112
6562,L53741,L,301.5,310.7,1596.0,35.4,150.0,0,0,9.199999999999989,56498.399999999994,0.0221665623043206
6563,M21422,M,301.5,310.7,1871.0,21.3,152.0,0,0,9.199999999999989,39852.3,0.01137820512820513
6564,L53743,L,301.5,310.7,1942.0,20.5,155.0,0,0,9.199999999999989,39811.0,0.010550694801852806
6565,L53744,L,301.4,310.6,1557.0,38.2,157.0,0,0,9.200000000000045,59477.4,0.024518613607188704
6566,L53745,L,301.4,310.6,1550.0,36.8,159.0,0,0,9.200000000000045,57039.99999999999,0.023726627981947128
6567,L53746,L,301.3,310.6,1966.0,22.6,161.0,0,0,9.300000000000011,44431.600000000006,0.011489578037620744
6568,M21427,M,301.3,310.6,1499.0,36.1,163.0,0,0,9.300000000000011,54113.9,0.024066666666666667
6569,L53748,L,301.3,310.6,1521.0,36.3,166.0,0,0,9.300000000000011,55212.299999999996,0.023850197109067016
6570,M21429,M,301.4,310.7,1375.0,42.0,168.0,0,0,9.300000000000011,57750.0,0.030523255813953487
6571,L53750,L,301.4,310.6,1634.0,31.1,171.0,0,0,9.200000000000045,50817.4,0.019021406727828746
6572,M21431,M,301.3,310.6,1378.0,49.4,173.0,0,0,9.300000000000011,68073.2,0.03582306018854242
6573,L53752,L,301.4,310.7,1428.0,53.7,176.0,0,0,9.300000000000011,76683.6,0.03757872638208538
6574,M21433,M,301.4,310.6,1855.0,25.3,178.0,0,0,9.200000000000045,46931.5,0.01363146551724138
6575,L53754,L,301.4,310.6,1578.0,33.0,181.0,0,0,9.200000000000045,52074.0,0.02089930335655478
6576,M21435,M,301.4,310.5,1451.0,45.3,183.0,0,0,9.100000000000023,65730.3,0.031198347107438015
6577,L53756,L,301.5,310.5,1644.0,34.9,186.0,0,0,9.0,57375.6,0.02121580547112462
6578,L53757,L,301.4,310.4,1388.0,45.3,188.0,0,0,9.0,62876.399999999994,0.0326133909287257
6579,L53758,L,301.4,310.4,1543.0,40.9,190.0,0,0,9.0,63108.7,0.02648963730569948
6580,L53759,L,301.3,310.4,1501.0,41.6,192.0,0,0,9.099999999999966,62441.6,0.027696404793608524
6581,L53760,L,301.3,310.4,1507.0,39.1,194.0,0,0,9.099999999999966,58923.700000000004,0.025928381962864722
6582,L53761,L,301.4,310.4,1559.0,36.0,196.0,0,0,9.0,56124.0,0.023076923076923078
6583,L53762,L,301.5,310.5,1528.0,35.7,198.0,0,0,9.0,54549.600000000006,0.023348593852190975
6584,M21443,M,301.5,310.5,1503.0,38.2,200.0,0,0,9.0,57414.600000000006,0.025398936170212768
6585,L53764,L,301.5,310.5,1372.0,44.0,203.0,0,0,9.0,60368.0,0.032046613255644577
6586,M21445,M,301.5,310.5,1600.0,32.8,205.0,0,0,9.0,52479.99999999999,0.02048719550281074
6587,L53766,L,301.5,310.6,1453.0,44.0,208.0,0,0,9.100000000000023,63932.0,0.030261348005502064
6588,M21447,M,301.6,310.7,1813.0,24.6,210.0,0,0,9.099999999999966,44599.8,0.013561190738699009
6589,L53768,L,301.6,310.1,1457.0,40.4,213.0,0,0,8.5,58862.799999999996,0.027709190672153633
6590,M21449,M,301.6,310.6,1553.0,38.9,0.0,0,0,9.0,60411.7,0.02503217503217503
6591,L53770,L,301.7,310.7,1763.0,25.9,3.0,0,0,9.0,45661.7,0.014682539682539682
6592,L53771,L,301.7,310.7,2023.0,20.9,5.0,0,0,9.0,42280.7,0.010326086956521738
6593,M21452,M,301.6,310.7,1457.0,47.8,7.0,0,0,9.099999999999966,69644.59999999999,0.03278463648834019
6594,L53773,L,301.6,310.7,1679.0,29.5,10.0,0,0,9.099999999999966,49530.5,0.01755952380952381
6595,L53774,L,301.6,310.6,2103.0,19.7,12.0,0,0,9.0,41429.1,0.009363117870722432
6596,M21455,M,301.5,310.7,1460.0,38.6,14.0,0,0,9.199999999999989,56356.0,0.02642026009582478
6597,M21456,M,301.5,310.7,1454.0,39.4,17.0,0,0,9.199999999999989,57287.6,0.027079037800687284
6598,L53777,L,301.5,310.6,1481.0,46.8,20.0,0,0,9.100000000000023,69310.8,0.031578947368421054
6599,L53778,L,301.5,310.7,1424.0,51.1,22.0,0,0,9.199999999999989,72766.40000000001,0.03585964912280702
6600,L53779,L,301.6,310.7,1494.0,39.5,24.0,0,0,9.099999999999966,59013.0,0.026421404682274247
6601,M21460,M,301.5,310.6,1424.0,47.0,26.0,0,0,9.100000000000023,66928.0,0.03298245614035088
6602,M21461,M,301.5,310.7,1347.0,47.9,29.0,0,0,9.199999999999989,64521.299999999996,0.035534124629080115
6603,L53782,L,301.5,310.6,1374.0,46.7,32.0,0,0,9.100000000000023,64165.8,0.03396363636363636
6604,M21463,M,301.5,310.6,1403.0,47.4,34.0,0,0,9.100000000000023,66502.2,0.03376068376068376
6605,M21464,M,301.5,310.6,1573.0,37.4,37.0,0,0,9.100000000000023,58830.2,0.023761118170266837
6606,M21465,M,301.6,310.6,1691.0,30.1,40.0,0,0,9.0,50899.100000000006,0.017789598108747046
6607,H36020,H,301.5,310.5,1538.0,44.3,43.0,0,0,9.0,68133.4,0.028784925276153346
6608,L53787,L,301.5,310.5,1556.0,39.1,48.0,0,0,9.0,60839.600000000006,0.025112395632626846
6609,M21468,M,301.5,310.4,1593.0,36.8,50.0,0,0,8.899999999999977,58622.399999999994,0.023086574654956084
6610,L53789,L,301.5,310.4,1503.0,39.9,53.0,0,0,8.899999999999977,59969.7,0.026529255319148935
6611,L53790,L,301.5,310.4,1543.0,34.0,55.0,0,0,8.899999999999977,52462.0,0.022020725388601035
6612,H36025,H,301.5,310.5,1587.0,33.8,57.0,0,0,9.0,53640.6,0.021284634760705287
6613,L53792,L,301.6,310.6,1222.0,70.0,62.0,0,0,9.0,85540.0,0.05723630417007359
6614,L53793,L,301.7,310.6,1513.0,41.1,64.0,0,0,8.900000000000034,62184.3,0.02714663143989432
6615,L53794,L,301.7,310.6,1660.0,28.7,66.0,0,0,8.900000000000034,47642.0,0.0172787477423239
6616,L53795,L,301.7,310.6,1545.0,42.1,68.0,0,0,8.900000000000034,65044.5,0.02723156532988357
6617,M21476,M,301.7,310.6,1380.0,45.8,70.0,0,0,8.900000000000034,63203.99999999999,0.03316437364228819
6618,L53797,L,301.6,310.6,1321.0,60.8,73.0,0,0,9.0,80316.8,0.04599092284417549
6619,M21478,M,301.6,310.6,1309.0,65.8,75.0,1,0,9.0,86132.2,0.050229007633587786
6620,M21479,M,301.7,310.7,1627.0,31.3,78.0,0,0,9.0,50925.1,0.019226044226044226
6621,M21480,M,301.6,310.7,1791.0,23.8,81.0,0,0,9.099999999999966,42625.8,0.01328125
6622,M21481,M,301.7,310.7,1861.0,21.8,84.0,0,0,9.0,40569.8,0.011707841031149302
6623,L53802,L,301.7,310.7,1493.0,51.1,87.0,0,0,9.0,76292.3,0.034203480589022756
6624,M21483,M,301.7,310.7,1442.0,41.1,89.0,0,0,9.0,59266.200000000004,0.028482328482328484
6625,L53804,L,301.7,310.7,1532.0,39.8,92.0,0,0,9.0,60973.6,0.025962165688193085
6626,M21485,M,301.6,310.7,1421.0,44.4,94.0,0,0,9.099999999999966,63092.4,0.03122362869198312
6627,L53806,L,301.6,310.6,1613.0,42.5,97.0,0,0,9.0,68552.5,0.026332094175960347
6628,M21487,M,301.7,310.6,1876.0,22.1,99.0,0,0,8.900000000000034,41459.600000000006,0.011774107618540225
6629,L53808,L,301.6,310.5,1593.0,34.5,102.0,0,0,8.899999999999977,54958.5,0.02164366373902133
6630,L53809,L,301.6,310.5,1397.0,49.4,104.0,0,0,8.899999999999977,69011.8,0.035336194563662375
6631,M21490,M,301.6,310.5,1414.0,49.3,106.0,0,0,8.899999999999977,69710.2,0.03484098939929328
6632,M21491,M,301.5,310.4,1378.0,55.3,109.0,0,0,8.899999999999977,76203.4,0.04010152284263959
6633,L53812,L,301.4,310.4,1301.0,51.2,112.0,0,0,9.0,66611.2,0.03932411674347158
6634,M21493,M,301.5,310.5,1737.0,29.3,114.0,0,0,9.0,50894.1,0.016858457997698504
6635,L53814,L,301.5,310.5,1396.0,44.5,117.0,0,0,9.0,62122.0,0.03185397279885469
6636,L53815,L,301.5,310.5,1534.0,39.3,119.0,0,0,9.0,60286.2,0.02560260586319218
6637,M21496,M,301.5,310.5,1774.0,25.5,121.0,0,0,9.0,45237.0,0.01436619718309859
6638,H36051,H,301.5,310.5,1453.0,48.0,124.0,0,0,9.0,69744.0,0.033012379642365884
6639,L53818,L,301.5,310.5,1453.0,44.2,129.0,0,0,9.0,64222.600000000006,0.030398899587345256
6640,L53819,L,301.4,310.5,1380.0,48.4,131.0,0,0,9.100000000000023,66792.0,0.03504706734250543
6641,L53820,L,301.4,310.4,1334.0,43.2,133.0,0,0,9.0,57628.8,0.032359550561797755
6642,L53821,L,301.5,310.5,1702.0,28.7,135.0,0,0,9.0,48847.4,0.01685261303581914
6643,L53822,L,301.6,310.6,1431.0,37.5,137.0,0,0,9.0,53662.5,0.026187150837988827
6644,M21503,M,301.5,310.5,1308.0,60.5,139.0,0,0,9.0,79134.0,0.046218487394957986
6645,L53824,L,301.5,310.6,1565.0,43.9,142.0,0,0,9.100000000000023,68703.5,0.028033205619412516
6646,M21505,M,301.5,310.4,1486.0,39.6,144.0,0,0,8.899999999999977,58845.6,0.026630800268997983
6647,L53826,L,301.5,310.5,1479.0,34.2,147.0,0,0,9.0,50581.8,0.02310810810810811
6648,L53827,L,301.5,310.5,1927.0,22.4,149.0,0,0,9.0,43164.799999999996,0.011618257261410787
6649,L53828,L,301.5,310.4,1488.0,41.1,151.0,0,0,8.899999999999977,61156.8,0.02760241773002015
6650,M21509,M,301.5,310.4,1350.0,54.9,153.0,0,0,8.899999999999977,74115.0,0.040636565507031826
6651,L53830,L,301.6,310.4,1561.0,35.3,156.0,0,0,8.799999999999955,55103.299999999996,0.02259923175416133
6652,M21511,M,301.5,310.4,1276.0,55.6,158.0,0,0,8.899999999999977,70945.6,0.043539545810493345
6653,H36066,H,301.5,310.4,1580.0,35.7,161.0,0,0,8.899999999999977,56406.00000000001,0.022580645161290325
6654,M21513,M,301.4,310.3,1610.0,29.1,166.0,0,0,8.900000000000034,46851.0,0.018063314711359406
6655,L53834,L,301.4,310.3,2203.0,16.6,169.0,0,0,8.900000000000034,36569.8,0.007531760435571688
6656,L53835,L,301.4,310.3,1639.0,32.7,171.0,0,0,8.900000000000034,53595.3,0.019939024390243903
6657,M21516,M,301.4,310.4,1553.0,44.7,173.0,0,0,9.0,69419.1,0.028764478764478765
6658,L53837,L,301.4,310.3,1374.0,47.6,176.0,0,0,8.900000000000034,65402.4,0.03461818181818182
6659,L53838,L,301.4,310.4,1430.0,50.9,178.0,0,0,9.0,72787.0,0.035569531795946886
6660,L53839,L,301.3,310.3,1626.0,31.3,180.0,0,0,9.0,50893.8,0.01923786109403811
6661,H36074,H,301.4,310.5,1421.0,43.8,182.0,0,0,9.100000000000023,62239.799999999996,0.030801687763713077
6662,M21521,M,301.3,310.4,1501.0,39.8,187.0,0,0,9.099999999999966,59739.799999999996,0.026498002663115843
6663,M21522,M,301.3,310.4,2093.0,18.7,190.0,0,0,9.099999999999966,39139.1,0.008930276981852912
6664,L53843,L,301.3,310.4,1504.0,47.2,193.0,0,0,9.099999999999966,70988.8,0.03136212624584718
6665,L53844,L,301.3,310.4,1538.0,38.4,195.0,0,0,9.099999999999966,59059.2,0.024951267056530214
6666,L53845,L,301.3,310.4,1440.0,41.5,197.0,0,0,9.099999999999966,59760.0,0.02879944482997918
6667,L53846,L,301.3,310.4,1414.0,51.4,199.0,0,0,9.099999999999966,72679.59999999999,0.036325088339222614
6668,H36081,H,301.4,310.5,1536.0,39.9,201.0,0,0,9.100000000000023,61286.399999999994,0.025959661678594665
6669,L53848,L,301.4,310.5,1476.0,39.2,206.0,0,0,9.100000000000023,57859.200000000004,0.026540284360189577
6670,L53849,L,301.4,310.5,1571.0,33.9,208.0,0,0,9.100000000000023,53256.899999999994,0.021564885496183205
6671,L53850,L,301.5,310.6,1998.0,20.2,210.0,0,0,9.100000000000023,40359.6,0.010105052526263132
6672,L53851,L,301.5,310.6,1357.0,42.1,212.0,0,0,9.100000000000023,57129.700000000004,0.031001472754050075
6673,L53852,L,301.6,310.7,1424.0,50.5,214.0,0,0,9.099999999999966,71912.0,0.03543859649122807
6674,L53853,L,301.6,310.7,1380.0,51.8,216.0,1,0,9.099999999999966,71484.0,0.037509051412020274
6675,L53854,L,301.5,310.7,1618.0,35.5,218.0,0,0,9.199999999999989,57439.0,0.021927115503397158
6676,L53855,L,301.5,310.6,1579.0,28.0,220.0,0,0,9.100000000000023,44212.0,0.017721518987341773
6677,L53856,L,301.5,310.7,1423.0,44.0,222.0,0,0,9.199999999999989,62612.0,0.03089887640449438
6678,L53857,L,301.5,310.7,1435.0,38.5,224.0,0,0,9.199999999999989,55247.5,0.02681058495821727
6679,M21538,M,301.5,310.7,1336.0,65.6,0.0,1,0,9.199999999999989,87641.59999999999,0.04906507105459985
6680,L53859,L,301.6,310.8,1392.0,42.4,3.0,0,0,9.199999999999989,59020.799999999996,0.030437903804737973
6681,L53860,L,301.5,310.8,1417.0,49.7,5.0,0,0,9.300000000000011,70424.90000000001,0.035049365303244005
6682,L53861,L,301.4,310.7,1425.0,45.1,7.0,0,0,9.300000000000011,64267.5,0.03162692847124825
6683,L53862,L,301.5,310.8,1512.0,38.9,9.0,0,0,9.300000000000011,58816.799999999996,0.02571050892267019
6684,L53863,L,301.5,310.9,1318.0,50.6,11.0,0,0,9.399999999999977,66690.8,0.03836239575435937
6685,L53864,L,301.6,310.9,1538.0,40.4,13.0,0,0,9.299999999999955,62135.2,0.026250812215724496
6686,L53865,L,301.6,310.9,1532.0,43.6,15.0,0,0,9.299999999999955,66795.2,0.028440965427266797
6687,L53866,L,301.7,311.0,1715.0,24.8,17.0,0,0,9.300000000000011,42532.0,0.014452214452214453
6688,L53867,L,301.7,311.0,1700.0,28.7,19.0,0,0,9.300000000000011,48790.0,0.016872427983539093
6689,L53868,L,301.7,311.0,1548.0,40.3,21.0,0,0,9.300000000000011,62384.399999999994,0.02601678502259522
6690,L53869,L,301.7,311.0,1546.0,43.0,23.0,0,0,9.300000000000011,66478.0,0.027795733678086618
6691,L53870,L,301.7,311.0,1343.0,49.2,25.0,0,0,9.300000000000011,66075.6,0.03660714285714286
6692,M21551,M,301.7,311.0,1510.0,47.8,27.0,0,0,9.300000000000011,72178.0,0.03163467902051621
6693,M21552,M,301.8,310.1,1839.0,23.6,30.0,0,0,8.300000000000011,43400.4,0.01282608695652174
6694,M21553,M,301.8,311.0,1756.0,26.7,33.0,0,0,9.199999999999989,46885.2,0.015196357427433124
6695,M21554,M,301.7,310.9,1300.0,62.7,36.0,0,0,9.199999999999989,81510.0,0.048193697156033825
6696,M21555,M,301.7,311.0,1311.0,55.8,39.0,0,0,9.300000000000011,73153.8,0.042530487804878045
6697,L53876,L,301.7,310.9,1636.0,31.3,42.0,0,0,9.199999999999989,51206.8,0.019120342089187538
6698,L53877,L,301.6,310.9,1643.0,34.1,44.0,0,0,9.299999999999955,56026.3,0.020742092457420924
6699,L53878,L,301.6,310.8,1418.0,44.7,46.0,0,0,9.199999999999989,63384.600000000006,0.03150105708245243
6700,M21559,M,301.7,310.8,1516.0,40.4,48.0,0,0,9.100000000000023,61246.4,0.026631509558338824
6701,H36114,H,301.6,310.9,1419.0,50.2,51.0,0,0,9.299999999999955,71233.8,0.03535211267605634
6702,L53881,L,301.6,310.9,1623.0,34.1,56.0,0,0,9.299999999999955,55344.3,0.020997536945812807
6703,M21562,M,301.6,310.8,1664.0,32.0,58.0,0,0,9.199999999999989,53248.0,0.01921921921921922
6704,M21563,M,301.5,310.7,1744.0,28.2,61.0,0,0,9.199999999999989,49180.799999999996,0.016160458452722064
6705,M21564,M,301.5,310.7,1510.0,36.0,64.0,0,0,9.199999999999989,54360.0,0.02382528127068167
6706,M21565,M,301.5,310.6,1382.0,58.1,67.0,0,0,9.100000000000023,80294.2,0.042010122921185826
6707,L53886,L,301.4,310.6,1381.0,46.1,70.0,0,0,9.200000000000045,63664.1,0.033357452966714905
6708,L53887,L,301.3,310.6,1556.0,39.0,72.0,0,0,9.300000000000011,60684.0,0.025048169556840076
6709,M21568,M,301.4,310.6,1464.0,37.4,74.0,0,0,9.200000000000045,54753.6,0.02552901023890785
6710,L53889,L,301.4,310.6,1481.0,37.6,77.0,0,0,9.200000000000045,55685.6,0.025371120107962213
6711,L53890,L,301.5,310.7,1323.0,49.7,79.0,0,0,9.199999999999989,65753.1,0.037537764350453175
6712,L53891,L,301.5,310.7,1426.0,46.1,81.0,0,0,9.199999999999989,65738.6,0.03230553608969867
6713,H36126,H,301.4,310.7,1516.0,36.4,83.0,0,0,9.300000000000011,55182.4,0.023994726433750824
6714,L53893,L,301.3,310.6,1416.0,45.2,88.0,0,0,9.300000000000011,64003.200000000004,0.031898376852505295
6715,L53894,L,301.3,310.6,1440.0,53.8,90.0,0,0,9.300000000000011,77472.0,0.037335183900069395
6716,L53895,L,301.3,310.6,1576.0,30.4,92.0,0,0,9.300000000000011,47910.399999999994,0.019277108433734938
6717,L53896,L,301.3,310.6,1387.0,53.6,94.0,0,0,9.300000000000011,74343.2,0.038616714697406344
6718,M21577,M,301.4,310.6,1464.0,48.6,96.0,0,0,9.200000000000045,71150.40000000001,0.0331740614334471
6719,L53898,L,301.4,310.6,2137.0,18.0,99.0,0,0,9.200000000000045,38466.0,0.00841908325537886
6720,M21579,M,301.4,310.6,1431.0,40.6,101.0,0,0,9.200000000000045,58098.6,0.02835195530726257
6721,L53900,L,301.3,310.6,1458.0,48.0,104.0,0,0,9.300000000000011,69984.0,0.03289924605894448
6722,L53901,L,301.4,310.7,1280.0,61.0,106.0,0,0,9.300000000000011,78080.0,0.047619047619047616
6723,L53902,L,301.4,310.7,1657.0,28.7,108.0,0,0,9.300000000000011,47555.9,0.017310012062726175
6724,M21583,M,301.4,310.6,1565.0,36.1,110.0,0,0,9.200000000000045,56496.5,0.02305236270753512
6725,L53904,L,301.3,310.6,1560.0,36.8,113.0,0,0,9.300000000000011,57407.99999999999,0.023574631646380524
6726,M21585,M,301.5,310.7,1359.0,47.1,115.0,0,0,9.199999999999989,64008.9,0.03463235294117647
6727,L53906,L,301.5,310.8,1500.0,41.0,118.0,0,0,9.300000000000011,61500.0,0.02731512325116589
6728,L53907,L,301.5,310.8,1785.0,25.5,120.0,0,0,9.300000000000011,45517.5,0.01427771556550952
6729,L53908,L,301.5,310.9,1891.0,23.2,122.0,0,0,9.399999999999977,43871.2,0.012262156448202959
6730,H36143,H,301.5,310.9,1524.0,40.4,124.0,0,0,9.399999999999977,61569.6,0.026491803278688525
6731,M21590,M,301.6,311.0,1431.0,42.3,129.0,0,0,9.399999999999977,60531.299999999996,0.029539106145251393
6732,L53911,L,301.6,310.9,1385.0,51.2,132.0,0,0,9.299999999999955,70912.0,0.03694083694083694
6733,L53912,L,301.7,311.0,1503.0,44.8,134.0,0,0,9.300000000000011,67334.4,0.02978723404255319
6734,M21593,M,301.7,311.0,1311.0,46.8,136.0,0,0,9.300000000000011,61354.799999999996,0.03567073170731707
6735,M21594,M,301.6,310.9,1575.0,40.1,139.0,0,0,9.299999999999955,63157.5,0.025444162436548224
6736,L53915,L,301.6,311.0,1485.0,40.1,142.0,0,0,9.399999999999977,59548.5,0.026985195154777927
6737,L53916,L,301.7,311.0,1527.0,42.2,144.0,0,0,9.300000000000011,64439.4,0.02761780104712042
6738,M21597,M,301.7,311.0,1537.0,33.5,146.0,0,0,9.300000000000011,51489.5,0.021781534460338103
6739,H36152,H,301.8,311.1,1463.0,50.1,149.0,0,0,9.300000000000011,73296.3,0.034221311475409834
6740,L53919,L,301.7,311.2,1482.0,43.6,154.0,0,0,9.5,64615.200000000004,0.02939986513823331
6741,L53920,L,301.8,311.2,1417.0,55.9,156.0,0,0,9.399999999999977,79210.3,0.03942172073342736
6742,M21601,M,301.7,311.1,1506.0,39.5,158.0,0,0,9.400000000000034,59487.0,0.026211015262110154
6743,H36156,H,301.7,311.2,1639.0,30.0,161.0,0,0,9.5,49170.0,0.018292682926829267
6744,L53923,L,301.7,311.2,1418.0,38.0,166.0,0,0,9.5,53884.0,0.026779422128259338
6745,M21604,M,301.7,311.0,1298.0,58.1,168.0,0,0,9.300000000000011,75413.8,0.04472671285604311
6746,M21605,M,301.8,311.1,1395.0,44.6,171.0,0,0,9.300000000000011,62217.0,0.03194842406876791
6747,M21606,M,301.7,311.1,1578.0,40.5,174.0,0,0,9.400000000000034,63909.0,0.02564914502849905
6748,M21607,M,301.8,311.1,1597.0,29.8,177.0,0,0,9.300000000000011,47590.6,0.018648310387984982
6749,H36162,H,301.7,311.0,2016.0,19.3,180.0,0,0,9.300000000000011,38908.8,0.009568666336142787
6750,L53929,L,301.7,311.0,1585.0,35.9,185.0,0,0,9.300000000000011,56901.5,0.022635561160151325
6751,M21610,M,301.7,311.0,1505.0,44.0,187.0,0,0,9.300000000000011,66220.0,0.029216467463479414
6752,M21611,M,301.7,311.0,1505.0,37.1,190.0,0,0,9.300000000000011,55835.5,0.024634794156706507
6753,L53932,L,301.6,310.9,1706.0,29.5,193.0,0,0,9.299999999999955,50327.0,0.017281780902167546
6754,L53933,L,301.6,310.9,1385.0,50.7,195.0,0,0,9.299999999999955,70219.5,0.03658008658008658
6755,L53934,L,301.8,311.1,1495.0,36.9,197.0,0,0,9.300000000000011,55165.5,0.02466577540106952
6756,M21615,M,300.1,311.1,1663.0,31.6,199.0,0,0,11.0,52550.8,0.018990384615384617
6757,L53936,L,301.8,311.2,1840.0,26.6,202.0,0,0,9.399999999999977,48944.0,0.014448669201520914
6758,L53937,L,301.8,311.2,1822.0,26.2,204.0,0,0,9.399999999999977,47736.4,0.014371914426769062
6759,L53938,L,301.7,311.1,1644.0,32.8,206.0,0,0,9.400000000000034,53923.2,0.019939209726443766
6760,L53939,L,301.7,311.0,1441.0,44.3,208.0,1,1,9.300000000000011,63836.299999999996,0.03072122052704577
6761,L53940,L,301.5,310.9,1451.0,40.6,0.0,0,0,9.399999999999977,58910.6,0.027961432506887055
6762,L53941,L,301.5,310.9,1400.0,50.8,2.0,0,0,9.399999999999977,71120.0,0.03625981441827266
6763,L53942,L,301.4,310.8,1362.0,53.2,4.0,0,0,9.400000000000034,72458.40000000001,0.039031548055759355
6764,M21623,M,301.4,310.8,1782.0,26.5,6.0,0,0,9.400000000000034,47223.0,0.014862591138530567
6765,L53944,L,301.4,310.9,1536.0,38.3,9.0,0,0,9.5,58828.799999999996,0.024918672739102147
6766,L53945,L,301.5,310.9,1580.0,32.3,11.0,0,0,9.399999999999977,51033.99999999999,0.020430107526881718
6767,M21626,M,301.4,311.0,1427.0,43.2,13.0,0,0,9.600000000000023,61646.4,0.030252100840336138
6768,L53947,L,301.3,310.9,1509.0,41.7,16.0,0,0,9.599999999999966,62925.3,0.027615894039735103
6769,H36182,H,301.3,310.8,1434.0,39.5,18.0,0,0,9.5,56643.0,0.027526132404181183
6770,L53949,L,301.2,310.8,1392.0,52.6,23.0,0,0,9.600000000000023,73219.2,0.037760229720028717
6771,M21630,M,301.3,310.8,1509.0,40.1,25.0,0,0,9.5,60510.9,0.026556291390728477
6772,M21631,M,301.2,310.7,1962.0,22.5,28.0,0,0,9.5,44145.0,0.011462047885888945
6773,L53952,L,301.3,310.7,1536.0,39.3,31.0,0,0,9.399999999999977,60364.799999999996,0.02556929082628497
6774,L53953,L,301.3,310.8,1381.0,47.9,33.0,0,0,9.5,66149.9,0.03465991316931982
6775,H36188,H,301.2,310.7,1747.0,27.3,35.0,0,0,9.5,47693.1,0.015617848970251716
6776,L53955,L,301.2,310.6,1670.0,30.0,40.0,0,0,9.400000000000034,50100.0,0.017953321364452424
6777,L53956,L,301.3,310.6,1451.0,47.5,42.0,0,0,9.300000000000011,68922.5,0.03271349862258953
6778,L53957,L,301.2,310.7,1951.0,21.3,44.0,0,0,9.5,41556.3,0.010911885245901639
6779,M21638,M,301.3,310.7,1819.0,25.5,46.0,0,0,9.399999999999977,46384.5,0.014010989010989012
6780,M21639,M,301.3,310.8,1372.0,54.2,49.0,0,0,9.5,74362.40000000001,0.03947560087399855
6781,L53960,L,301.3,310.8,1560.0,38.5,52.0,0,0,9.5,60060.0,0.02466367713004484
6782,M21641,M,301.3,310.8,1494.0,35.3,54.0,0,0,9.5,52738.2,0.023612040133779263
6783,L53962,L,301.3,310.8,1531.0,53.4,57.0,0,0,9.5,81755.4,0.03485639686684073
6784,L53963,L,301.3,310.8,1450.0,46.9,59.0,0,0,9.5,68005.0,0.03232253618194349
6785,M21644,M,301.3,310.7,1391.0,52.5,61.0,0,0,9.399999999999977,73027.5,0.03771551724137931
6786,L53965,L,301.2,310.6,1389.0,45.3,64.0,0,0,9.400000000000034,62921.7,0.03258992805755395
6787,L53966,L,301.2,310.6,1409.0,50.9,66.0,0,0,9.400000000000034,71718.09999999999,0.036099290780141846
6788,H36201,H,301.1,310.6,1388.0,58.5,68.0,0,0,9.5,81198.0,0.042116630669546434
6789,M21648,M,301.1,310.6,1410.0,43.9,73.0,0,0,9.5,61899.0,0.031112686038270727
6790,M21649,M,301.1,310.5,1646.0,30.7,76.0,0,0,9.399999999999977,50532.2,0.018639951426836672
6791,M21650,M,301.1,310.7,2219.0,16.7,79.0,0,0,9.599999999999966,37057.299999999996,0.007522522522522522
6792,L53971,L,301.2,310.7,1551.0,41.2,82.0,0,0,9.5,63901.200000000004,0.026546391752577322
6793,L53972,L,301.2,310.6,1811.0,24.0,84.0,0,0,9.400000000000034,43464.0,0.013245033112582781
6794,L53973,L,301.3,310.7,1608.0,31.4,86.0,0,0,9.399999999999977,50491.2,0.019515226848974516
6795,L53974,L,301.3,310.8,1428.0,55.2,88.0,0,0,9.5,78825.6,0.03862841147655704
6796,L53975,L,301.4,310.8,1477.0,50.4,90.0,0,0,9.400000000000034,74440.8,0.03410013531799729
6797,M21656,M,301.3,310.7,1300.0,58.3,92.0,0,0,9.399999999999977,75790.0,0.044811683320522676
6798,M21657,M,301.2,310.7,1615.0,34.9,95.0,0,0,9.5,56363.5,0.021596534653465345
6799,L53978,L,301.2,310.7,1676.0,32.4,98.0,0,0,9.5,54302.399999999994,0.01932021466905188
6800,M21659,M,301.1,310.7,2636.0,12.2,100.0,1,0,9.599999999999966,32159.199999999997,0.004626469472885855
6801,M21660,M,301.1,310.6,1310.0,48.8,103.0,0,0,9.5,63927.99999999999,0.03722349351639969
6802,L53981,L,301.1,310.7,1334.0,48.2,106.0,0,0,9.599999999999966,64298.8,0.03610486891385768
6803,M21662,M,301.1,310.7,1621.0,31.0,108.0,0,0,9.599999999999966,50251.0,0.01911220715166461
6804,M21663,M,301.1,310.7,1367.0,43.4,111.0,0,0,9.599999999999966,59327.799999999996,0.031725146198830406
6805,L53984,L,301.0,310.6,1588.0,33.7,114.0,0,0,9.600000000000023,53515.600000000006,0.021208307111390812
6806,M21665,M,301.0,310.7,1497.0,37.6,116.0,0,0,9.699999999999989,56287.200000000004,0.025100133511348467
6807,L53986,L,301.1,310.8,1608.0,32.9,119.0,0,0,9.699999999999989,52903.2,0.020447482908638907
6808,L53987,L,301.0,310.8,1549.0,41.4,121.0,0,0,9.800000000000011,64128.6,0.026709677419354837
6809,L53988,L,301.0,310.7,1391.0,45.0,123.0,0,0,9.699999999999989,62595.0,0.032327586206896554
6810,L53989,L,300.9,310.8,1490.0,38.1,125.0,0,0,9.900000000000034,56769.0,0.025553319919517103
6811,L53990,L,301.0,310.7,1727.0,34.5,127.0,0,0,9.699999999999989,59581.5,0.019965277777777776
6812,L53991,L,300.9,310.6,1504.0,46.4,129.0,0,0,9.700000000000045,69785.59999999999,0.030830564784053154
6813,L53992,L,300.9,310.6,1350.0,53.8,131.0,0,0,9.700000000000045,72630.0,0.03982235381199112
6814,M21673,M,300.9,310.7,1420.0,43.0,133.0,0,0,9.800000000000011,61060.0,0.030260380014074596
6815,H36228,H,300.8,310.6,1465.0,44.1,136.0,0,0,9.800000000000011,64606.5,0.030081855388813097
6816,L53995,L,300.9,310.7,1427.0,44.1,141.0,0,0,9.800000000000011,62930.700000000004,0.030882352941176472
6817,L53996,L,300.9,310.7,1477.0,43.2,143.0,0,0,9.800000000000011,63806.4,0.029228687415426252
6818,M21677,M,301.0,310.7,1493.0,48.1,145.0,0,0,9.699999999999989,71813.3,0.0321954484605087
6819,M21678,M,301.0,310.7,1657.0,29.9,148.0,0,0,9.699999999999989,49544.299999999996,0.018033775633293125
6820,L53999,L,300.9,310.7,1359.0,46.0,151.0,0,0,9.800000000000011,62514.0,0.033823529411764704
6821,L54000,L,300.8,310.6,1551.0,34.5,153.0,0,0,9.800000000000011,53509.5,0.02222938144329897
6822,M21681,M,300.8,310.6,1545.0,37.5,155.0,0,0,9.800000000000011,57937.5,0.02425614489003881
6823,M21682,M,300.9,310.6,1709.0,29.2,158.0,0,0,9.700000000000045,49902.799999999996,0.017076023391812866
6824,M21683,M,300.9,310.7,1268.0,56.3,161.0,0,0,9.800000000000011,71388.4,0.04436564223798266
6825,L54004,L,300.9,310.7,1740.0,25.3,164.0,0,0,9.800000000000011,44022.0,0.01453187823090178
6826,L54005,L,301.0,310.9,1828.0,25.1,166.0,0,0,9.899999999999977,45882.8,0.013723346090759979
6827,L54006,L,301.0,310.9,1822.0,21.6,168.0,0,0,9.899999999999977,39355.200000000004,0.011848601206801975
6828,M21687,M,301.0,310.9,1515.0,41.8,170.0,0,0,9.899999999999977,63326.99999999999,0.027572559366754616
6829,L54008,L,301.0,310.9,1392.0,52.9,173.0,0,0,9.899999999999977,73636.8,0.03797559224694903
6830,H36243,H,300.9,310.9,1474.0,35.7,175.0,0,0,10.0,52621.8,0.024203389830508477
6831,M21690,M,301.0,310.9,1359.0,53.4,180.0,0,0,9.899999999999977,72570.59999999999,0.03926470588235294
6832,L54011,L,301.1,311.0,1565.0,52.3,183.0,0,0,9.899999999999977,81849.5,0.03339719029374202
6833,M21692,M,301.1,311.1,1384.0,42.5,185.0,0,0,10.0,58820.0,0.030685920577617327
6834,L54013,L,301.1,311.1,1387.0,53.1,188.0,0,0,10.0,73649.7,0.038256484149855906
6835,L54014,L,301.1,311.0,1378.0,51.1,190.0,0,0,9.899999999999977,70415.8,0.03705583756345178
6836,L54015,L,301.0,310.9,1809.0,25.7,192.0,0,0,9.899999999999977,46491.299999999996,0.014198895027624309
6837,H36250,H,301.1,311.0,1339.0,52.8,194.0,0,0,9.899999999999977,70699.2,0.03940298507462686
6838,M21697,M,301.0,311.0,1423.0,38.6,199.0,0,0,10.0,54927.8,0.027106741573033707
6839,L54018,L,301.1,311.1,1570.0,41.6,202.0,0,0,10.0,65312.0,0.026479949077021007
6840,L54019,L,301.2,311.2,1558.0,34.1,204.0,0,0,10.0,53127.8,0.02187299550994227
6841,L54020,L,301.1,311.1,1799.0,21.7,206.0,0,0,10.0,39038.299999999996,0.012055555555555555
6842,M21701,M,301.1,311.2,1591.0,35.0,208.0,0,0,10.099999999999966,55685.0,0.02198492462311558
6843,L54022,L,301.2,311.2,1635.0,29.6,211.0,0,0,10.0,48396.0,0.018092909535452322
6844,L54023,L,301.3,311.3,1509.0,42.5,213.0,0,0,10.0,64132.5,0.028145695364238412
6845,M21704,M,301.3,311.4,1838.0,23.2,215.0,0,0,10.099999999999966,42641.6,0.012615551930396955
6846,M21705,M,301.3,311.5,1648.0,32.4,0.0,0,0,10.199999999999989,53395.2,0.019648271679805943
6847,M21706,M,301.2,311.5,1498.0,49.5,3.0,0,0,10.300000000000011,74151.0,0.03302201467645097
6848,L54027,L,301.2,311.4,1757.0,28.0,6.0,0,0,10.199999999999989,49196.0,0.015927189988623434
6849,M21708,M,301.1,311.3,1389.0,53.3,8.0,0,0,10.199999999999989,74033.7,0.038345323741007194
6850,L54029,L,301.1,311.3,1498.0,37.6,11.0,0,0,10.199999999999989,56324.8,0.025083388925950634
6851,M21710,M,301.0,311.2,1521.0,35.8,13.0,0,0,10.199999999999989,54451.799999999996,0.02352168199737188
6852,M21711,M,301.0,311.2,1394.0,41.3,16.0,0,0,10.199999999999989,57572.2,0.029605734767025087
6853,H36266,H,301.0,311.2,1602.0,32.7,19.0,0,0,10.199999999999989,52385.4,0.02039925140361822
6854,L54033,L,300.9,311.1,1417.0,40.7,24.0,0,0,10.200000000000045,57671.9,0.028702397743300426
6855,L54034,L,301.0,311.2,1511.0,42.9,26.0,0,0,10.199999999999989,64821.9,0.028373015873015873
6856,M21715,M,301.1,311.3,1654.0,30.7,28.0,0,0,10.199999999999989,50777.799999999996,0.018549848942598188
6857,M21716,M,301.1,311.3,1836.0,22.8,31.0,0,0,10.199999999999989,41860.8,0.01241154055525313
6858,L54037,L,301.1,311.3,1622.0,35.6,34.0,0,0,10.199999999999989,57743.200000000004,0.021934688847812692
6859,L54038,L,301.0,311.2,1467.0,45.4,36.0,0,0,10.199999999999989,66601.8,0.03092643051771117
6860,M21719,M,301.1,311.3,1909.0,22.7,38.0,0,0,10.199999999999989,43334.299999999996,0.011884816753926702
6861,L54040,L,301.1,311.2,1910.0,20.2,41.0,0,0,10.099999999999966,38582.0,0.010570381998953427
6862,H36275,H,301.1,311.3,2207.0,16.6,43.0,0,0,10.199999999999989,36636.200000000004,0.007518115942028986
6863,M21722,M,301.1,311.2,1384.0,49.4,48.0,0,0,10.099999999999966,68369.59999999999,0.035667870036101085
6864,L54043,L,301.1,311.3,1630.0,29.5,51.0,0,0,10.199999999999989,48085.0,0.018087063151440833
6865,L54044,L,301.1,311.3,1268.0,60.0,53.0,0,0,10.199999999999989,76080.0,0.04728132387706856
6866,L54045,L,301.1,311.4,1531.0,38.7,55.0,0,0,10.299999999999955,59249.700000000004,0.02526109660574413
6867,M21726,M,301.0,311.3,1454.0,41.5,57.0,0,0,10.300000000000011,60341.0,0.02852233676975945
6868,L54047,L,301.0,311.3,1342.0,50.9,60.0,0,0,10.300000000000011,68307.8,0.037900223380491434
6869,L54048,L,301.0,311.2,1363.0,46.3,62.0,0,0,10.199999999999989,63106.899999999994,0.033944281524926685
6870,L54049,L,301.0,311.2,1412.0,42.1,64.0,0,0,10.199999999999989,59445.200000000004,0.029794762915782026
6871,H36284,H,301.0,311.3,1597.0,39.2,66.0,0,0,10.300000000000011,62602.4,0.024530663329161453
6872,L54051,L,301.0,311.3,1349.0,47.0,71.0,0,0,10.300000000000011,63403.0,0.03481481481481481
6873,L54052,L,301.0,311.3,1472.0,35.3,73.0,0,0,10.300000000000011,51961.6,0.023964697895451456
6874,L54053,L,301.0,311.4,1478.0,39.5,75.0,0,0,10.399999999999977,58381.0,0.026707234617985125
6875,H36288,H,300.9,311.3,1295.0,58.9,77.0,0,0,10.400000000000034,76275.5,0.04544753086419753
6876,M21735,M,300.8,311.2,1592.0,32.9,82.0,0,0,10.399999999999977,52376.799999999996,0.020652856246076583
6877,L54056,L,300.8,311.2,1430.0,40.1,85.0,0,0,10.399999999999977,57343.0,0.028022361984626137
6878,M21737,M,300.8,311.2,1488.0,40.1,87.0,0,0,10.399999999999977,59668.8,0.026930826057756884
6879,H36292,H,300.9,311.2,1518.0,35.0,90.0,0,0,10.300000000000011,53130.0,0.02304147465437788
6880,H36293,H,300.8,311.2,2237.0,17.0,95.0,0,0,10.399999999999977,38029.0,0.007596067917783735
6881,M21740,M,300.9,311.3,1801.0,24.6,100.0,0,0,10.400000000000034,44304.600000000006,0.013651498335183131
6882,L54061,L,301.0,311.4,1573.0,37.6,103.0,0,0,10.399999999999977,59144.8,0.023888182973316394
6883,L54062,L,300.9,311.4,2073.0,21.4,105.0,0,0,10.5,44362.2,0.010318225650916104
6884,L54063,L,300.9,311.3,1503.0,19.4,107.0,0,0,10.400000000000034,29158.199999999997,0.012898936170212765
6885,L54064,L,300.8,311.2,1492.0,39.0,109.0,0,0,10.399999999999977,58188.0,0.026121902210314803
6886,L54065,L,300.8,311.2,1397.0,48.7,111.0,0,0,10.399999999999977,68033.90000000001,0.03483547925608012
6887,M21746,M,300.8,311.3,1465.0,43.2,113.0,0,0,10.5,63288.00000000001,0.029467939972714872
6888,L54067,L,300.8,311.3,1782.0,26.9,116.0,0,0,10.5,47935.799999999996,0.015086932136848008
6889,M21748,M,300.9,311.4,1434.0,45.4,118.0,0,0,10.5,65103.6,0.0316376306620209
6890,H36303,H,300.9,311.4,1387.0,42.7,121.0,0,0,10.5,59224.9,0.03076368876080692
6891,M21750,M,300.9,311.4,1532.0,41.5,126.0,0,0,10.5,63578.0,0.027071102413568165
6892,L54071,L,300.9,311.5,1505.0,41.1,129.0,0,0,10.600000000000023,61855.5,0.027290836653386455
6893,L54072,L,301.0,311.6,1440.0,43.3,131.0,0,0,10.600000000000023,62351.99999999999,0.03004857737682165
6894,L54073,L,301.0,311.6,1470.0,43.4,133.0,0,0,10.600000000000023,63798.0,0.029503738953093134
6895,L54074,L,301.1,311.7,1408.0,46.3,135.0,0,0,10.599999999999966,65190.399999999994,0.03286018452803406
6896,M21755,M,301.0,311.6,1357.0,45.6,137.0,0,0,10.600000000000023,61879.200000000004,0.03357879234167894
6897,M21756,M,301.0,311.6,1454.0,40.0,140.0,0,0,10.600000000000023,58160.0,0.027491408934707903
6898,L54077,L,301.0,311.6,1352.0,63.5,143.0,0,0,10.600000000000023,85852.0,0.04693274205469328
6899,M21758,M,301.0,311.6,1448.0,43.9,145.0,0,0,10.600000000000023,63567.2,0.030296756383712903
6900,L54079,L,300.9,311.6,1671.0,33.5,148.0,0,0,10.700000000000045,55978.5,0.020035885167464115
6901,L54080,L,301.0,311.7,1670.0,31.3,150.0,0,0,10.699999999999989,52271.0,0.018731298623578696
6902,L54081,L,301.0,311.7,1547.0,34.5,152.0,0,0,10.699999999999989,53371.5,0.022286821705426358
6903,L54082,L,301.0,311.6,1461.0,40.1,154.0,0,0,10.600000000000023,58586.1,0.027428180574555403
6904,M21763,M,301.0,311.6,1609.0,35.8,156.0,0,0,10.600000000000023,57602.2,0.022236024844720495
6905,M21764,M,300.9,311.5,1704.0,31.3,159.0,0,0,10.600000000000023,53335.200000000004,0.018357771260997066
6906,M21765,M,301.0,311.5,1550.0,34.9,162.0,0,0,10.5,54095.0,0.02250161186331399
6907,M21766,M,301.0,311.5,1530.0,43.9,165.0,0,0,10.5,67167.0,0.028674069235793596
6908,L54087,L,300.9,311.3,1449.0,40.2,168.0,0,0,10.400000000000034,58249.8,0.027724137931034485
6909,L54088,L,300.9,311.3,1613.0,32.7,170.0,0,0,10.400000000000034,52745.100000000006,0.020260223048327138
6910,L54089,L,300.8,311.2,1376.0,48.1,172.0,0,0,10.399999999999977,66185.6,0.034931009440813364
6911,L54090,L,300.8,311.2,1434.0,45.6,174.0,0,0,10.399999999999977,65390.4,0.03177700348432056
6912,L54091,L,300.8,311.1,1480.0,41.1,176.0,0,0,10.300000000000011,60828.0,0.02775151924375422
6913,M21772,M,300.8,311.2,1634.0,31.9,178.0,0,0,10.399999999999977,52124.6,0.01951070336391437
6914,L54093,L,300.8,311.2,1481.0,38.5,181.0,0,0,10.399999999999977,57018.5,0.025978407557354925
6915,H36328,H,300.9,311.3,1668.0,28.9,183.0,0,0,10.400000000000034,48205.2,0.01731575793888556
6916,L54095,L,301.0,311.4,1484.0,36.2,188.0,0,0,10.399999999999977,53720.8,0.02437710437710438
6917,M21776,M,300.9,311.3,1603.0,31.8,190.0,0,0,10.400000000000034,50975.4,0.019825436408977555
6918,L54097,L,301.0,311.4,1481.0,37.5,193.0,0,0,10.399999999999977,55537.5,0.025303643724696356
6919,L54098,L,301.0,311.5,1559.0,31.8,195.0,0,0,10.5,49576.200000000004,0.020384615384615386
6920,L54099,L,301.0,311.5,1444.0,39.8,197.0,0,0,10.5,57471.2,0.027543252595155707
6921,M21780,M,301.2,311.6,1423.0,48.0,199.0,0,0,10.400000000000034,68304.0,0.033707865168539325
6922,L54101,L,301.1,311.6,1432.0,48.1,202.0,0,0,10.5,68879.2,0.03356594556873692
6923,L54102,L,301.2,311.7,1463.0,48.3,204.0,0,0,10.5,70662.9,0.032991803278688524
6924,L54103,L,301.2,311.7,1433.0,49.3,206.0,0,0,10.5,70646.9,0.03437935843793584
6925,L54104,L,301.2,311.6,1461.0,52.9,208.0,1,0,10.400000000000034,77286.9,0.03618331053351573
6926,M21785,M,301.1,311.6,1266.0,55.5,210.0,0,0,10.5,70263.0,0.04380426203630623
6927,H36340,H,301.1,311.6,1417.0,53.4,0.0,0,0,10.5,75667.8,0.03765867418899859
6928,L54107,L,301.1,311.6,1488.0,43.4,5.0,0,0,10.5,64579.2,0.029147078576225654
6929,L54108,L,301.1,311.7,1816.0,24.5,7.0,0,0,10.599999999999966,44492.0,0.013483764446890478
6930,M21789,M,301.0,311.6,1301.0,55.0,9.0,0,0,10.600000000000023,71555.0,0.042242703533026116
6931,M21790,M,300.9,311.5,1836.0,21.8,12.0,0,0,10.600000000000023,40024.8,0.01186717474142624
6932,M21791,M,300.8,311.4,1521.0,39.9,15.0,0,0,10.599999999999966,60687.9,0.02621550591327201
6933,L54112,L,300.8,311.4,1322.0,67.2,18.0,1,0,10.599999999999966,88838.40000000001,0.050793650793650794
6934,L54113,L,300.8,311.4,1492.0,40.6,20.0,0,0,10.599999999999966,60575.200000000004,0.027193569993302077
6935,L54114,L,300.8,311.4,1536.0,40.9,22.0,0,0,10.599999999999966,62822.399999999994,0.026610279765777487
6936,L54115,L,300.7,311.2,1878.0,24.3,24.0,0,0,10.5,45635.4,0.012932410856838744
6937,L54116,L,300.6,311.1,1471.0,40.7,26.0,0,0,10.5,59869.700000000004,0.027649456521739134
6938,H36351,H,300.1,311.1,1452.0,40.2,28.0,0,0,11.0,58370.4,0.0276668960770819
6939,L54118,L,300.7,311.2,1452.0,44.4,33.0,0,0,10.5,64468.799999999996,0.030557467309015828
6940,M21799,M,300.7,311.3,1348.0,53.0,35.0,0,0,10.600000000000023,71444.0,0.039288361749444035
6941,H36354,H,300.8,311.4,1453.0,44.6,38.0,0,0,10.599999999999966,64803.8,0.03067400275103164
6942,L54121,L,300.8,311.4,1316.0,57.6,43.0,0,0,10.599999999999966,75801.6,0.04373576309794989
6943,M21802,M,300.8,311.4,1732.0,26.9,45.0,0,0,10.599999999999966,46590.799999999996,0.015522215810732832
6944,L54123,L,300.7,311.3,1522.0,35.2,48.0,0,0,10.600000000000023,53574.4,0.023112278397898884
6945,M21804,M,300.7,311.3,1487.0,39.8,50.0,0,0,10.600000000000023,59182.6,0.026747311827956987
6946,M21805,M,300.8,311.4,1852.0,22.2,53.0,0,0,10.599999999999966,41114.4,0.011980572045331895
6947,L54126,L,300.7,311.2,1486.0,46.8,56.0,0,0,10.5,69544.8,0.031472763954270344
6948,M21807,M,300.7,311.3,1562.0,37.1,58.0,0,0,10.600000000000023,57950.200000000004,0.023736404350607806
6949,L54128,M,300.7,311.2,1457.0,51.4,61.0,0,0,10.5,74889.8,0.035253772290809324
6950,M21809,M,300.7,311.2,1503.0,26.5,63.0,0,0,10.5,39829.5,0.01761968085106383
6951,H36364,H,300.7,311.3,1374.0,53.1,66.0,0,0,10.600000000000023,72959.40000000001,0.03861818181818182
6952,L54131,L,300.8,311.3,1524.0,43.5,71.0,0,0,10.5,66294.0,0.028524590163934428
6953,L54132,L,300.8,311.3,1498.0,40.2,73.0,0,0,10.5,60219.600000000006,0.026817878585723817
6954,L54133,L,300.8,311.3,1462.0,41.4,75.0,0,0,10.5,60526.799999999996,0.028298017771701982
6955,M21814,M,300.8,311.2,1429.0,52.3,77.0,0,0,10.399999999999977,74736.7,0.03657342657342657
6956,L54135,L,300.7,311.2,1399.0,47.9,80.0,0,0,10.5,67012.09999999999,0.03421428571428571
6957,M21816,M,300.8,311.2,1434.0,39.1,82.0,0,0,10.399999999999977,56069.4,0.027247386759581882
6958,L54137,L,300.7,311.1,1324.0,52.2,85.0,0,0,10.400000000000034,69112.8,0.03939622641509434
6959,L54138,L,300.6,311.0,1563.0,40.7,87.0,0,0,10.399999999999977,63614.100000000006,0.026023017902813302
6960,L54139,L,300.6,311.0,1543.0,34.7,89.0,0,0,10.399999999999977,53542.100000000006,0.022474093264248707
6961,L54140,L,300.7,311.0,1413.0,52.0,91.0,0,0,10.300000000000011,73476.0,0.036775106082036775
6962,M21821,M,300.7,311.0,1378.0,41.2,93.0,0,0,10.300000000000011,56773.600000000006,0.029876722262509068
6963,M21822,M,300.7,311.1,1373.0,49.9,108.0,0,0,10.400000000000034,68512.7,0.03631732168850073
6964,H36377,H,300.7,311.0,1981.0,19.9,99.0,0,0,10.300000000000011,39421.899999999994,0.010040363269424823
6965,M21824,M,300.7,311.0,1263.0,52.3,104.0,0,0,10.300000000000011,66054.9,0.04137658227848101
6966,L54145,L,300.7,311.0,1312.0,52.1,107.0,0,0,10.300000000000011,68355.2,0.03968012185833968
6967,L54146,L,300.7,311.0,1969.0,20.7,109.0,0,0,10.300000000000011,40758.299999999996,0.01050761421319797
6968,M21827,M,300.8,311.2,1365.0,51.7,111.0,0,0,10.399999999999977,70570.5,0.037847730600292825
6969,L54148,L,300.9,311.2,1789.0,25.5,114.0,0,0,10.300000000000011,45619.5,0.014245810055865922
6970,M21829,M,300.8,311.1,1583.0,32.1,116.0,0,0,10.300000000000011,50814.3,0.020265151515151517
6971,L54150,L,300.7,311.0,1436.0,44.9,119.0,0,0,10.300000000000011,64476.4,0.031245650661099512
6972,M21831,M,300.7,311.0,1559.0,42.8,121.0,0,0,10.300000000000011,66725.2,0.027435897435897433
6973,L54152,L,300.7,311.0,1377.0,49.9,124.0,0,0,10.300000000000011,68712.3,0.036211901306240926
6974,L54153,L,300.7,311.0,1503.0,41.9,126.0,0,0,10.300000000000011,62975.7,0.02785904255319149
6975,L54154,L,300.7,311.0,1318.0,48.2,128.0,0,0,10.300000000000011,63527.600000000006,0.036542835481425326
6976,M21835,M,300.7,311.0,1378.0,51.6,130.0,0,0,10.300000000000011,71104.8,0.03741841914430747
6977,L54156,L,300.6,310.9,1344.0,46.7,133.0,0,0,10.299999999999955,62764.8,0.03472118959107807
6978,L54157,L,300.7,311.1,2377.0,14.3,135.0,0,0,10.400000000000034,33991.1,0.006013456686291001
6979,L54158,L,300.7,311.1,1427.0,50.3,137.0,0,0,10.400000000000034,71778.09999999999,0.03522408963585434
6980,L54159,L,300.9,311.2,1353.0,60.4,139.0,0,0,10.300000000000011,81721.2,0.044608567208271784
6981,L54160,L,300.8,311.3,1505.0,45.5,141.0,0,0,10.5,68477.5,0.030212483399734397
6982,H36395,H,300.8,311.2,1612.0,32.5,108.0,0,0,10.399999999999977,52390.0,0.020148791072535647
6983,L54162,L,300.7,311.1,1440.0,43.0,148.0,0,0,10.400000000000034,61920.0,0.029840388619014575
6984,M21843,M,300.7,311.0,1334.0,53.9,150.0,0,0,10.300000000000011,71902.59999999999,0.04037453183520599
6985,M21844,M,300.7,311.0,1706.0,25.0,153.0,0,0,10.300000000000011,42650.0,0.014645577035735208
6986,H36399,H,300.8,311.1,1698.0,24.8,156.0,0,0,10.300000000000011,42110.4,0.014596821659799883
6987,L54166,L,300.7,311.1,1688.0,30.7,161.0,0,0,10.400000000000034,51821.6,0.018176435760805208
6988,L54167,L,300.7,311.1,2437.0,13.8,163.0,0,0,10.400000000000034,33630.6,0.0056603773584905665
6989,L54168,L,300.7,311.1,1478.0,46.8,165.0,0,0,10.400000000000034,69170.4,0.031643002028397565
6990,M21849,M,300.7,311.1,1608.0,35.3,167.0,0,0,10.400000000000034,56762.399999999994,0.021939092604101925
6991,L54170,L,300.1,311.1,2478.0,13.4,170.0,1,0,11.0,33205.200000000004,0.005405405405405406
6992,L54171,L,300.8,311.1,1509.0,33.4,172.0,0,0,10.300000000000011,50400.6,0.022119205298013245
6993,L54172,L,300.7,311.0,1596.0,36.9,174.0,0,0,10.300000000000011,58892.399999999994,0.023105823418910456
6994,M21853,M,300.7,311.0,1740.0,25.6,176.0,0,0,10.300000000000011,44544.0,0.014704192992533028
6995,L54174,L,300.6,310.8,1375.0,53.2,179.0,0,0,10.199999999999989,73150.0,0.03866279069767442
6996,M21855,M,300.6,310.7,1705.0,31.2,181.0,0,0,10.099999999999966,53196.0,0.0182883939038687
6997,M21856,M,300.5,310.6,1621.0,32.0,184.0,0,0,10.100000000000023,51872.0,0.01972872996300863
6998,M21857,M,300.6,310.7,1566.0,38.2,187.0,0,0,10.099999999999966,59821.200000000004,0.024377791959157628
6999,M21858,M,300.6,310.7,1388.0,42.9,190.0,0,0,10.099999999999966,59545.2,0.030885529157667384
7000,M21859,M,300.6,310.7,1457.0,36.7,193.0,0,0,10.099999999999966,53471.9,0.02517146776406036
7001,M21860,M,300.6,310.6,1463.0,45.5,196.0,0,0,10.0,66566.5,0.031079234972677595
7002,L54181,L,300.5,310.5,1564.0,38.2,199.0,0,0,10.0,59744.8,0.02440894568690096
7003,H36416,H,300.5,310.6,1411.0,47.2,201.0,0,0,10.100000000000023,66599.2,0.03342776203966006
7004,L54183,L,300.5,310.6,1540.0,46.7,206.0,0,0,10.100000000000023,71918.0,0.03030499675535367
7005,L54184,L,300.5,310.6,1950.0,20.3,208.0,0,0,10.100000000000023,39585.0,0.010404920553562276
7006,M21865,M,300.6,310.7,1339.0,52.9,0.0,0,0,10.099999999999966,70833.09999999999,0.03947761194029851
7007,H36420,H,300.6,310.6,1419.0,39.6,3.0,0,0,10.0,56192.4,0.027887323943661974
7008,L54187,L,300.5,310.6,1499.0,45.2,8.0,0,0,10.100000000000023,67754.8,0.030133333333333335
7009,L54188,L,300.5,310.6,1368.0,49.6,10.0,0,0,10.100000000000023,67852.8,0.03623082542001461
7010,L54189,L,300.5,310.5,1536.0,36.2,12.0,0,0,10.0,55603.200000000004,0.023552374756018218
7011,M21870,H,300.5,310.5,1469.0,42.9,14.0,0,0,10.0,63020.1,0.029183673469387755
7012,L54191,L,300.5,310.5,2633.0,12.2,17.0,1,0,10.0,32122.6,0.004631738800303721
7013,L54192,L,300.4,310.4,1298.0,61.4,19.0,0,0,10.0,79697.2,0.0472671285604311
7014,M21873,M,300.4,310.4,1544.0,36.3,21.0,0,0,10.0,56047.2,0.02349514563106796
7015,H36428,H,300.5,310.5,1403.0,47.7,24.0,0,0,10.0,66923.1,0.03397435897435898
7016,L54195,L,300.5,310.5,1452.0,42.9,29.0,0,0,10.0,62290.799999999996,0.029525120440467997
7017,L54196,L,300.6,310.5,1509.0,43.1,31.0,0,0,9.899999999999977,65037.9,0.028543046357615894
7018,M21877,M,300.7,310.6,1474.0,37.0,33.0,0,0,9.900000000000034,54538.0,0.025084745762711864
7019,M21878,M,300.7,310.7,1377.0,46.7,36.0,0,0,10.0,64305.9,0.03388969521044993
7020,L54199,L,300.8,310.8,1741.0,27.1,39.0,0,0,10.0,47181.100000000006,0.01555683122847302
7021,L54200,L,300.8,310.8,1460.0,53.8,41.0,0,0,10.0,78548.0,0.03682409308692676
7022,H36435,H,300.7,310.6,1631.0,32.6,43.0,0,0,9.900000000000034,53170.600000000006,0.019975490196078433
7023,L54202,L,300.7,310.5,1561.0,33.2,48.0,0,0,9.800000000000011,51825.200000000004,0.021254801536491678
7024,M21883,M,300.7,310.6,1572.0,38.5,50.0,0,0,9.900000000000034,60522.0,0.024475524475524476
7025,L54204,L,300.6,310.6,2127.0,18.7,53.0,0,0,10.0,39774.9,0.008787593984962405
7026,H36439,H,300.6,310.6,1448.0,44.7,55.0,0,0,10.0,64725.600000000006,0.030848861283643895
7027,L54206,L,300.6,310.7,1543.0,39.6,60.0,0,0,10.099999999999966,61102.8,0.025647668393782384
7028,L54207,L,300.6,310.6,1508.0,34.8,62.0,0,0,10.0,52478.399999999994,0.02306163021868787
7029,M21888,L,300.6,310.6,1403.0,50.4,64.0,0,0,10.0,70711.2,0.035897435897435895
7030,L54209,L,300.6,310.6,1454.0,39.7,67.0,0,0,10.0,57723.8,0.027285223367697595
7031,L54210,L,300.7,310.8,1772.0,27.3,69.0,0,0,10.100000000000023,48375.6,0.015397631133671744
7032,L54211,L,300.7,310.8,1479.0,49.1,71.0,0,0,10.100000000000023,72618.90000000001,0.03317567567567568
7033,L54212,L,300.7,310.9,1723.0,31.0,73.0,0,0,10.199999999999989,53413.0,0.017981438515081206
7034,M21893,M,300.7,310.8,1469.0,46.4,75.0,0,0,10.100000000000023,68161.59999999999,0.03156462585034014
7035,H36448,H,300.6,310.6,1830.0,26.2,78.0,0,0,10.0,47946.0,0.014309120699071545
7036,L54215,L,300.6,310.6,1497.0,38.2,83.0,0,0,10.0,57185.4,0.025500667556742324
7037,L54216,L,300.7,310.6,1540.0,52.7,85.0,0,0,9.900000000000034,81158.0,0.03419857235561324
7038,L54217,L,300.6,310.6,1514.0,39.5,87.0,0,0,10.0,59803.0,0.026072607260726074
7039,L54218,L,300.7,310.6,1654.0,34.2,89.0,0,0,9.900000000000034,56566.8,0.02066465256797583
7040,H36453,H,300.6,310.5,1519.0,37.0,91.0,0,0,9.899999999999977,56203.0,0.024342105263157894
7041,L54220,L,300.7,310.6,1720.0,30.3,96.0,0,0,9.900000000000034,52116.0,0.017606042998256827
7042,L54221,L,300.6,310.5,1470.0,37.7,98.0,0,0,9.899999999999977,55419.00000000001,0.0256288239292998
7043,L54222,L,300.6,310.5,1642.0,29.9,100.0,0,0,9.899999999999977,49095.799999999996,0.018198417528910528
7044,M21903,M,300.7,310.6,2006.0,19.1,102.0,0,0,9.900000000000034,38314.600000000006,0.00951669157947185
7045,M21904,M,300.7,310.6,1505.0,35.6,105.0,0,0,9.900000000000034,53578.0,0.023638778220451528
7046,M21905,M,300.7,310.6,1609.0,27.6,108.0,0,0,9.900000000000034,44408.4,0.017142857142857144
7047,M21906,M,300.7,310.5,1863.0,22.2,111.0,0,0,9.800000000000011,41358.6,0.011909871244635193
7048,L54227,L,300.6,310.4,1401.0,42.6,114.0,0,0,9.799999999999955,59682.6,0.030385164051355208
7049,L54228,L,300.6,310.4,2007.0,19.8,116.0,0,0,9.799999999999955,39738.6,0.009860557768924303
7050,L54229,L,300.6,310.4,1494.0,47.3,118.0,0,0,9.799999999999955,70666.2,0.03163879598662207
7051,L54230,L,300.6,310.4,1457.0,47.7,120.0,0,0,9.799999999999955,69498.90000000001,0.03271604938271605
7052,L54231,L,300.6,310.4,1556.0,37.7,122.0,0,0,9.799999999999955,58661.200000000004,0.024213230571612076
7053,H36466,H,300.6,310.4,1510.0,42.8,124.0,0,0,9.799999999999955,64627.99999999999,0.02832561217736598
7054,H36467,H,300.7,310.5,1567.0,38.7,129.0,0,0,9.800000000000011,60642.9,0.024681122448979593
7055,H36468,H,300.7,310.5,1476.0,43.1,134.0,0,0,9.800000000000011,63615.6,0.029180771834800272
7056,L54235,L,300.8,310.6,1663.0,30.6,139.0,0,0,9.800000000000011,50887.8,0.018389423076923078
7057,M21916,M,300.8,310.5,1409.0,50.6,141.0,0,0,9.699999999999989,71295.40000000001,0.03588652482269503
7058,L54237,L,300.8,310.6,1666.0,36.2,144.0,0,0,9.800000000000011,60309.200000000004,0.021715656868626275
7059,L54238,L,300.7,310.6,1520.0,45.9,146.0,0,0,9.900000000000034,69768.0,0.03017751479289941
7060,L54239,L,300.6,310.5,1503.0,33.8,148.0,0,0,9.899999999999977,50801.399999999994,0.022473404255319147
7061,H36474,H,300.6,310.4,1479.0,35.6,150.0,0,0,9.799999999999955,52652.4,0.024054054054054055
7062,L54241,L,300.6,310.4,1446.0,49.7,155.0,0,0,9.799999999999955,71866.2,0.03434692467173463
7063,M21922,M,300.6,310.4,1407.0,51.1,157.0,0,0,9.799999999999955,71897.7,0.03629261363636364
7064,L54243,L,300.7,310.4,1234.0,51.7,160.0,0,0,9.699999999999989,63797.8,0.04186234817813765
7065,M21924,M,300.8,310.5,1696.0,29.7,162.0,0,0,9.699999999999989,50371.2,0.017501473187978785
7066,L54245,L,300.8,310.6,1384.0,52.9,165.0,0,0,9.800000000000011,73213.59999999999,0.03819494584837545
7067,M21926,M,300.8,310.7,1572.0,36.2,167.0,0,0,9.899999999999977,56906.4,0.02301335028607756
7068,M21927,M,300.8,310.7,1386.0,42.1,170.0,0,0,9.899999999999977,58350.6,0.030353280461427542
7069,L54248,L,300.8,310.7,1461.0,42.8,173.0,0,0,9.899999999999977,62530.799999999996,0.029274965800273597
7070,L54249,L,300.8,310.7,1525.0,39.4,175.0,0,0,9.899999999999977,60085.0,0.02581913499344692
7071,L54250,L,300.7,310.7,1333.0,61.0,177.0,0,0,10.0,81313.0,0.04572713643178411
7072,H36485,H,300.7,310.6,1505.0,40.6,179.0,0,0,9.900000000000034,61103.0,0.026958831341301462
7073,M21932,M,300.7,310.6,1439.0,41.7,184.0,0,0,9.900000000000034,60006.3,0.028958333333333336
7074,L54253,M,300.7,310.6,1491.0,43.2,187.0,0,0,9.900000000000034,64411.200000000004,0.0289544235924933
7075,M21934,M,300.7,310.6,1488.0,39.2,189.0,0,0,9.900000000000034,58329.600000000006,0.02632639355271995
7076,L54255,L,300.7,310.5,1536.0,47.4,192.0,0,0,9.800000000000011,72806.4,0.03083929733246584
7077,L54256,L,300.7,310.5,1960.0,21.0,194.0,0,0,9.800000000000011,41160.0,0.010708822029576747
7078,M21937,M,300.7,310.5,1594.0,31.0,196.0,0,0,9.800000000000011,49414.0,0.019435736677115987
7079,L54258,L,300.7,310.5,1357.0,52.6,199.0,0,0,9.800000000000011,71378.2,0.03873343151693667
7080,L54259,L,300.7,310.5,1445.0,41.1,201.0,0,0,9.800000000000011,59389.5,0.02842323651452282
7081,L54260,L,300.7,310.4,1543.0,47.3,203.0,0,0,9.699999999999989,72983.9,0.030634715025906735
7082,L54261,L,300.7,310.4,1366.0,52.6,205.0,0,0,9.699999999999989,71851.6,0.03847841989758596
7083,L54262,L,300.7,310.3,1458.0,40.0,207.0,0,0,9.600000000000023,58320.0,0.027416038382453736
7084,L54263,L,300.7,310.4,1416.0,61.8,209.0,1,0,9.699999999999989,87508.8,0.04361326746647847
7085,L54264,L,300.6,310.3,1794.0,24.4,211.0,0,0,9.699999999999989,43773.6,0.013593314763231197
7086,L54265,L,300.6,310.3,1484.0,41.0,213.0,0,0,9.699999999999989,60844.0,0.027609427609427608
7087,L54266,L,300.6,310.4,2514.0,13.4,215.0,0,0,9.799999999999955,33687.6,0.005328031809145129
7088,L54267,L,300.6,310.3,1648.0,30.5,217.0,1,1,9.699999999999989,50264.0,0.018496058217101274
7089,M21948,M,300.6,310.3,1614.0,32.7,0.0,0,0,9.699999999999989,52777.8,0.020247678018575854
7090,L54269,L,300.6,310.2,1622.0,34.1,3.0,0,0,9.599999999999966,55310.200000000004,0.021010474430067778
7091,M21950,M,300.6,310.2,1478.0,40.1,5.0,0,0,9.599999999999966,59267.8,0.02711291413116971
7092,L54271,L,300.6,310.2,1318.0,51.0,8.0,0,0,9.599999999999966,67218.0,0.03866565579984837
7093,L54272,L,300.7,310.2,1493.0,35.9,10.0,0,0,9.5,53598.7,0.02402945113788487
7094,H36507,H,300.7,310.3,1369.0,50.7,12.0,0,0,9.600000000000023,69408.3,0.03700729927007299
7095,L54274,L,300.6,310.2,1447.0,45.9,17.0,0,0,9.599999999999966,66417.3,0.03169889502762431
7096,L54275,L,300.6,310.1,1485.0,49.9,19.0,0,0,9.5,74101.5,0.03358008075370121
7097,L54276,L,300.6,310.2,1489.0,47.8,21.0,0,0,9.599999999999966,71174.2,0.03208053691275167
7098,M21957,M,300.6,310.2,1233.0,52.3,23.0,0,0,9.599999999999966,64485.899999999994,0.04238249594813614
7099,L54278,L,300.7,310.2,1642.0,32.6,26.0,0,0,9.5,53529.200000000004,0.019841752891052954
7100,M21959,M,300.7,310.2,1373.0,44.1,28.0,0,0,9.5,60549.3,0.03209606986899564
7101,L54280,L,300.7,310.2,1569.0,32.8,31.0,0,0,9.5,51463.2,0.020891719745222928
7102,L54281,L,300.8,310.2,1850.0,22.8,33.0,0,0,9.399999999999977,42180.0,0.012317666126418153
7103,M21962,M,300.8,310.3,1494.0,42.2,35.0,0,0,9.5,63046.8,0.02822742474916388
7104,H36517,H,300.8,310.3,1777.0,30.1,38.0,0,0,9.5,53487.700000000004,0.016929133858267716
7105,L54284,L,300.9,310.4,1454.0,43.1,43.0,0,0,9.5,62667.4,0.029621993127147767
7106,L54285,L,300.9,310.4,1536.0,34.2,45.0,0,0,9.5,52531.200000000004,0.022251138581652573
7107,L54286,L,300.8,310.5,1482.0,39.0,47.0,0,0,9.699999999999989,57798.0,0.026298044504383007
7108,H36521,H,300.9,310.5,1512.0,41.2,49.0,0,0,9.600000000000023,62294.4,0.027230667547918044
7109,M21968,M,300.8,310.5,1511.0,35.8,54.0,0,0,9.699999999999989,54093.799999999996,0.023677248677248675
7110,L54289,L,300.9,310.5,1599.0,40.5,57.0,0,0,9.600000000000023,64759.5,0.0253125
7111,M21970,M,300.8,310.4,1518.0,36.0,59.0,0,0,9.599999999999966,54648.0,0.02369980250164582
7112,M21971,M,300.8,310.4,1450.0,39.4,62.0,0,0,9.599999999999966,57130.0,0.02715368711233632
7113,L54292,L,300.9,310.4,1427.0,47.0,65.0,0,0,9.5,67069.0,0.032913165266106444
7114,L54293,L,300.9,310.4,1561.0,32.7,67.0,0,0,9.5,51044.700000000004,0.02093469910371319
7115,H36528,H,300.9,310.4,1457.0,43.8,69.0,0,0,9.5,63816.6,0.030041152263374483
7116,M21975,M,301.0,310.6,1460.0,53.6,74.0,0,0,9.600000000000023,78256.0,0.03668720054757016
7117,L54296,L,301.0,310.5,1601.0,33.2,77.0,0,0,9.5,53153.200000000004,0.020724094881398255
7118,L54297,L,300.9,310.5,1570.0,40.1,79.0,0,0,9.600000000000023,62957.0,0.025525143220878423
7119,L54298,L,300.9,310.5,1565.0,35.9,81.0,0,0,9.600000000000023,56183.5,0.022924648786717752
7120,L54299,L,301.0,310.5,1378.0,44.4,83.0,0,0,9.5,61183.2,0.032197244379985494
7121,L54300,L,300.9,310.5,2288.0,16.1,85.0,0,0,9.600000000000023,36836.8,0.007033639143730888
7122,M21981,M,300.9,310.4,1375.0,44.7,87.0,0,0,9.5,61462.50000000001,0.032485465116279075
7123,L54302,L,300.9,310.4,1788.0,27.8,90.0,0,0,9.5,49706.4,0.015539407490218
7124,M21983,M,300.9,310.4,1576.0,40.4,92.0,0,0,9.5,63670.399999999994,0.025618262523779328
7125,M21984,M,300.8,310.3,1868.0,24.5,95.0,0,0,9.5,45766.0,0.013108614232209739
7126,L54305,L,300.7,310.1,1261.0,56.6,98.0,0,0,9.400000000000034,71372.6,0.044849445324881144
7127,M21986,M,300.6,310.0,1542.0,33.9,100.0,0,0,9.399999999999977,52273.799999999996,0.021970187945560594
7128,L54307,L,300.6,310.0,1438.0,53.8,103.0,0,0,9.399999999999977,77364.4,0.03738707435719249
7129,L54308,L,300.6,310.0,1511.0,36.9,105.0,0,0,9.399999999999977,55755.9,0.024404761904761905
7130,L54309,L,300.6,310.0,1635.0,31.0,107.0,0,0,9.399999999999977,50685.0,0.018948655256723717
7131,L54310,L,300.6,309.9,1428.0,48.8,109.0,0,0,9.299999999999955,69686.4,0.03414975507347796
7132,M21991,M,300.5,309.8,1410.0,44.4,111.0,0,0,9.300000000000011,62604.0,0.031467044649184976
7133,L54312,L,300.5,309.9,1423.0,47.9,114.0,0,0,9.399999999999977,68161.7,0.0336376404494382
7134,M21993,M,300.5,309.9,1552.0,41.3,116.0,0,0,9.399999999999977,64097.6,0.026593689632968445
7135,M21994,M,300.5,310.0,1406.0,50.2,119.0,0,0,9.5,70581.2,0.03567874911158493
7136,L54315,L,300.5,309.9,1443.0,48.3,122.0,0,0,9.399999999999977,69696.9,0.03344875346260388
7137,M21996,M,300.5,309.9,1343.0,63.7,124.0,0,0,9.399999999999977,85549.1,0.04739583333333334
7138,M21997,M,300.6,310.0,1486.0,41.2,127.0,0,0,9.399999999999977,61223.200000000004,0.02770679219905851
7139,L54318,L,300.6,310.1,1297.0,50.0,130.0,0,0,9.5,64850.0,0.03852080123266564
7140,L54319,L,300.6,310.1,1495.0,42.3,132.0,0,0,9.5,63238.49999999999,0.028275401069518716
7141,L54320,L,300.5,309.9,1382.0,46.5,134.0,0,0,9.399999999999977,64263.0,0.033622559652928416
7142,M22001,M,300.4,309.8,1356.0,44.4,136.0,0,0,9.400000000000034,60206.4,0.032719233603537214
7143,H36556,H,300.3,309.7,1452.0,41.5,139.0,0,0,9.399999999999977,60258.0,0.02856159669649002
7144,H36557,H,300.3,309.7,1582.0,30.8,144.0,0,0,9.399999999999977,48725.6,0.01945672773215414
7145,M22004,M,300.4,309.8,1517.0,40.3,149.0,0,0,9.400000000000034,61135.1,0.02654808959156785
7146,L54325,L,300.5,310.0,1413.0,44.5,152.0,0,0,9.5,62878.5,0.03147100424328147
7147,L54326,L,300.4,309.9,1496.0,31.8,154.0,0,0,9.5,47572.8,0.02124248496993988
7148,L54327,L,300.3,309.8,1466.0,41.2,156.0,0,0,9.5,60399.200000000004,0.02808452624403545
7149,M22008,M,300.3,309.8,1617.0,40.8,158.0,0,0,9.5,65973.59999999999,0.02521631644004944
7150,L54329,L,300.2,309.8,1506.0,41.8,161.0,0,0,9.600000000000023,62950.799999999996,0.02773722627737226
7151,L54330,L,300.2,309.8,1401.0,49.3,163.0,0,0,9.600000000000023,69069.3,0.035164051355206845
7152,H36565,H,300.2,309.9,1906.0,22.9,165.0,0,0,9.699999999999989,43647.399999999994,0.012008390141583638
7153,L54332,L,300.2,309.9,1566.0,36.4,170.0,0,0,9.699999999999989,57002.399999999994,0.023229100191448627
7154,L54333,L,300.2,310.0,1493.0,47.3,172.0,0,0,9.800000000000011,70618.9,0.031659973226238286
7155,L54334,L,300.3,310.1,1483.0,39.9,174.0,0,0,9.800000000000011,59171.7,0.026886792452830186
7156,M22015,M,300.2,309.9,1569.0,31.2,176.0,0,0,9.699999999999989,48952.799999999996,0.019872611464968153
7157,M22016,M,300.2,310.0,1664.0,30.7,179.0,0,0,9.800000000000011,51084.799999999996,0.018438438438438436
7158,L54337,L,300.2,310.0,1486.0,40.1,182.0,0,0,9.800000000000011,59588.6,0.026967047747141898
7159,L54338,L,300.2,310.0,1389.0,53.6,184.0,0,0,9.800000000000011,74450.40000000001,0.03856115107913669
7160,L54339,L,300.1,310.0,1511.0,41.7,186.0,0,0,9.899999999999977,63008.700000000004,0.027579365079365082
7161,M22020,M,300.2,310.1,1485.0,40.5,188.0,0,0,9.900000000000034,60142.5,0.02725437415881561
7162,L54341,L,300.2,310.2,1440.0,42.9,191.0,0,0,10.0,61776.0,0.029770992366412213
7163,L54342,L,300.2,310.2,1378.0,43.9,193.0,0,0,10.0,60494.2,0.031834662799129804
7164,M22023,M,300.1,310.1,1501.0,39.3,195.0,0,0,10.0,58989.299999999996,0.026165113182423434
7165,M22024,M,300.2,310.1,1503.0,44.0,198.0,0,0,9.900000000000034,66132.0,0.02925531914893617
7166,L54345,L,300.2,310.1,1392.0,47.9,201.0,0,0,9.900000000000034,66676.8,0.0343862167982771
7167,M22026,M,300.3,310.2,1429.0,44.7,203.0,0,0,9.899999999999977,63876.3,0.031258741258741264
7168,L54347,L,300.3,310.3,1362.0,60.3,206.0,1,0,10.0,82128.59999999999,0.04424064563462949
7169,L54348,L,300.3,310.3,1704.0,29.5,0.0,0,0,10.0,50268.0,0.017302052785923755
7170,L54349,L,300.3,310.2,1492.0,52.3,2.0,0,0,9.899999999999977,78031.59999999999,0.035030140656396515
7171,M22030,M,300.3,310.2,1442.0,39.5,4.0,0,0,9.899999999999977,56959.0,0.027373527373527374
7172,M22031,M,300.2,310.2,1438.0,51.5,7.0,0,0,10.0,74057.0,0.035788742182070885
7173,M22032,M,300.1,310.1,1402.0,46.6,10.0,0,0,10.0,65333.200000000004,0.033214540270848185
7174,L54353,L,300.1,310.1,1684.0,30.8,13.0,0,0,10.0,51867.200000000004,0.01827893175074184
7175,L54354,L,300.2,310.2,1530.0,48.5,15.0,0,0,10.0,74205.0,0.03167864141084259
7176,L54355,L,300.1,310.1,1569.0,40.1,17.0,0,0,10.0,62916.9,0.02554140127388535
7177,L54356,L,300.1,310.1,1650.0,31.6,19.0,0,0,10.0,52140.0,0.01913991520290733
7178,L54357,L,300.2,310.2,1415.0,49.6,21.0,0,0,10.0,70184.0,0.03502824858757062
7179,L54358,L,300.2,310.2,1600.0,31.5,23.0,0,0,10.0,50400.0,0.01967520299812617
7180,L54359,L,300.2,310.1,1523.0,42.3,25.0,0,0,9.900000000000034,64422.899999999994,0.02775590551181102
7181,M22040,M,300.2,310.2,1628.0,30.3,27.0,0,0,10.0,49328.4,0.01860036832412523
7182,L54361,L,300.2,310.3,1331.0,52.1,30.0,0,0,10.100000000000023,69345.1,0.03911411411411411
7183,L54362,L,300.3,310.3,2158.0,16.8,32.0,0,0,10.0,36254.4,0.007781380268642891
7184,L54363,L,300.2,310.3,1445.0,50.9,34.0,0,0,10.100000000000023,73550.5,0.03520055325034578
7185,M22044,M,300.2,310.3,1593.0,36.1,36.0,0,0,10.100000000000023,57507.3,0.022647427854454203
7186,L54365,L,300.3,310.4,1672.0,29.2,39.0,0,0,10.099999999999966,48822.4,0.01745367603108189
7187,M22046,M,300.4,310.5,1644.0,40.1,41.0,0,0,10.100000000000023,65924.40000000001,0.024376899696048632
7188,L54367,L,300.4,310.5,1402.0,54.3,44.0,0,0,10.100000000000023,76128.59999999999,0.03870277975766215
7189,L54368,L,300.4,310.4,1286.0,56.8,46.0,0,0,10.0,73044.8,0.04413364413364413
7190,L54369,L,300.4,310.4,1486.0,46.3,48.0,0,0,10.0,68801.8,0.031136516476126426
7191,L54370,L,300.3,310.3,1345.0,46.3,50.0,0,0,10.0,62273.49999999999,0.03439821693907875
7192,L54371,L,300.3,310.3,1629.0,34.1,52.0,0,0,10.0,55548.9,0.020920245398773008
7193,M22052,M,300.2,310.2,1429.0,43.8,54.0,0,0,10.0,62590.2,0.030629370629370628
7194,L54373,L,300.1,310.1,1306.0,64.7,57.0,0,0,10.0,84498.2,0.0495026778882938
7195,L54374,L,300.1,310.1,1380.0,52.6,59.0,0,0,10.0,72588.0,0.03808834178131788
7196,M22055,M,300.1,310.1,1443.0,49.3,61.0,0,0,10.0,71139.9,0.034141274238227146
7197,H36610,H,300.1,310.1,1426.0,42.7,64.0,0,0,10.0,60890.200000000004,0.0299229152067274
7198,L54377,L,300.0,310.0,1486.0,41.8,69.0,0,0,10.0,62114.799999999996,0.0281102891728312
7199,M22058,M,300.0,309.9,1530.0,34.5,71.0,0,0,9.899999999999977,52785.0,0.022534291312867407
7200,L54379,L,300.0,309.9,1507.0,41.4,74.0,0,0,9.899999999999977,62389.799999999996,0.027453580901856765
7201,L54380,L,300.0,309.9,1608.0,33.4,76.0,0,0,9.899999999999977,53707.2,0.020758234928527033
7202,L54381,L,300.0,309.8,1474.0,40.6,78.0,0,0,9.800000000000011,59844.4,0.027525423728813562
7203,L54382,L,300.0,309.7,1326.0,61.9,80.0,0,0,9.699999999999989,82079.4,0.046646571213262995
7204,M22063,M,299.8,309.6,1434.0,48.0,82.0,0,0,9.800000000000011,68832.0,0.033449477351916376
7205,L54384,L,299.8,309.6,1526.0,41.7,85.0,0,0,9.800000000000011,63634.200000000004,0.027308447937131632
7206,L54385,L,299.8,309.7,1483.0,39.6,87.0,0,0,9.899999999999977,58726.8,0.026684636118598382
7207,L54386,L,299.8,309.7,1457.0,51.9,89.0,0,0,9.899999999999977,75618.3,0.03559670781893004
7208,M22067,M,299.7,309.6,1540.0,34.4,91.0,0,0,9.900000000000034,52976.0,0.022323166774821542
7209,L54388,L,299.8,309.7,1707.0,29.1,94.0,0,0,9.899999999999977,49673.700000000004,0.01703747072599532
7210,L54389,L,299.8,309.7,1624.0,34.2,96.0,0,0,9.899999999999977,55540.8,0.021046153846153846
7211,M22070,M,299.8,309.6,1331.0,50.2,98.0,0,0,9.800000000000011,66816.2,0.03768768768768769
7212,L54391,L,299.8,309.7,1431.0,40.3,101.0,0,0,9.899999999999977,57669.299999999996,0.028142458100558657
7213,M22072,M,299.8,309.7,1705.0,28.5,103.0,0,0,9.899999999999977,48592.5,0.016705744431418524
7214,M22073,M,299.8,309.8,1427.0,45.2,106.0,0,0,10.0,64500.4,0.03165266106442577
7215,M22074,M,299.9,309.8,1625.0,41.2,109.0,0,0,9.900000000000034,66950.0,0.025338253382533826
7216,L54395,L,299.9,309.8,1477.0,47.7,112.0,0,0,9.900000000000034,70452.90000000001,0.032273342354533156
7217,M22076,M,300.0,309.9,1651.0,28.1,114.0,0,0,9.899999999999977,46393.100000000006,0.017009685230024215
7218,L54397,L,299.9,309.8,1716.0,28.2,117.0,0,0,9.900000000000034,48391.2,0.01642399534071054
7219,H36632,H,299.9,309.8,1400.0,48.7,119.0,0,0,9.900000000000034,68180.0,0.03476088508208423
7220,M22079,M,299.8,309.7,1556.0,37.7,124.0,0,0,9.899999999999977,58661.200000000004,0.024213230571612076
7221,L54400,L,299.8,309.7,1429.0,42.6,127.0,0,0,9.899999999999977,60875.4,0.02979020979020979
7222,H36635,H,299.7,309.6,1433.0,49.6,129.0,0,0,9.900000000000034,71076.8,0.034588563458856345
7223,M22082,M,299.8,309.7,1320.0,61.7,134.0,0,0,9.899999999999977,81444.0,0.04670704012112037
7224,L54403,L,299.8,309.6,1374.0,51.6,137.0,0,0,9.800000000000011,70898.40000000001,0.03752727272727273
7225,L54404,L,299.8,309.6,1598.0,31.0,139.0,0,0,9.800000000000011,49538.0,0.01938711694809256
7226,M22085,M,299.8,309.7,1910.0,21.8,141.0,0,0,9.899999999999977,41638.0,0.01140763997906855
7227,L54406,L,299.7,309.6,1399.0,51.3,144.0,0,0,9.900000000000034,71768.7,0.036642857142857144
7228,L54407,L,299.7,309.6,1720.0,27.1,146.0,0,0,9.900000000000034,46612.0,0.015746658919233006
7229,H36642,H,299.8,309.7,1368.0,47.4,148.0,0,0,9.899999999999977,64843.2,0.03462381300219138
7230,L54409,L,299.8,309.8,1749.0,33.4,153.0,0,0,10.0,58416.6,0.019085714285714286
7231,L54410,L,299.8,309.8,1542.0,39.4,155.0,0,0,10.0,60754.799999999996,0.025534672715489305
7232,L54411,L,299.8,309.9,1553.0,36.6,157.0,0,0,10.099999999999966,56839.8,0.023552123552123553
7233,M22092,M,299.9,309.9,1639.0,42.1,159.0,0,0,10.0,69001.90000000001,0.025670731707317075
7234,L54413,L,299.9,310.0,1447.0,45.9,162.0,0,0,10.100000000000023,66417.3,0.03169889502762431
7235,M22094,M,299.8,310.0,1397.0,48.1,164.0,0,0,10.199999999999989,67195.7,0.03440629470672389
7236,L54415,L,299.8,310.0,1361.0,53.8,167.0,0,0,10.199999999999989,73221.8,0.0395007342143906
7237,M22096,M,299.8,310.0,1460.0,37.1,169.0,0,0,10.199999999999989,54166.0,0.02539356605065024
7238,M22097,M,299.8,310.0,1632.0,33.7,172.0,0,0,10.199999999999989,54998.4,0.02063686466625842
7239,L54418,L,299.8,310.0,1697.0,36.0,175.0,0,0,10.199999999999989,61092.0,0.02120141342756184
7240,L54419,L,299.8,310.1,1553.0,42.0,177.0,0,0,10.300000000000011,65226.0,0.02702702702702703
7241,M22100,M,299.9,310.1,1362.0,56.3,179.0,0,0,10.200000000000045,76680.59999999999,0.041305942773294205
7242,M22101,M,299.9,310.0,1484.0,42.1,182.0,0,0,10.100000000000023,62476.4,0.02835016835016835
7243,H36656,H,299.9,310.1,1447.0,51.4,185.0,0,0,10.200000000000045,74375.8,0.03549723756906077
7244,M22103,M,300.0,310.2,1393.0,51.2,190.0,0,0,10.199999999999989,71321.6,0.03672883787661406
7245,L54424,L,300.0,310.2,1760.0,26.9,193.0,0,0,10.199999999999989,47344.0,0.01527541169789892
7246,L54425,L,300.0,310.1,1477.0,34.6,195.0,0,0,10.100000000000023,51104.200000000004,0.02341001353179973
7247,L54426,L,299.9,310.1,1681.0,29.1,197.0,0,0,10.200000000000045,48917.100000000006,0.017300832342449467
7248,M22107,M,300.0,310.1,1314.0,53.5,199.0,0,0,10.100000000000023,70299.0,0.04068441064638783
7249,L54428,L,300.0,310.1,1762.0,28.0,202.0,0,0,10.100000000000023,49336.0,0.01588201928530913
7250,L54429,L,299.9,310.0,1402.0,44.7,204.0,0,0,10.100000000000023,62669.4,0.03186029935851747
7251,M22110,M,300.1,310.2,1429.0,42.0,206.0,0,0,10.099999999999966,60018.0,0.02937062937062937
7252,M22111,M,300.2,310.3,1448.0,40.1,209.0,0,0,10.100000000000023,58064.8,0.027674258109040718
7253,H36666,H,300.2,310.4,1501.0,42.9,212.0,0,0,10.199999999999989,64392.9,0.028561917443408788
7254,L54433,L,300.3,310.5,1522.0,39.1,217.0,0,0,10.199999999999989,59510.200000000004,0.025673013788575182
7255,L54434,L,300.3,310.4,1493.0,37.5,219.0,0,0,10.099999999999966,55987.5,0.025100401606425703
7256,M22115,M,300.2,310.3,1704.0,29.4,221.0,0,0,10.100000000000023,50097.6,0.01724340175953079
7257,H36670,H,300.2,310.3,1408.0,42.5,0.0,0,0,10.100000000000023,59840.0,0.030163236337828248
7258,L54437,L,300.2,310.4,1518.0,41.8,5.0,0,0,10.199999999999989,63452.399999999994,0.027518104015799866
7259,L54438,L,300.3,310.4,1742.0,25.9,7.0,0,0,10.099999999999966,45117.799999999996,0.014859437751004016
7260,M22119,M,300.4,310.5,1500.0,43.0,9.0,0,0,10.100000000000023,64500.0,0.028647568287808126
7261,L54440,L,300.4,310.5,2424.0,14.5,12.0,0,0,10.100000000000023,35148.0,0.005979381443298969
7262,L54441,L,300.4,310.5,1818.0,25.1,14.0,0,0,10.100000000000023,45631.8,0.013798790544255085
7263,M22122,M,300.4,310.6,1545.0,35.6,16.0,0,0,10.200000000000045,55002.0,0.023027166882276844
7264,L54443,L,300.4,310.6,1429.0,46.9,19.0,0,0,10.200000000000045,67020.09999999999,0.032797202797202794
7265,M22124,M,300.4,310.6,1448.0,44.9,21.0,0,0,10.200000000000045,65015.2,0.03098688750862664
7266,L54445,L,300.4,310.6,1384.0,48.7,24.0,0,0,10.200000000000045,67400.8,0.035162454873646214
7267,L54446,L,300.4,310.5,1578.0,32.8,26.0,0,0,10.100000000000023,51758.399999999994,0.0207726409119696
7268,L54447,L,300.5,310.5,1695.0,26.7,28.0,0,0,10.0,45256.5,0.015742924528301887
7269,L54448,L,300.5,310.6,1543.0,36.2,30.0,0,0,10.100000000000023,55856.600000000006,0.023445595854922282
7270,M22129,M,300.4,310.5,1540.0,33.4,32.0,0,0,10.100000000000023,51436.0,0.021674237508111614
7271,L54450,L,300.2,310.4,1808.0,25.8,35.0,0,0,10.199999999999989,46646.4,0.014262023217247097
7272,M22131,M,300.3,310.4,1293.0,49.7,37.0,0,0,10.099999999999966,64262.100000000006,0.0384080370942813
7273,L54452,L,300.2,310.3,1202.0,59.5,40.0,0,0,10.100000000000023,71519.0,0.04945968412302577
7274,M22133,M,300.2,310.3,1704.0,29.2,42.0,0,0,10.100000000000023,49756.799999999996,0.017126099706744866
7275,M22134,M,300.2,310.3,1478.0,38.1,45.0,0,0,10.100000000000023,56311.8,0.025760649087221095
7276,L54455,L,300.2,310.3,1514.0,38.7,48.0,0,0,10.100000000000023,58591.8,0.025544554455445546
7277,M22136,M,300.1,310.3,1350.0,48.8,50.0,0,0,10.199999999999989,65880.0,0.03612139156180607
7278,L54457,L,300.1,310.2,1475.0,54.2,53.0,0,0,10.099999999999966,79945.0,0.03672086720867209
7279,H36692,H,300.0,310.1,1714.0,28.7,55.0,0,0,10.100000000000023,49191.799999999996,0.01673469387755102
7280,L54459,L,300.0,310.1,1465.0,40.9,60.0,0,0,10.100000000000023,59918.5,0.027899045020463847
7281,L54460,L,299.9,310.2,1288.0,69.6,62.0,1,0,10.300000000000011,89644.79999999999,0.05399534522885958
7282,L54461,L,300.0,310.2,1675.0,29.7,64.0,0,0,10.199999999999989,49747.5,0.017720763723150356
7283,L54462,L,300.0,310.2,1486.0,36.4,66.0,0,0,10.199999999999989,54090.4,0.024478816408876933
7284,M22143,M,300.0,310.2,1443.0,58.7,68.0,0,0,10.199999999999989,84704.1,0.040650969529085874
7285,M22144,M,300.1,310.3,1345.0,57.1,71.0,0,0,10.199999999999989,76799.5,0.042421991084695396
7286,M22145,M,300.2,310.4,1202.0,61.7,74.0,0,0,10.199999999999989,74163.40000000001,0.05128844555278471
7287,M22146,M,300.1,310.4,1480.0,37.1,77.0,0,0,10.299999999999955,54908.0,0.025050641458474004
7288,M22147,M,300.2,310.4,1530.0,35.7,80.0,0,0,10.199999999999989,54621.00000000001,0.02331809274983671
7289,M22148,M,300.2,310.6,1983.0,20.8,83.0,0,0,10.400000000000034,41246.4,0.010483870967741936
7290,L54469,L,300.3,310.6,1433.0,53.8,86.0,0,0,10.300000000000011,77095.4,0.03751743375174337
7291,L54470,L,300.3,310.6,1806.0,24.4,88.0,0,0,10.300000000000011,44066.399999999994,0.013503043718871056
7292,L54471,L,300.2,310.5,1416.0,46.7,90.0,0,0,10.300000000000011,66127.2,0.03295695130557516
7293,M22152,M,300.1,310.4,1556.0,38.1,92.0,0,0,10.299999999999955,59283.600000000006,0.02447013487475915
7294,L54473,L,300.1,310.5,1627.0,29.2,95.0,0,0,10.399999999999977,47508.4,0.017936117936117935
7295,L54474,L,300.1,310.6,1809.0,24.3,97.0,0,0,10.5,43958.700000000004,0.013425414364640884
7296,M22155,M,300.1,310.5,1329.0,57.4,99.0,0,0,10.399999999999977,76284.59999999999,0.0431578947368421
7297,H36710,H,300.0,310.4,1881.0,21.9,102.0,0,0,10.399999999999977,41193.899999999994,0.011636556854410202
7298,L54477,L,300.1,310.5,1500.0,39.8,107.0,0,0,10.399999999999977,59699.99999999999,0.026515656229180545
7299,L54478,L,300.1,310.5,1532.0,36.0,109.0,0,0,10.399999999999977,55152.0,0.023483365949119372
7300,L54479,L,300.1,310.5,1492.0,50.9,111.0,0,0,10.399999999999977,75942.8,0.034092431346282655
7301,L54480,L,300.1,310.6,1431.0,42.3,113.0,0,0,10.5,60531.299999999996,0.029539106145251393
7302,L54481,L,300.1,310.4,1554.0,39.4,115.0,0,0,10.299999999999955,61227.6,0.025337620578778135
7303,L54482,L,300.1,310.5,1494.0,44.2,117.0,0,0,10.399999999999977,66034.8,0.02956521739130435
7304,L54483,L,300.1,310.6,1374.0,45.4,119.0,0,0,10.5,62379.6,0.033018181818181815
7305,L54484,L,300.1,310.5,1394.0,44.3,121.0,0,0,10.399999999999977,61754.2,0.03175627240143369
7306,M22165,M,300.0,310.5,1790.0,25.7,123.0,0,0,10.5,46003.0,0.014349525404801786
7307,L54486,L,300.1,310.5,1356.0,45.8,126.0,0,0,10.399999999999977,62104.799999999996,0.033750921149594694
7308,M22167,M,300.0,310.4,1385.0,52.1,128.0,0,0,10.399999999999977,72158.5,0.03759018759018759
7309,L54488,L,300.0,310.4,1333.0,49.1,131.0,0,0,10.399999999999977,65450.3,0.03680659670164917
7310,L54489,L,300.0,310.4,1505.0,44.9,133.0,0,0,10.399999999999977,67574.5,0.029814077025232404
7311,L54490,L,300.0,310.5,1606.0,33.5,135.0,0,0,10.5,53801.0,0.020846297448662104
7312,H36725,H,300.0,310.5,1558.0,36.7,137.0,0,0,10.5,57178.600000000006,0.02354073123797306
7313,L54492,L,300.0,310.5,1412.0,52.4,142.0,0,0,10.5,73988.8,0.03708421797593772
7314,L54493,L,299.9,310.4,1408.0,38.4,144.0,0,0,10.5,54067.2,0.027253371185237758
7315,L54494,L,299.9,310.3,1268.0,53.3,146.0,0,0,10.400000000000034,67584.4,0.042001576044129234
7316,L54495,L,299.9,310.4,1470.0,50.0,148.0,0,0,10.5,73500.0,0.03399048266485384
7317,L54496,L,299.9,310.4,1497.0,47.0,150.0,0,0,10.5,70359.0,0.03137516688918558
7318,L54497,L,299.9,310.3,1638.0,29.1,152.0,0,0,10.400000000000034,47665.8,0.017754728492983526
7319,H36732,H,299.9,310.3,1535.0,43.9,154.0,0,0,10.400000000000034,67386.5,0.028580729166666666
7320,L54499,L,299.8,310.2,1654.0,32.7,159.0,0,0,10.399999999999977,54085.8,0.0197583081570997
7321,H36734,H,299.8,310.2,1411.0,49.7,161.0,0,0,10.399999999999977,70126.7,0.03519830028328612
7322,L54501,L,299.8,310.2,1911.0,23.5,166.0,0,0,10.399999999999977,44908.5,0.012290794979079499
7323,H36736,H,299.8,310.2,1573.0,33.3,168.0,0,0,10.399999999999977,52380.899999999994,0.02115628970775095
7324,L54503,L,299.9,310.2,1479.0,46.3,173.0,0,0,10.300000000000011,68477.7,0.03128378378378378
7325,M22184,M,299.9,310.4,1820.0,26.6,175.0,0,0,10.5,48412.0,0.014607358594179023
7326,L54505,L,299.9,310.4,1419.0,45.7,178.0,0,0,10.5,64848.3,0.032183098591549296
7327,M22186,M,299.9,310.5,1335.0,52.9,180.0,0,0,10.600000000000023,70621.5,0.03959580838323353
7328,M22187,M,299.9,310.5,1576.0,39.4,183.0,0,0,10.600000000000023,62094.399999999994,0.02498414711477489
7329,L54508,L,300.0,310.5,1517.0,42.2,186.0,0,0,10.5,64017.4,0.02779973649538867
7330,M22189,M,299.9,310.4,1576.0,34.3,188.0,0,0,10.5,54056.799999999996,0.02175015852885225
7331,H36744,H,299.8,310.2,1537.0,36.6,191.0,0,0,10.399999999999977,56254.200000000004,0.023797139141742522
7332,L54511,H,299.8,310.3,1524.0,34.2,196.0,0,0,10.5,52120.8,0.022426229508196723
7333,M22192,M,299.8,310.3,1805.0,23.7,198.0,0,0,10.5,42778.5,0.013122923588039867
7334,M22193,M,299.9,310.4,1367.0,53.3,201.0,0,0,10.5,72861.09999999999,0.038961988304093566
7335,L54514,L,299.8,310.1,1694.0,30.3,204.0,0,0,10.300000000000011,51328.200000000004,0.017876106194690267
7336,L54515,L,299.9,310.4,1328.0,49.9,206.0,0,0,10.5,66267.2,0.03754702784048156
7337,H36750,H,299.9,310.5,1549.0,42.8,208.0,0,0,10.600000000000023,66297.2,0.02761290322580645
7338,L54517,L,299.9,310.5,1539.0,32.8,213.0,0,0,10.600000000000023,50479.2,0.021298701298701296
7339,L54518,L,299.8,310.5,1496.0,38.8,215.0,0,0,10.699999999999989,58044.799999999996,0.025918503674014694
7340,L54519,L,299.8,310.4,1579.0,36.4,0.0,0,0,10.599999999999966,57475.6,0.023037974683544304
7341,L54520,L,299.7,310.3,1386.0,46.6,2.0,0,0,10.600000000000023,64587.6,0.03359769286229272
7342,L54521,L,299.7,310.3,1505.0,37.7,4.0,0,0,10.600000000000023,56738.50000000001,0.025033200531208503
7343,M22202,M,299.7,310.3,1661.0,34.5,6.0,0,0,10.600000000000023,57304.5,0.02075812274368231
7344,L54523,L,299.6,310.2,1468.0,48.0,9.0,0,0,10.599999999999966,70464.0,0.03267528931245745
7345,L54524,L,299.6,310.1,1384.0,49.8,11.0,0,0,10.5,68923.2,0.03595667870036101
7346,L54525,L,299.6,310.2,1381.0,60.5,13.0,0,0,10.599999999999966,83550.5,0.04377713458755427
7347,L54526,L,299.6,310.2,1469.0,47.0,15.0,0,0,10.599999999999966,69043.0,0.03197278911564626
7348,L54527,L,299.6,310.2,1627.0,36.6,17.0,0,0,10.599999999999966,59548.200000000004,0.02248157248157248
7349,H36762,H,299.7,310.3,1462.0,40.4,19.0,0,0,10.600000000000023,59064.799999999996,0.027614490772385508
7350,L54529,L,299.7,310.2,1633.0,36.5,24.0,0,0,10.5,59604.5,0.02233782129742962
7351,L54530,L,299.7,310.2,1469.0,39.5,26.0,0,0,10.5,58025.5,0.02687074829931973
7352,L54531,L,299.7,310.2,1458.0,43.4,28.0,0,0,10.5,63277.2,0.0297464016449623
7353,M22212,M,299.7,310.2,1440.0,42.8,30.0,0,0,10.5,61631.99999999999,0.02970159611380985
7354,L54533,L,299.8,310.3,1687.0,30.4,33.0,0,0,10.5,51284.799999999996,0.01800947867298578
7355,M22214,M,299.7,310.3,1429.0,47.7,35.0,0,0,10.600000000000023,68163.3,0.03335664335664336
7356,L54535,L,299.6,310.2,1588.0,34.1,38.0,0,0,10.599999999999966,54150.8,0.021460037759597234
7357,L54536,L,299.6,310.2,1333.0,51.2,40.0,0,0,10.599999999999966,68249.6,0.0383808095952024
7358,L54537,L,299.6,310.1,1487.0,42.9,42.0,0,0,10.5,63792.299999999996,0.028830645161290323
7359,M22218,M,299.5,310.1,1659.0,31.5,44.0,0,0,10.600000000000023,52258.5,0.01897590361445783
7360,M22219,M,299.4,310.0,1512.0,43.2,47.0,0,0,10.600000000000023,65318.4,0.02855254461335096
7361,L54540,L,299.5,310.1,1585.0,35.2,50.0,0,0,10.600000000000023,55792.00000000001,0.022194199243379575
7362,L54541,L,299.5,310.0,1502.0,38.5,52.0,0,0,10.5,57827.0,0.025615435795076514
7363,L54542,L,299.5,310.0,1594.0,35.1,54.0,0,0,10.5,55949.4,0.02200626959247649
7364,L54543,L,299.5,310.0,1412.0,48.9,56.0,0,0,10.5,69046.8,0.034607218683651804
7365,L54544,L,299.5,309.9,1402.0,51.7,58.0,0,0,10.399999999999977,72483.40000000001,0.0368496079828938
7366,L54545,L,299.6,310.1,2057.0,20.4,60.0,0,0,10.5,41962.799999999996,0.009912536443148687
7367,H36780,H,299.6,310.1,1531.0,36.8,62.0,0,0,10.5,56340.799999999996,0.024020887728459527
7368,M22227,M,299.5,310.1,1359.0,61.1,67.0,0,0,10.600000000000023,83034.90000000001,0.0449264705882353
7369,M22228,M,299.6,310.2,1620.0,30.0,70.0,0,0,10.599999999999966,48600.0,0.01850709438618137
7370,M22229,M,299.6,310.1,1646.0,29.6,73.0,0,0,10.5,48721.600000000006,0.017972070431086826
7371,M22230,M,299.6,310.1,1455.0,46.1,76.0,0,0,10.5,67075.5,0.03166208791208791
7372,L54551,L,299.6,310.2,1512.0,44.0,79.0,0,0,10.599999999999966,66528.0,0.029081295439524125
7373,L54552,L,299.6,310.2,1473.0,42.7,81.0,0,0,10.599999999999966,62897.100000000006,0.028968792401628224
7374,L54553,L,299.6,310.1,1553.0,38.0,83.0,0,0,10.5,59014.0,0.02445302445302445
7375,L54554,L,299.5,310.0,1379.0,50.4,85.0,0,0,10.5,69501.59999999999,0.03652173913043478
7376,M22235,M,299.4,309.9,1567.0,40.6,87.0,0,0,10.5,63620.200000000004,0.025892857142857145
7377,L54556,L,299.5,310.0,1481.0,43.1,90.0,0,0,10.5,63831.1,0.029082321187584345
7378,L54557,L,299.5,310.0,1349.0,52.7,92.0,0,0,10.5,71092.3,0.03903703703703704
7379,L54558,L,299.5,310.0,1388.0,52.4,94.0,0,0,10.5,72731.2,0.03772498200143989
7380,M22239,M,299.6,310.1,1357.0,48.7,96.0,0,0,10.5,66085.90000000001,0.03586156111929308
7381,L54560,L,299.6,310.2,1743.0,24.8,99.0,0,0,10.599999999999966,43226.4,0.014220183486238533
7382,L54561,L,299.7,310.3,1495.0,43.1,101.0,0,0,10.600000000000023,64434.5,0.02881016042780749
7383,L54562,L,299.8,310.4,1698.0,28.3,103.0,0,0,10.599999999999966,48053.4,0.016656856974690996
7384,M22243,M,299.7,310.4,1410.0,44.5,105.0,0,0,10.699999999999989,62745.0,0.031537916371367825
7385,L54564,L,299.7,310.4,1614.0,36.2,108.0,0,0,10.699999999999989,58426.8,0.022414860681114552
7386,M22245,M,299.8,310.5,1375.0,53.9,110.0,0,0,10.699999999999989,74112.5,0.039171511627906976
7387,M22246,M,299.8,310.6,1574.0,31.8,113.0,0,0,10.800000000000011,50053.200000000004,0.02019047619047619
7388,H36801,H,299.8,310.6,1423.0,44.6,116.0,0,0,10.800000000000011,63465.8,0.03132022471910113
7389,M22248,M,299.8,310.6,1694.0,31.3,121.0,0,0,10.800000000000011,53022.200000000004,0.018466076696165193
7390,L54569,L,299.8,310.6,1707.0,32.5,124.0,0,0,10.800000000000011,55477.5,0.019028103044496487
7391,M22250,M,299.7,310.5,1490.0,41.2,126.0,0,0,10.800000000000011,61388.00000000001,0.027632461435278338
7392,L54571,L,299.7,310.6,1675.0,31.3,129.0,0,0,10.900000000000034,52427.5,0.018675417661097853
7393,M22252,M,299.7,310.5,1492.0,39.3,131.0,0,0,10.800000000000011,58635.6,0.026322839919624915
7394,M22253,M,299.7,310.5,1594.0,35.4,134.0,0,0,10.800000000000011,56427.6,0.02219435736677116
7395,L54574,L,299.7,310.6,1479.0,38.0,137.0,0,0,10.900000000000034,56202.0,0.025675675675675677
7396,M22255,M,299.7,310.6,1572.0,38.0,139.0,0,0,10.900000000000034,59736.0,0.024157660521296885
7397,L54576,H,299.7,310.6,1616.0,35.1,142.0,0,0,10.900000000000034,56721.600000000006,0.021706864564007423
7398,L54577,L,299.7,310.6,1737.0,26.1,144.0,0,0,10.900000000000034,45335.700000000004,0.015017261219792867
7399,M22258,M,299.7,310.7,1498.0,37.8,146.0,0,0,11.0,56624.399999999994,0.025216811207471646
7400,L54579,L,299.6,310.6,1642.0,35.1,149.0,0,0,11.0,57634.200000000004,0.02136335970785149
7401,M22260,M,299.6,310.6,1633.0,34.2,151.0,0,0,11.0,55848.600000000006,0.020930232558139538
7402,L54581,L,299.8,310.8,1409.0,51.9,154.0,0,0,11.0,73127.09999999999,0.03680851063829787
7403,M22262,M,299.8,310.8,1463.0,43.5,156.0,0,0,11.0,63640.5,0.02971311475409836
7404,L54583,L,299.8,310.8,1376.0,48.6,159.0,0,0,11.0,66873.6,0.03529411764705882
7405,L54584,L,299.8,310.8,1553.0,32.2,161.0,0,0,11.0,50006.600000000006,0.020720720720720724
7406,M22265,M,299.8,310.8,1530.0,35.2,163.0,0,0,11.0,53856.00000000001,0.022991508817766168
7407,L54586,L,299.8,310.9,1545.0,40.7,166.0,0,0,11.099999999999966,62881.50000000001,0.026326002587322123
7408,H36821,H,299.8,310.9,1427.0,47.2,168.0,0,0,11.099999999999966,67354.40000000001,0.03305322128851541
7409,L54588,L,299.9,310.9,1292.0,51.1,173.0,0,0,11.0,66021.2,0.03952049497293117
7410,L54589,L,299.8,310.9,2084.0,17.6,175.0,0,0,11.099999999999966,36678.4,0.008441247002398082
7411,L54590,L,299.9,311.0,1747.0,27.6,177.0,0,0,11.100000000000023,48217.200000000004,0.015789473684210527
7412,L54591,L,300.0,311.1,1425.0,47.8,179.0,0,0,11.100000000000023,68115.0,0.0335203366058906
7413,L54592,L,300.0,311.0,1637.0,33.6,181.0,0,0,11.0,55003.200000000004,0.020512820512820513
7414,M22273,M,300.1,311.1,1616.0,35.2,183.0,0,0,11.0,56883.200000000004,0.0217687074829932
7415,L54594,L,300.1,311.1,1619.0,33.4,186.0,0,0,11.0,54074.6,0.020617283950617283
7416,L54595,L,300.1,311.2,1489.0,39.1,188.0,0,0,11.099999999999966,58219.9,0.026241610738255036
7417,M22276,M,300.1,311.2,1452.0,42.4,108.0,0,0,11.099999999999966,61564.799999999996,0.02918100481761872
7418,M22277,M,300.1,311.3,1495.0,41.0,193.0,0,0,11.199999999999989,61295.0,0.027406417112299464
7419,M22278,M,300.2,311.4,1427.0,39.7,196.0,0,0,11.199999999999989,56651.9,0.027801120448179274
7420,L54599,L,300.1,311.4,1572.0,36.2,199.0,0,0,11.299999999999955,56906.4,0.02301335028607756
7421,L54600,L,300.1,311.3,1547.0,40.0,201.0,0,0,11.199999999999989,61880.0,0.025839793281653745
7422,M22281,M,300.1,311.4,1342.0,48.5,203.0,0,0,11.299999999999955,65087.0,0.03611317944899479
7423,L54602,L,300.0,311.2,1351.0,44.1,206.0,0,0,11.199999999999989,59579.1,0.032618343195266276
7424,L54603,M,300.0,311.3,1407.0,47.3,208.0,0,0,11.300000000000011,66551.09999999999,0.03359375
7425,M22284,M,300.1,311.4,1575.0,29.8,210.0,0,0,11.299999999999955,46935.0,0.018908629441624365
7426,M22285,M,300.0,311.4,1791.0,24.1,213.0,0,0,11.399999999999977,43163.100000000006,0.013448660714285715
7427,M22286,M,300.0,311.4,1692.0,29.0,216.0,1,1,11.399999999999977,49068.0,0.017129356172474897
7428,L54607,L,300.0,311.4,1634.0,31.9,0.0,0,0,11.399999999999977,52124.6,0.01951070336391437
7429,M22288,M,300.0,311.4,1864.0,23.3,2.0,0,0,11.399999999999977,43431.200000000004,0.012493297587131368
7430,L54609,L,300.0,311.4,1590.0,33.6,5.0,0,0,11.399999999999977,53424.0,0.021118793211816467
7431,M22290,M,300.0,311.4,1384.0,46.1,7.0,0,0,11.399999999999977,63802.4,0.03328519855595668
7432,M22291,M,300.0,311.4,1352.0,61.8,10.0,0,0,11.399999999999977,83553.59999999999,0.04567627494456763
7433,L54612,L,300.1,311.4,1484.0,43.1,13.0,0,0,11.299999999999955,63960.4,0.029023569023569024
7434,M22293,M,300.1,311.4,1913.0,21.9,15.0,0,0,11.299999999999955,41894.7,0.011442006269592476
7435,L54614,L,300.1,311.4,1503.0,38.2,18.0,0,0,11.299999999999955,57414.600000000006,0.025398936170212768
7436,L54615,L,299.9,311.3,1504.0,40.7,20.0,0,0,11.400000000000034,61212.8,0.027043189368770766
7437,L54616,L,300.0,311.4,1487.0,41.2,22.0,0,0,11.399999999999977,61264.4,0.027688172043010755
7438,L54617,L,299.8,311.3,1727.0,30.0,24.0,0,0,11.5,51810.0,0.017361111111111112
7439,L54618,L,299.9,311.3,1647.0,27.5,26.0,0,0,11.400000000000034,45292.5,0.016686893203883495
7440,L54619,L,300.0,311.3,1493.0,41.4,28.0,0,0,11.300000000000011,61810.2,0.027710843373493974
7441,L54620,L,300.0,311.4,1655.0,29.6,30.0,0,0,11.399999999999977,48988.0,0.017874396135265702
7442,M22301,M,299.9,311.4,1337.0,54.8,32.0,0,0,11.5,73267.59999999999,0.04095665171898356
7443,L54622,L,300.0,311.5,1601.0,36.9,35.0,0,0,11.5,59076.899999999994,0.023033707865168538
7444,H36857,H,300.1,311.6,1589.0,37.9,37.0,0,0,11.5,60223.1,0.023836477987421383
7445,L54624,L,300.2,311.7,1286.0,55.1,42.0,0,0,11.5,70858.6,0.04281274281274281
7446,L54625,L,300.2,311.7,1553.0,41.3,44.0,0,0,11.5,64138.899999999994,0.026576576576576576
7447,L54626,L,300.2,311.8,1379.0,51.0,46.0,0,0,11.600000000000023,70329.0,0.03695652173913044
7448,M22307,M,300.3,311.9,1677.0,30.8,48.0,0,0,11.599999999999966,51651.6,0.01835518474374255
7449,L54628,L,300.3,311.8,1488.0,38.4,51.0,0,0,11.5,57139.2,0.025789120214909336
7450,L54629,L,300.3,311.8,1418.0,45.9,53.0,0,0,11.5,65086.2,0.03234672304439746
7451,L54630,L,300.3,311.8,1451.0,41.0,55.0,0,0,11.5,59491.0,0.028236914600550965
7452,L54631,L,300.3,311.8,1508.0,43.1,57.0,0,0,11.5,64994.8,0.028561961563949637
7453,L54632,L,300.3,311.7,1579.0,33.6,59.0,0,0,11.399999999999977,53054.4,0.021265822784810127
7454,H36867,H,300.3,311.7,1432.0,47.7,61.0,0,0,11.399999999999977,68306.40000000001,0.03328681088625262
7455,L54634,L,300.2,311.6,1446.0,47.3,66.0,0,0,11.400000000000034,68395.8,0.0326883206634416
7456,M22315,M,300.2,311.7,1597.0,39.5,68.0,0,0,11.5,63081.5,0.02471839799749687
7457,M22316,M,300.2,311.7,1397.0,50.2,71.0,0,0,11.5,70129.40000000001,0.03590844062947068
7458,L54637,L,300.1,311.6,1530.0,36.6,74.0,0,0,11.5,55998.0,0.023905943827563683
7459,M22318,M,300.1,311.6,1433.0,51.4,76.0,0,0,11.5,73656.2,0.035843793584379356
7460,L54639,L,300.0,311.5,1591.0,32.0,79.0,0,0,11.5,50912.0,0.020100502512562814
7461,L54640,L,300.0,311.5,1445.0,41.6,81.0,0,0,11.5,60112.0,0.02876901798063624
7462,L54641,L,300.0,311.5,1749.0,28.3,83.0,0,0,11.5,49496.700000000004,0.016171428571428573
7463,L54642,L,300.0,311.3,1703.0,30.4,85.0,0,0,11.300000000000011,51771.2,0.01784037558685446
7464,H36877,H,300.1,311.4,1518.0,46.9,87.0,0,0,11.299999999999955,71194.2,0.03087557603686636
7465,L54644,L,300.1,311.3,1535.0,42.3,92.0,0,0,11.199999999999989,64930.49999999999,0.0275390625
7466,M22325,M,300.1,311.4,1390.0,52.1,94.0,0,0,11.299999999999955,72419.0,0.037455068296189796
7467,H36880,H,300.3,311.6,1801.0,23.6,97.0,0,0,11.300000000000011,42503.600000000006,0.013096559378468368
7468,H36881,H,300.3,311.6,1463.0,41.6,102.0,0,0,11.300000000000011,60860.8,0.02841530054644809
7469,L54648,L,300.3,311.6,1560.0,37.7,107.0,0,0,11.300000000000011,58812.00000000001,0.024151185137732224
7470,L54649,L,300.3,311.6,1607.0,33.5,109.0,0,0,11.300000000000011,53834.5,0.020833333333333332
7471,L54650,L,300.4,311.6,1332.0,54.6,111.0,0,0,11.200000000000045,72727.2,0.040960240060015
7472,L54651,L,300.3,311.7,1365.0,53.3,113.0,0,0,11.399999999999977,72754.5,0.03901903367496339
7473,M22332,M,300.3,311.6,1617.0,32.5,115.0,0,0,11.300000000000011,52552.5,0.020086526576019777
7474,M22333,M,300.3,311.6,1304.0,62.8,118.0,0,0,11.300000000000011,81891.2,0.048122605363984675
7475,L54654,L,300.3,311.7,1989.0,22.3,121.0,0,0,11.399999999999977,44354.700000000004,0.01120603015075377
7476,H36889,H,300.3,311.6,1339.0,53.4,123.0,0,0,11.300000000000011,71502.59999999999,0.039850746268656714
7477,L54656,L,300.2,311.5,1492.0,41.8,128.0,0,0,11.300000000000011,62365.6,0.02799732083054253
7478,M22337,M,300.1,311.3,1518.0,40.2,130.0,0,0,11.199999999999989,61023.600000000006,0.026464779460171166
7479,L54658,L,300.1,311.3,1479.0,39.5,133.0,0,0,11.199999999999989,58420.5,0.02668918918918919
7480,M22339,M,300.1,311.3,1523.0,34.1,135.0,0,0,11.199999999999989,51934.3,0.022375328083989503
7481,M22340,M,300.2,311.4,1570.0,35.3,138.0,0,0,11.199999999999989,55420.99999999999,0.02246976448122215
7482,H36895,H,300.2,311.4,1506.0,36.1,141.0,0,0,11.199999999999989,54366.6,0.023954877239548773
7483,M22342,M,300.2,311.6,1510.0,47.5,146.0,0,0,11.400000000000034,71725.0,0.0314361350099272
7484,L54663,L,300.2,311.6,1671.0,28.8,149.0,0,0,11.400000000000034,48124.8,0.01722488038277512
7485,M22344,M,300.3,311.6,1312.0,53.4,151.0,0,0,11.300000000000011,70060.8,0.04067022086824067
7486,L54665,L,300.3,311.6,1595.0,38.8,154.0,0,0,11.300000000000011,61885.99999999999,0.024310776942355887
7487,L54666,L,300.3,311.7,1635.0,31.8,156.0,0,0,11.399999999999977,51993.0,0.019437652811735942
7488,L54667,L,300.3,311.7,1707.0,33.6,158.0,0,0,11.399999999999977,57355.200000000004,0.019672131147540985
7489,L54668,L,300.3,311.7,1545.0,43.5,160.0,0,0,11.399999999999977,67207.5,0.02813712807244502
7490,M22349,M,300.2,311.6,1751.0,28.0,162.0,0,0,11.400000000000034,49028.0,0.01598173515981735
7491,M22350,M,300.4,311.8,1707.0,30.0,165.0,0,0,11.400000000000034,51210.0,0.01756440281030445
7492,L54671,L,300.4,311.8,1320.0,57.9,168.0,0,0,11.400000000000034,76428.0,0.04383043149129447
7493,M22352,M,300.3,311.7,1319.0,51.4,170.0,0,0,11.399999999999977,67796.59999999999,0.03893939393939394
7494,L54673,L,300.2,311.7,1448.0,54.2,173.0,0,0,11.5,78481.6,0.03740510697032436
7495,L54674,L,300.2,311.8,1436.0,48.2,175.0,0,0,11.600000000000023,69215.2,0.03354210160055672
7496,L54675,L,300.3,311.9,1609.0,34.0,177.0,0,0,11.599999999999966,54706.0,0.02111801242236025
7497,L54676,L,300.2,311.8,1464.0,44.5,179.0,0,0,11.600000000000023,65148.0,0.03037542662116041
7498,M22357,M,300.3,311.8,1483.0,45.1,181.0,0,0,11.5,66883.3,0.030390835579514826
7499,M22358,M,300.2,311.8,1748.0,28.5,184.0,0,0,11.600000000000023,49818.0,0.016295025728987993
7500,L54679,L,300.3,311.8,1746.0,26.3,187.0,0,0,11.5,45919.8,0.015054378935317688
7501,L54680,L,300.2,311.8,1410.0,51.4,189.0,0,0,11.600000000000023,72474.0,0.036428065201984404
7502,L54681,L,300.2,311.7,1640.0,30.8,191.0,0,0,11.5,50512.0,0.018769043266301036
7503,H36916,H,300.3,311.7,1655.0,29.9,193.0,0,0,11.399999999999977,49484.5,0.018055555555555554
7504,M22363,M,300.3,311.7,1646.0,28.9,198.0,0,0,11.399999999999977,47569.399999999994,0.017547055251973285
7505,L54684,L,300.4,311.8,1589.0,42.0,201.0,0,0,11.400000000000034,66738.0,0.026415094339622643
7506,L54685,L,300.5,311.9,1546.0,39.4,203.0,0,0,11.399999999999977,60912.399999999994,0.025468648998060762
7507,L54686,L,300.5,311.9,1511.0,41.8,205.0,0,0,11.399999999999977,63159.799999999996,0.027645502645502643
7508,L54687,L,300.5,311.9,1750.0,28.3,207.0,0,0,11.399999999999977,49525.0,0.016162193032552827
7509,M22368,M,300.5,311.9,1730.0,27.5,209.0,0,0,11.399999999999977,47575.0,0.01588677065280185
7510,L54689,L,300.6,311.9,1372.0,60.1,212.0,1,0,11.299999999999955,82457.2,0.043772760378732706
7511,L54690,L,300.5,311.8,1524.0,38.9,214.0,1,1,11.300000000000011,59283.6,0.025508196721311476
7512,L54691,L,300.4,311.8,1601.0,36.1,0.0,0,0,11.400000000000034,57796.100000000006,0.022534332084893884
7513,M22372,M,300.5,311.8,1636.0,34.4,2.0,0,0,11.300000000000011,56278.399999999994,0.021014050091631032
7514,L54693,L,300.4,311.8,2261.0,14.9,5.0,0,0,11.400000000000034,33688.9,0.006587091069849691
7515,L54694,L,300.4,311.8,1636.0,32.3,7.0,0,0,11.400000000000034,52842.799999999996,0.019731215638362855
7516,M22375,M,300.4,311.9,1335.0,58.3,9.0,0,0,11.5,77830.5,0.043637724550898205
7517,M22376,M,300.3,311.7,1236.0,57.5,12.0,0,0,11.399999999999977,71070.0,0.04648342764753436
7518,L54697,L,300.3,311.7,1445.0,47.3,15.0,0,0,11.399999999999977,68348.5,0.03271092669432918
7519,L54698,L,300.2,311.5,1500.0,40.8,17.0,0,0,11.300000000000011,61199.99999999999,0.027181878747501664
7520,L54699,L,300.2,311.6,1999.0,21.0,19.0,0,0,11.400000000000034,41979.0,0.0105
7521,L54700,L,300.2,311.6,1529.0,35.5,21.0,0,0,11.400000000000034,54279.5,0.023202614379084968
7522,M22381,M,300.2,311.6,1467.0,40.7,23.0,0,0,11.400000000000034,59706.9,0.02772479564032698
7523,L54702,L,300.1,311.5,1334.0,54.0,26.0,0,0,11.399999999999977,72036.0,0.04044943820224719
7524,M22383,M,300.1,311.5,1343.0,46.2,28.0,0,0,11.399999999999977,62046.600000000006,0.034375
7525,L54704,L,300.2,311.5,1639.0,31.1,31.0,0,0,11.300000000000011,50972.9,0.01896341463414634
7526,H36939,H,300.1,311.5,1383.0,49.1,33.0,0,0,11.399999999999977,67905.3,0.03547687861271676
7527,L54706,L,300.1,311.4,1660.0,31.4,38.0,0,0,11.299999999999955,52124.0,0.018904274533413607
7528,L54707,L,300.1,311.3,1470.0,45.2,40.0,0,0,11.199999999999989,66444.0,0.030727396329027875
7529,M22388,M,300.1,311.3,1748.0,26.6,42.0,0,0,11.199999999999989,46496.8,0.015208690680388794
7530,L54709,L,300.1,311.4,1467.0,35.7,45.0,0,0,11.299999999999955,52371.9,0.024318801089918258
7531,M22390,M,300.1,311.4,1617.0,39.3,47.0,0,0,11.299999999999955,63548.1,0.024289245982694684
7532,H36945,H,300.1,311.4,1377.0,56.7,50.0,0,0,11.299999999999955,78075.90000000001,0.041146589259796806
7533,M22392,M,300.0,311.3,1629.0,32.1,55.0,0,0,11.300000000000011,52290.9,0.019693251533742333
7534,L54713,L,300.0,311.2,1504.0,37.9,58.0,0,0,11.199999999999989,57001.6,0.025182724252491694
7535,L54714,L,300.0,311.2,1418.0,47.3,60.0,0,0,11.199999999999989,67071.4,0.03333333333333333
7536,L54715,L,300.0,311.2,1629.0,31.7,62.0,0,0,11.199999999999989,51639.299999999996,0.019447852760736194
7537,L54716,L,300.1,311.3,2579.0,12.5,64.0,1,0,11.199999999999989,32237.5,0.0048449612403100775
7538,L54717,L,300.1,311.3,1305.0,64.7,66.0,0,0,11.199999999999989,84433.5,0.0495405819295559
7539,M22398,M,300.2,311.4,1450.0,38.5,68.0,0,0,11.199999999999989,55825.0,0.02653342522398346
7540,L54719,L,300.2,311.3,1487.0,36.9,71.0,0,0,11.100000000000023,54870.299999999996,0.02479838709677419
7541,M22400,M,300.2,311.3,1587.0,31.2,73.0,0,0,11.100000000000023,49514.4,0.01964735516372796
7542,M22401,M,300.3,311.5,1528.0,40.9,76.0,0,0,11.199999999999989,62495.2,0.026749509483322432
7543,M22402,M,300.4,311.6,1401.0,49.9,79.0,0,0,11.200000000000045,69909.9,0.035592011412268185
7544,L54723,L,300.3,311.5,1446.0,45.0,82.0,0,0,11.199999999999989,65070.0,0.031098825155494125
7545,L54724,L,300.2,311.4,1425.0,44.2,84.0,0,0,11.199999999999989,62985.00000000001,0.030995792426367463
7546,L54725,L,300.2,311.4,1891.0,22.6,86.0,0,0,11.199999999999989,42736.600000000006,0.011945031712473573
7547,H36960,H,300.2,311.5,1454.0,42.8,88.0,0,0,11.300000000000011,62231.2,0.029415807560137456
7548,L54727,L,300.1,311.4,1430.0,40.9,93.0,0,0,11.299999999999955,58487.0,0.028581411600279525
7549,L54728,L,300.2,311.4,1495.0,43.6,95.0,0,0,11.199999999999989,65182.0,0.029144385026737968
7550,L54729,L,300.3,311.4,1544.0,41.6,97.0,0,0,11.099999999999966,64230.4,0.026925566343042072
7551,M22410,M,300.3,311.4,1554.0,34.3,99.0,0,0,11.099999999999966,53302.2,0.022057877813504823
7552,M22411,M,300.2,311.3,1491.0,37.3,102.0,0,0,11.100000000000023,55614.299999999996,0.024999999999999998
7553,L54732,L,300.3,311.3,1525.0,40.7,105.0,0,0,11.0,62067.50000000001,0.02667103538663172
7554,L54733,L,300.3,311.3,1505.0,39.6,107.0,0,0,11.0,59598.0,0.026294820717131476
7555,M22414,M,300.3,311.4,1371.0,50.2,109.0,0,0,11.099999999999966,68824.2,0.036588921282798836
7556,L54735,L,300.3,311.3,1332.0,60.5,112.0,0,0,11.0,80586.0,0.04538634658664666
7557,L54736,L,300.3,311.4,1471.0,37.0,114.0,0,0,11.099999999999966,54427.0,0.025135869565217392
7558,M22417,M,300.4,311.5,1750.0,27.3,116.0,0,0,11.100000000000023,47775.0,0.015591090805254141
7559,M22418,M,300.3,311.4,1386.0,48.1,119.0,0,0,11.099999999999966,66666.6,0.034679163662581114
7560,M22419,M,300.4,311.4,1355.0,56.2,122.0,0,0,11.0,76151.0,0.04144542772861357
7561,M22420,M,300.3,311.3,1377.0,53.8,125.0,0,0,11.0,74082.59999999999,0.03904208998548621
7562,L54741,L,300.3,311.1,1388.0,49.4,128.0,0,0,10.800000000000011,68567.2,0.03556515478761699
7563,M22422,M,300.3,311.1,1350.0,58.7,130.0,0,0,10.800000000000011,79245.0,0.04344929681717247
7564,M22423,M,300.4,311.2,1831.0,23.4,133.0,0,0,10.800000000000011,42845.399999999994,0.01277292576419214
7565,M22424,M,300.3,311.2,1381.0,65.2,136.0,1,0,10.899999999999977,90041.2,0.04717800289435601
7566,M22425,M,300.3,311.2,1783.0,25.6,139.0,0,0,10.899999999999977,45644.8,0.014349775784753363
7567,L54746,L,300.3,311.0,1613.0,34.7,142.0,0,0,10.699999999999989,55971.100000000006,0.021499380421313507
7568,M22427,M,300.2,311.0,2370.0,14.7,144.0,0,0,10.800000000000011,34839.0,0.006199915647406158
7569,L54748,L,300.2,311.0,1627.0,33.7,147.0,0,0,10.800000000000011,54829.9,0.0207002457002457
7570,L54749,L,300.2,311.0,1255.0,71.8,149.0,1,0,10.800000000000011,90109.0,0.0571656050955414
7571,H36984,H,300.2,311.0,1777.0,27.5,151.0,0,0,10.800000000000011,48867.5,0.01546681664791901
7572,L54751,L,300.3,311.1,1606.0,30.9,156.0,0,0,10.800000000000011,49625.399999999994,0.01922837585563161
7573,L54752,L,300.3,311.1,1676.0,28.6,158.0,0,0,10.800000000000011,47933.600000000006,0.017054263565891473
7574,L54753,L,300.3,311.1,1605.0,37.1,160.0,0,0,10.800000000000011,59545.5,0.023100871731008717
7575,L54754,L,300.4,311.1,1487.0,37.4,162.0,0,0,10.700000000000045,55613.799999999996,0.025134408602150538
7576,L54755,L,300.4,311.2,1471.0,46.5,164.0,0,0,10.800000000000011,68401.5,0.03158967391304348
7577,M22436,M,300.3,311.1,1477.0,44.2,166.0,0,0,10.800000000000011,65283.4,0.029905277401894453
7578,L54757,L,300.4,311.2,1530.0,32.0,169.0,0,0,10.800000000000011,48960.0,0.020901371652514697
7579,L54758,L,300.4,311.2,1673.0,28.9,171.0,0,0,10.800000000000011,48349.7,0.017264038231780167
7580,L54759,L,300.4,311.2,1436.0,56.8,173.0,0,0,10.800000000000011,81564.8,0.039526791927627
7581,L54760,L,300.4,311.3,1495.0,51.2,175.0,0,0,10.900000000000034,76544.0,0.034224598930481284
7582,M22441,M,300.4,311.2,1366.0,56.1,177.0,0,0,10.800000000000011,76632.6,0.04103877103145574
7583,H36996,H,300.4,311.2,1489.0,45.3,180.0,0,0,10.800000000000011,67451.7,0.030402684563758386
7584,L54763,L,300.3,311.1,1480.0,46.6,185.0,0,0,10.800000000000011,68968.0,0.031465226198514516
7585,L54764,L,300.4,311.2,1472.0,37.3,187.0,0,0,10.800000000000011,54905.6,0.025322471147318396
7586,L54765,L,300.4,311.1,1397.0,50.8,189.0,0,0,10.700000000000045,70967.59999999999,0.036337625178826896
7587,L54766,L,300.4,311.1,1589.0,35.5,191.0,0,0,10.700000000000045,56409.5,0.02232704402515723
7588,L54767,L,300.4,311.1,1405.0,54.1,193.0,0,0,10.700000000000045,76010.5,0.03847795163584637
7589,L54768,L,300.4,311.1,2013.0,20.1,195.0,0,0,10.700000000000045,40461.3,0.009980139026812315
7590,L54769,L,300.4,311.0,1802.0,26.0,197.0,0,0,10.600000000000023,46852.0,0.014420410427066
7591,M22450,M,300.4,311.0,1433.0,46.1,199.0,0,0,10.600000000000023,66061.3,0.03214783821478382
7592,M22451,M,300.5,311.1,1296.0,61.3,202.0,1,0,10.600000000000023,79444.8,0.04726291441788743
7593,M22452,M,300.5,311.2,1551.0,36.6,205.0,0,0,10.699999999999989,56766.600000000006,0.023582474226804123
7594,L54773,L,300.5,311.2,1270.0,67.5,208.0,1,0,10.699999999999989,85725.0,0.053107789142407553
7595,L54774,L,300.6,311.3,1531.0,38.5,0.0,0,0,10.699999999999989,58943.5,0.025130548302872063
7596,H37009,H,300.5,311.2,1397.0,45.2,2.0,0,0,10.699999999999989,63144.4,0.03233190271816881
7597,L54776,L,300.5,311.1,1547.0,37.2,7.0,0,0,10.600000000000023,57548.4,0.024031007751937988
7598,L54777,L,300.5,311.0,2074.0,18.9,9.0,0,0,10.5,39198.6,0.00910843373493976
7599,L54778,L,300.5,311.1,1491.0,42.6,11.0,0,0,10.600000000000023,63516.6,0.028552278820375337
7600,L54779,L,300.5,311.0,1759.0,28.3,13.0,0,0,10.5,49779.700000000004,0.016079545454545454
7601,M22460,M,300.4,311.0,1595.0,35.4,15.0,0,0,10.600000000000023,56463.0,0.022180451127819547
7602,L54781,L,300.4,311.2,1351.0,62.0,18.0,0,0,10.800000000000011,83762.0,0.04585798816568047
7603,L54782,L,300.4,311.2,1705.0,28.7,20.0,0,0,10.800000000000011,48933.5,0.01682297772567409
7604,L54783,L,300.4,311.2,1406.0,43.6,22.0,0,0,10.800000000000011,61301.6,0.030987917555081734
7605,L54784,L,300.4,311.3,1639.0,34.6,24.0,0,0,10.900000000000034,56709.4,0.021097560975609757
7606,H37019,H,300.4,311.3,2026.0,20.3,26.0,0,0,10.900000000000034,41127.8,0.010014800197335964
7607,M22466,M,300.4,311.3,1350.0,56.5,31.0,0,0,10.900000000000034,76275.0,0.041820873427091045
7608,M22467,M,300.5,311.3,1468.0,41.1,34.0,0,0,10.800000000000011,60334.8,0.027978216473791697
7609,L54788,L,300.5,311.4,1642.0,27.1,37.0,0,0,10.899999999999977,44498.200000000004,0.016494217894096167
7610,L54789,L,300.5,311.3,1490.0,41.8,39.0,0,0,10.800000000000011,62281.99999999999,0.028034875922199862
7611,M22470,M,300.5,311.3,1507.0,43.4,41.0,0,0,10.800000000000011,65403.799999999996,0.028779840848806366
7612,L54791,L,300.5,311.4,1611.0,32.7,44.0,0,0,10.899999999999977,52679.700000000004,0.020285359801488836
7613,M22472,M,300.5,311.4,1743.0,27.6,46.0,0,0,10.899999999999977,48106.8,0.015825688073394496
7614,L54793,L,300.5,311.3,1475.0,46.3,49.0,0,0,10.800000000000011,68292.5,0.031368563685636855
7615,L54794,L,300.5,311.4,1432.0,47.5,51.0,0,0,10.899999999999977,68020.0,0.03314724354501047
7616,L54795,L,300.5,311.4,1442.0,47.0,53.0,0,0,10.899999999999977,67774.0,0.03257103257103257
7617,M22476,M,300.6,311.4,1468.0,40.4,55.0,0,0,10.799999999999955,59307.2,0.02750170183798502
7618,L54797,L,300.5,311.4,1556.0,45.3,58.0,0,0,10.899999999999977,70486.79999999999,0.029094412331406548
7619,M22478,M,300.5,311.4,1312.0,51.4,60.0,0,0,10.899999999999977,67436.8,0.03914699162223915
7620,L54799,L,300.6,311.5,1459.0,47.0,63.0,0,0,10.899999999999977,68573.0,0.03219178082191781
7621,L54800,L,300.5,311.5,1651.0,36.9,65.0,0,0,11.0,60921.899999999994,0.022336561743341404
7622,L54801,L,300.5,311.5,1490.0,38.4,67.0,0,0,11.0,57216.0,0.025754527162977867
7623,M22482,M,300.6,311.6,1473.0,31.5,69.0,0,0,11.0,46399.5,0.021370420624151967
7624,L54803,L,300.6,311.7,1734.0,29.9,72.0,0,0,11.099999999999966,51846.6,0.01723342939481268
7625,L54804,L,300.6,311.7,1507.0,45.5,74.0,0,0,11.099999999999966,68568.5,0.03017241379310345
7626,L54805,L,300.6,311.7,1556.0,34.9,76.0,0,0,11.099999999999966,54304.399999999994,0.02241490044958253
7627,H37040,H,300.5,311.6,1351.0,53.5,78.0,0,0,11.100000000000023,72278.5,0.039571005917159764
7628,L54807,L,300.5,311.7,1445.0,44.8,83.0,0,0,11.199999999999989,64735.99999999999,0.0309820193637621
7629,L54808,L,300.5,311.7,1619.0,32.7,85.0,0,0,11.199999999999989,52941.3,0.020185185185185188
7630,M22489,M,300.5,311.7,1269.0,64.0,87.0,0,0,11.199999999999989,81216.0,0.050393700787401574
7631,L54810,L,300.5,311.6,1534.0,37.7,90.0,0,0,11.100000000000023,57831.8,0.02456026058631922
7632,L54811,L,300.5,311.6,1444.0,49.3,92.0,0,0,11.100000000000023,71189.2,0.03411764705882353
7633,L54812,L,300.5,311.6,1744.0,26.8,94.0,0,0,11.100000000000023,46739.200000000004,0.015358166189111748
7634,L54813,L,300.4,311.5,1441.0,44.6,96.0,0,0,11.100000000000023,64268.6,0.030929264909847435
7635,M22494,M,300.3,311.3,1506.0,40.7,98.0,0,0,11.0,61294.200000000004,0.027007299270072994
7636,L54815,L,300.3,311.4,1526.0,38.5,101.0,0,0,11.099999999999966,58751.0,0.0252128356254093
7637,L54816,L,300.4,311.5,1704.0,29.7,103.0,0,0,11.100000000000023,50608.799999999996,0.017419354838709676
7638,H37051,H,300.4,311.4,1445.0,52.4,105.0,0,0,11.0,75718.0,0.03623789764868603
7639,L54818,L,300.5,311.5,1661.0,35.9,110.0,0,0,11.0,59629.899999999994,0.021600481347773766
7640,L54819,L,300.5,311.4,1466.0,41.8,112.0,0,0,10.899999999999977,61278.799999999996,0.028493524199045668
7641,L54820,L,300.4,311.3,1608.0,35.1,114.0,0,0,10.900000000000034,56440.8,0.021814791796146676
7642,M22501,M,300.4,311.4,1352.0,57.3,116.0,0,0,11.0,77469.59999999999,0.042350332594235034
7643,M22502,M,300.4,311.4,1604.0,31.7,119.0,0,0,11.0,50846.799999999996,0.019750778816199376
7644,H37057,H,300.4,311.4,1427.0,50.7,122.0,0,0,11.0,72348.90000000001,0.03550420168067227
7645,L54824,L,300.4,311.4,1424.0,44.6,127.0,0,0,11.0,63510.4,0.03129824561403509
7646,L54825,L,300.4,311.4,1662.0,29.3,129.0,0,0,11.0,48696.6,0.01761876127480457
7647,L54826,L,300.4,311.4,1936.0,23.9,131.0,0,0,11.0,46270.399999999994,0.01233866804336603
7648,L54827,L,300.4,311.4,1728.0,31.7,133.0,0,0,11.0,54777.6,0.0183342972816657
7649,L54828,L,300.4,311.4,1552.0,28.8,135.0,0,0,11.0,44697.6,0.01854475209272376
7650,H37063,H,300.4,311.5,1662.0,29.0,137.0,0,0,11.100000000000023,48198.0,0.017438364401683705
7651,L54830,L,300.3,311.4,1343.0,57.7,142.0,0,0,11.099999999999966,77491.1,0.04293154761904762
7652,M22511,M,300.4,311.5,1476.0,32.6,144.0,0,0,11.100000000000023,48117.6,0.02207176709546378
7653,L54832,L,300.3,311.4,1346.0,51.1,147.0,0,0,11.099999999999966,68780.6,0.037936154417223464
7654,L54833,L,300.4,311.5,1492.0,44.6,149.0,0,0,11.100000000000023,66543.2,0.029872739450770264
7655,M22514,M,300.3,311.5,1540.0,41.5,151.0,0,0,11.199999999999989,63910.0,0.02693056456846204
7656,L54835,L,300.4,311.5,1596.0,32.5,154.0,0,0,11.100000000000023,51870.0,0.020350657482780213
7657,L54836,L,300.5,311.6,1541.0,47.8,156.0,0,0,11.100000000000023,73659.79999999999,0.030998702983138778
7658,L54837,L,300.5,311.6,1661.0,30.0,158.0,0,0,11.100000000000023,49830.0,0.018050541516245487
7659,M22518,M,300.4,311.6,1359.0,55.4,160.0,0,0,11.200000000000045,75288.59999999999,0.04073529411764706
7660,L54839,L,300.5,311.6,1528.0,42.4,163.0,0,0,11.100000000000023,64787.2,0.027730542838456506
7661,M22520,M,300.5,311.6,1246.0,52.9,165.0,0,0,11.100000000000023,65913.4,0.04242181234963913
7662,L54841,L,300.5,311.6,1575.0,32.5,168.0,0,0,11.100000000000023,51187.5,0.020621827411167512
7663,M22522,M,300.5,311.6,1658.0,30.4,170.0,0,0,11.100000000000023,50403.2,0.01832429174201326
7664,L54843,L,300.5,311.6,1385.0,54.8,173.0,0,0,11.100000000000023,75898.0,0.03953823953823954
7665,H37078,H,300.5,311.7,1454.0,50.3,175.0,0,0,11.199999999999989,73136.2,0.03457044673539519
7666,L54845,L,300.5,311.6,1497.0,40.5,180.0,0,0,11.100000000000023,60628.5,0.02703604806408545
7667,M22526,M,300.6,311.7,1424.0,50.8,182.0,0,0,11.099999999999966,72339.2,0.03564912280701754
7668,L54847,L,300.6,311.7,1528.0,43.9,185.0,0,0,11.099999999999966,67079.2,0.02871157619359058
7669,L54848,L,300.6,311.8,1539.0,37.0,187.0,0,0,11.199999999999989,56943.0,0.024025974025974027
7670,L54849,L,300.7,311.8,1336.0,58.4,189.0,1,0,11.100000000000023,78022.4,0.043679880329094985
7671,L54850,L,300.5,311.6,1525.0,37.6,191.0,0,0,11.100000000000023,57340.0,0.024639580602883356
7672,M22531,M,300.5,311.6,1456.0,51.1,193.0,0,0,11.100000000000023,74401.6,0.03507206588881263
7673,M22532,M,300.5,311.7,2141.0,17.2,196.0,0,0,11.199999999999989,36825.2,0.008029878618113911
7674,M22533,M,300.5,310.1,1476.0,39.1,199.0,0,0,9.600000000000023,57711.6,0.026472579553148273
7675,L54854,L,300.5,311.6,1509.0,47.2,202.0,0,0,11.100000000000023,71224.8,0.031258278145695366
7676,L54855,L,300.5,311.6,1447.0,45.4,204.0,0,0,11.100000000000023,65693.8,0.031353591160220996
7677,L54856,L,300.6,311.7,1448.0,49.1,108.0,0,0,11.099999999999966,71096.8,0.03388543823326432
7678,L54857,H,300.6,311.7,1428.0,52.6,208.0,0,0,11.099999999999966,75112.8,0.03680895731280616
7679,M22538,M,300.6,311.7,1389.0,52.1,210.0,0,0,11.099999999999966,72366.90000000001,0.03748201438848921
7680,L54859,L,300.7,311.7,1635.0,32.4,213.0,0,0,11.0,52974.0,0.01980440097799511
7681,L54860,L,300.7,311.7,1395.0,43.7,215.0,0,0,11.0,60961.50000000001,0.03130372492836676
7682,L54861,L,300.7,311.8,1443.0,43.7,217.0,0,0,11.100000000000023,63059.100000000006,0.030263157894736843
7683,M22542,M,300.7,311.7,1412.0,49.1,219.0,0,0,11.0,69329.2,0.03474876150035386
7684,L54863,L,300.7,311.7,1524.0,43.5,222.0,0,0,11.0,66294.0,0.028524590163934428
7685,M22544,M,300.7,311.8,1407.0,42.4,224.0,0,0,11.100000000000023,59656.799999999996,0.030113636363636363
7686,L54865,L,300.8,311.7,1397.0,43.5,227.0,0,0,10.899999999999977,60769.5,0.03111587982832618
7687,M22546,M,300.7,311.7,1504.0,36.9,229.0,0,0,11.0,55497.6,0.02451827242524917
7688,M22547,M,300.7,311.7,2097.0,18.9,232.0,1,1,11.0,39633.299999999996,0.009008579599618684
7689,L54868,L,300.6,311.7,1553.0,39.8,108.0,0,0,11.099999999999966,61809.399999999994,0.02561132561132561
7690,L54869,L,300.6,311.7,1432.0,39.2,2.0,0,0,11.099999999999966,56134.4,0.027355198883461274
7691,M22550,M,300.5,311.6,1577.0,36.5,4.0,0,0,11.100000000000023,57560.5,0.023130544993662863
7692,M22551,M,300.5,311.5,1370.0,56.1,7.0,0,0,11.0,76857.0,0.04091903719912473
7693,H37106,H,300.5,311.6,1506.0,36.2,10.0,0,0,11.100000000000023,54517.200000000004,0.024021234240212345
7694,L54873,L,300.6,311.6,1964.0,21.4,15.0,0,0,11.0,42029.6,0.01089058524173028
7695,H37108,H,300.6,311.7,1500.0,36.7,17.0,0,0,11.099999999999966,55050.00000000001,0.02445036642238508
7696,L54875,L,300.6,311.7,1488.0,47.7,22.0,0,0,11.099999999999966,70977.6,0.03203492276695769
7697,H37110,H,300.6,311.5,1282.0,60.2,24.0,0,0,10.899999999999977,77176.40000000001,0.04692127825409197
7698,L54877,L,300.5,311.4,1400.0,45.1,29.0,0,0,10.899999999999977,63140.0,0.03219129193433262
7699,L54878,L,300.6,311.5,1419.0,38.6,31.0,0,0,10.899999999999977,54773.4,0.0271830985915493
7700,M22559,M,300.7,311.5,1441.0,40.6,33.0,0,0,10.800000000000011,58504.6,0.028155339805825245
7701,M22560,M,300.7,311.6,1348.0,62.5,36.0,0,0,10.900000000000034,84250.0,0.046330615270570794
7702,H37115,H,300.8,311.7,1468.0,38.7,39.0,0,0,10.899999999999977,56811.600000000006,0.026344452008168824
7703,M22562,M,300.7,311.7,1701.0,30.8,44.0,0,0,11.0,52390.8,0.01809635722679201
7704,H37117,H,300.7,311.7,1864.0,23.6,47.0,0,0,11.0,43990.4,0.012654155495978554
7705,M22564,M,300.6,311.6,1630.0,31.8,52.0,0,0,11.0,51834.0,0.019497240956468424
7706,L54885,L,300.5,311.5,1316.0,49.7,55.0,0,0,11.0,65405.200000000004,0.037737281700835235
7707,L54886,L,300.5,311.5,1708.0,31.2,57.0,0,0,11.0,53289.6,0.018256290228203628
7708,H37121,H,300.5,311.4,1679.0,27.5,59.0,0,0,10.899999999999977,46172.5,0.01636904761904762
7709,L54888,L,300.5,311.4,1709.0,32.3,64.0,0,0,10.899999999999977,55200.7,0.018888888888888886
7710,L54889,L,300.5,311.4,1445.0,41.5,66.0,0,0,10.899999999999977,59967.5,0.028699861687413553
7711,M22570,M,300.5,311.4,1390.0,51.9,68.0,0,0,10.899999999999977,72141.0,0.03731128684399712
7712,L54891,L,300.4,311.4,1309.0,55.5,71.0,0,0,11.0,72649.5,0.042366412213740455
7713,L54892,L,300.5,311.5,1499.0,37.6,73.0,0,0,11.0,56362.4,0.025066666666666668
7714,M22573,M,300.5,311.4,2072.0,18.8,75.0,0,0,10.899999999999977,38953.6,0.009068982151471299
7715,L54894,L,300.5,311.5,1487.0,43.0,78.0,0,0,11.0,63941.0,0.02889784946236559
7716,L54895,L,300.5,311.5,1302.0,49.6,80.0,0,0,11.0,64579.200000000004,0.038066001534919416
7717,M22576,M,300.5,311.5,1378.0,48.2,82.0,0,0,11.0,66419.6,0.03495286439448876
7718,L54897,L,300.5,311.6,1365.0,53.0,85.0,0,0,11.100000000000023,72345.0,0.038799414348462666
7719,H37132,H,300.6,311.7,1427.0,44.6,87.0,0,0,11.099999999999966,63644.200000000004,0.03123249299719888
7720,H37133,H,300.6,311.7,1535.0,33.3,92.0,0,0,11.099999999999966,51115.49999999999,0.0216796875
7721,H37134,H,300.5,311.6,1476.0,41.7,97.0,0,0,11.100000000000023,61549.200000000004,0.028232904536222073
7722,L54901,L,300.5,311.6,1425.0,42.4,102.0,0,0,11.100000000000023,60420.0,0.02973352033660589
7723,L54902,L,300.5,311.7,1409.0,54.7,104.0,0,0,11.199999999999989,77072.3,0.038794326241134755
7724,L54903,L,300.5,311.6,1730.0,30.2,106.0,0,0,11.100000000000023,52246.0,0.017446562680531484
7725,M22584,M,300.5,311.6,1454.0,41.4,108.0,0,0,11.100000000000023,60195.6,0.028453608247422678
7726,L54905,H,300.6,311.7,1744.0,26.9,111.0,0,0,11.099999999999966,46913.6,0.015415472779369627
7727,M22586,M,300.8,311.9,1761.0,29.0,113.0,0,0,11.099999999999966,51069.0,0.016458569807037457
7728,M22587,M,300.7,311.9,1657.0,30.9,116.0,0,0,11.199999999999989,51201.299999999996,0.018636911942098912
7729,L54908,L,300.7,311.8,1420.0,47.0,119.0,0,0,11.100000000000023,66740.0,0.033075299085151305
7730,H37143,H,300.7,311.9,1329.0,59.2,121.0,0,0,11.199999999999989,78676.8,0.044511278195488724
7731,L54910,L,300.6,311.9,1472.0,44.2,126.0,0,0,11.299999999999955,65062.4,0.030006788866259338
7732,L54911,L,300.6,312.0,1566.0,30.1,128.0,0,0,11.399999999999977,47136.600000000006,0.019208679004467134
7733,L54912,L,300.6,312.0,1430.0,42.7,130.0,0,0,11.399999999999977,61061.00000000001,0.029839273235499654
7734,L54913,L,300.6,312.0,1481.0,40.9,132.0,0,0,11.399999999999977,60572.9,0.02759784075573549
7735,L54914,L,300.6,312.0,1670.0,29.4,134.0,0,0,11.399999999999977,49098.0,0.017594254937163375
7736,L54915,L,300.6,312.0,1406.0,55.1,136.0,0,0,11.399999999999977,77470.6,0.03916133617626155
7737,H37150,H,300.6,312.1,1354.0,46.9,138.0,0,0,11.5,63502.6,0.034612546125461253
7738,M22597,M,300.5,312.0,1985.0,19.3,143.0,0,0,11.5,38310.5,0.009718026183282982
7739,M22598,M,300.5,312.0,1263.0,60.8,146.0,0,0,11.5,76790.4,0.04810126582278481
7740,L54919,L,300.5,311.9,1576.0,31.1,149.0,0,0,11.399999999999977,49013.600000000006,0.019720989220038048
7741,L54920,L,300.5,312.0,1453.0,45.1,151.0,0,0,11.5,65530.3,0.031017881705639617
7742,L54921,L,300.5,312.0,1478.0,39.0,153.0,0,0,11.5,57642.0,0.02636916835699797
7743,M22602,M,300.5,311.9,1323.0,57.9,155.0,0,0,11.399999999999977,76601.7,0.043731117824773416
7744,L54923,L,300.5,311.9,1710.0,28.4,158.0,0,0,11.399999999999977,48564.0,0.016598480420806545
7745,L54924,L,300.4,311.7,1314.0,59.5,160.0,0,0,11.300000000000011,78183.0,0.04524714828897338
7746,L54925,L,300.4,311.7,1460.0,39.6,162.0,0,0,11.300000000000011,57816.0,0.027104722792607804
7747,M22606,M,300.4,311.7,1508.0,45.4,164.0,0,0,11.300000000000011,68463.2,0.030086149768058314
7748,M22607,M,300.5,311.8,1331.0,55.3,167.0,0,0,11.300000000000011,73604.3,0.04151651651651651
7749,L54928,L,300.4,311.7,1515.0,47.4,170.0,0,0,11.300000000000011,71811.0,0.031266490765171503
7750,L54929,L,300.4,311.6,1674.0,33.0,172.0,0,0,11.200000000000045,55242.0,0.019701492537313434
7751,L54930,L,300.4,311.7,1444.0,51.2,174.0,0,0,11.300000000000011,73932.8,0.035432525951557096
7752,M22611,M,300.4,311.7,1398.0,42.6,176.0,0,0,11.300000000000011,59554.8,0.030450321658327378
7753,M22612,M,300.4,311.7,1832.0,24.2,179.0,0,0,11.300000000000011,44334.4,0.013202400436442989
7754,M22613,M,300.5,311.8,1591.0,42.0,182.0,0,0,11.300000000000011,66822.0,0.026381909547738693
7755,M22614,M,300.4,311.7,1478.0,39.9,185.0,0,0,11.300000000000011,58972.2,0.026977687626774847
7756,M22615,M,300.4,311.8,1362.0,47.6,188.0,0,0,11.400000000000034,64831.200000000004,0.03492296404988995
7757,L54936,L,300.5,311.8,1368.0,57.9,191.0,1,0,11.300000000000011,79207.2,0.0422936449963477
7758,M22617,M,300.3,311.7,1723.0,28.3,193.0,0,0,11.399999999999977,48760.9,0.016415313225058004
7759,L54938,L,300.4,311.8,1689.0,30.8,196.0,0,0,11.400000000000034,52021.200000000004,0.018224852071005916
7760,L54939,L,300.4,311.8,1272.0,59.2,198.0,1,0,11.400000000000034,75302.40000000001,0.04650432050274941
7761,M22620,M,300.4,311.7,1511.0,33.0,200.0,0,0,11.300000000000011,49863.0,0.021825396825396824
7762,H37175,H,300.4,311.6,1715.0,30.8,203.0,0,0,11.200000000000045,52822.0,0.017948717948717947
7763,M22622,M,300.3,311.5,1400.0,43.8,0.0,0,0,11.199999999999989,61319.99999999999,0.03126338329764454
7764,L54943,L,300.4,311.6,1200.0,76.6,3.0,1,0,11.200000000000045,91920.0,0.06378018318068276
7765,M22624,M,300.4,311.7,1555.0,38.7,5.0,0,0,11.300000000000011,60178.50000000001,0.02487146529562982
7766,H37179,H,300.3,311.6,1427.0,56.2,8.0,0,0,11.300000000000011,80197.40000000001,0.039355742296918766
7767,L54946,L,300.3,311.4,1318.0,52.7,13.0,0,0,11.099999999999966,69458.6,0.03995451099317665
7768,H37181,H,300.2,311.4,1319.0,54.6,15.0,0,0,11.199999999999989,72017.40000000001,0.041363636363636366
7769,M22628,M,300.2,311.4,1960.0,20.9,20.0,0,0,11.199999999999989,40964.0,0.010657827638959713
7770,L54949,L,300.3,311.5,1552.0,38.9,23.0,0,0,11.199999999999989,60372.799999999996,0.025048293625241465
7771,L54950,L,300.3,311.5,1548.0,32.2,25.0,0,0,11.199999999999989,49845.600000000006,0.020787604906391224
7772,L54951,L,300.3,311.6,1709.0,29.5,27.0,0,0,11.300000000000011,50415.5,0.017251461988304094
7773,H37186,H,300.3,311.5,1464.0,41.0,29.0,0,0,11.199999999999989,60024.0,0.027986348122866895
7774,L54953,L,300.3,311.4,1759.0,24.8,34.0,0,0,11.099999999999966,43623.200000000004,0.014090909090909091
7775,L54954,L,300.3,311.5,1634.0,31.9,36.0,0,0,11.199999999999989,52124.6,0.01951070336391437
7776,L54955,L,300.3,311.5,1663.0,33.6,38.0,0,0,11.199999999999989,55876.8,0.020192307692307693
7777,M22636,M,300.3,311.5,1445.0,47.3,40.0,0,0,11.199999999999989,68348.5,0.03271092669432918
7778,L54957,L,300.3,311.5,1695.0,25.6,43.0,0,0,11.199999999999989,43392.0,0.01509433962264151
7779,L54958,L,300.4,311.6,1517.0,39.0,45.0,0,0,11.200000000000045,59163.0,0.025691699604743084
7780,L54959,L,300.5,311.7,1811.0,26.8,47.0,0,0,11.199999999999989,48534.8,0.014790286975717439
7781,L54960,L,300.4,311.6,1815.0,23.5,49.0,0,0,11.200000000000045,42652.5,0.012940528634361233
7782,L54961,L,300.4,311.7,1513.0,40.0,51.0,0,0,11.300000000000011,60520.0,0.026420079260237782
7783,M22642,M,300.4,311.6,1518.0,36.4,53.0,0,0,11.200000000000045,55255.2,0.023963133640552994
7784,L54963,L,300.3,311.5,1667.0,40.1,56.0,0,0,11.199999999999989,66846.7,0.02404076738609113
7785,L54964,L,300.3,311.5,1403.0,60.1,58.0,0,0,11.199999999999989,84320.3,0.042806267806267805
7786,L54965,L,300.2,311.5,1383.0,42.1,60.0,0,0,11.300000000000011,58224.3,0.030419075144508673
7787,L54966,L,300.3,311.5,1466.0,46.2,62.0,0,0,11.199999999999989,67729.2,0.031492842535787324
7788,L54967,L,300.3,311.5,1378.0,47.5,64.0,0,0,11.199999999999989,65455.0,0.03444525018129079
7789,M22648,M,300.2,311.5,1547.0,40.9,66.0,0,0,11.300000000000011,63272.299999999996,0.026421188630490956
7790,L54969,L,300.2,311.5,1495.0,38.5,69.0,0,0,11.300000000000011,57557.5,0.025735294117647058
7791,L54970,L,300.1,311.4,1729.0,29.3,71.0,0,0,11.299999999999955,50659.700000000004,0.0169364161849711
7792,L54971,L,300.1,311.4,1418.0,47.7,73.0,0,0,11.299999999999955,67638.6,0.033615221987315015
7793,H37206,H,300.1,311.4,1485.0,40.4,75.0,0,0,11.299999999999955,59994.0,0.02718707940780619
7794,L54973,L,300.1,311.5,1434.0,40.8,80.0,0,0,11.399999999999977,58507.2,0.028432055749128916
7795,M22654,M,300.2,311.6,1415.0,55.8,82.0,0,0,11.400000000000034,78957.0,0.039406779661016945
7796,H37209,H,300.1,311.6,1674.0,29.6,85.0,0,0,11.5,49550.4,0.017671641791044777
7797,L54976,L,300.1,311.5,1454.0,52.4,90.0,0,0,11.399999999999977,76189.59999999999,0.03601374570446735
7798,L54977,L,300.0,311.4,1476.0,39.0,92.0,0,0,11.399999999999977,57564.0,0.026404874746106973
7799,L54978,L,300.0,311.5,1812.0,28.3,94.0,0,0,11.5,51279.6,0.015609487038058468
7800,L54979,L,300.0,311.4,1374.0,41.9,96.0,0,0,11.399999999999977,57570.6,0.030472727272727273
7801,M22660,M,300.1,311.4,1524.0,40.6,98.0,0,0,11.299999999999955,61874.4,0.02662295081967213
7802,L54981,L,300.0,311.4,1383.0,49.6,101.0,0,0,11.399999999999977,68596.8,0.035838150289017344
7803,L54982,L,299.9,311.3,1429.0,58.2,103.0,0,0,11.400000000000034,83167.8,0.0406993006993007
7804,M22663,M,299.8,311.3,1517.0,41.2,105.0,0,0,11.5,62500.4,0.027140974967061925
7805,M22664,M,299.9,311.4,1480.0,44.9,108.0,0,0,11.5,66452.0,0.030317353139770426
7806,L54985,L,299.9,311.4,1706.0,28.8,111.0,0,0,11.5,49132.8,0.01687170474516696
7807,L54986,L,300.0,311.5,1349.0,48.6,113.0,0,0,11.5,65561.40000000001,0.036000000000000004
7808,M22667,M,300.0,311.5,1451.0,49.0,115.0,0,0,11.5,71099.0,0.0337465564738292
7809,L54988,L,299.9,311.4,1627.0,36.7,118.0,0,0,11.5,59710.9,0.022542997542997545
7810,M22669,M,300.0,311.4,1537.0,35.4,120.0,0,0,11.399999999999977,54409.799999999996,0.023016905071521456
7811,L54990,L,300.1,311.5,2218.0,17.0,123.0,0,0,11.399999999999977,37706.0,0.0076611086074808476
7812,M22671,M,300.0,311.4,1466.0,39.0,125.0,0,0,11.399999999999977,57174.0,0.026584867075664622
7813,L54992,L,300.0,311.5,1666.0,32.0,128.0,0,0,11.5,53312.0,0.01919616076784643
7814,L54993,L,300.0,311.5,1455.0,41.7,130.0,0,0,11.5,60673.50000000001,0.028640109890109892
7815,L54994,L,300.0,311.4,1927.0,24.6,132.0,0,0,11.399999999999977,47404.200000000004,0.012759336099585064
7816,M22675,M,299.9,311.3,1703.0,28.4,134.0,0,0,11.400000000000034,48365.2,0.016666666666666666
7817,L54996,L,299.8,311.2,1533.0,35.9,137.0,0,0,11.399999999999977,55034.7,0.023402868318122553
7818,H37231,H,299.8,311.3,1785.0,25.4,139.0,0,0,11.5,45339.0,0.014221724524076147
7819,L54998,L,299.8,311.2,2142.0,16.6,144.0,0,0,11.399999999999977,35557.200000000004,0.007746150256649558
7820,L54999,L,299.8,311.2,1369.0,46.2,146.0,0,0,11.399999999999977,63247.8,0.03372262773722628
7821,M22680,M,299.8,311.2,1706.0,29.2,148.0,0,0,11.399999999999977,49815.2,0.017106033977738723
7822,L55001,L,299.9,311.3,1802.0,24.4,151.0,0,0,11.400000000000034,43968.799999999996,0.013533000554631169
7823,H37236,H,299.9,311.3,1413.0,41.8,153.0,0,0,11.400000000000034,59063.399999999994,0.029561527581329558
7824,L55003,L,300.0,311.3,1484.0,53.2,158.0,0,0,11.300000000000011,78948.8,0.03582491582491583
7825,L55004,L,299.9,311.3,1535.0,38.1,160.0,0,0,11.400000000000034,58483.5,0.024804687500000002
7826,M22685,M,299.9,311.2,1579.0,35.5,162.0,0,0,11.300000000000011,56054.5,0.022468354430379745
7827,L55006,L,299.8,311.1,1300.0,64.2,165.0,0,0,11.300000000000011,83460.0,0.04934665641813989
7828,M22687,M,299.8,311.1,1452.0,44.3,167.0,0,0,11.300000000000011,64323.6,0.03048864418444597
7829,M22688,M,299.8,311.1,1562.0,35.7,170.0,0,0,11.300000000000011,55763.4,0.022840690978886757
7830,L55009,L,299.8,311.2,1664.0,28.3,173.0,0,0,11.399999999999977,47091.200000000004,0.016996996996996996
7831,H37244,H,299.9,311.2,1495.0,35.8,175.0,0,0,11.300000000000011,53520.99999999999,0.02393048128342246
7832,M22691,M,300.0,311.4,1533.0,42.6,180.0,0,0,11.399999999999977,65305.8,0.02777053455019557
7833,L55012,L,300.0,311.4,1484.0,37.0,183.0,0,0,11.399999999999977,54908.0,0.024915824915824916
7834,L55013,L,300.0,311.4,1604.0,38.7,185.0,0,0,11.399999999999977,62074.8,0.02411214953271028
7835,L55014,L,300.0,311.4,1483.0,45.6,187.0,0,0,11.399999999999977,67624.8,0.030727762803234502
7836,L55015,L,300.1,311.5,1549.0,34.7,189.0,0,0,11.399999999999977,53750.3,0.02238709677419355
7837,L55016,L,300.1,311.4,1604.0,35.0,191.0,0,0,11.299999999999955,56140.0,0.021806853582554516
7838,L55017,L,300.2,311.5,1685.0,31.0,193.0,0,0,11.300000000000011,52235.0,0.018386714116251483
7839,L55018,L,300.2,311.6,1372.0,49.2,195.0,0,0,11.400000000000034,67502.40000000001,0.03583394027676621
7840,L55019,L,300.3,311.6,1374.0,47.4,197.0,0,0,11.300000000000011,65127.6,0.03447272727272727
7841,L55020,L,300.2,311.6,1606.0,31.0,199.0,0,0,11.400000000000034,49786.0,0.019290603609209707
7842,L55021,L,300.1,311.5,1471.0,47.2,201.0,0,0,11.399999999999977,69431.2,0.03206521739130435
7843,L55022,L,300.1,311.5,1659.0,31.1,203.0,0,0,11.399999999999977,51594.9,0.018734939759036146
7844,M22703,M,300.1,311.7,1400.0,48.5,205.0,0,0,11.599999999999966,67900.0,0.03461812990720914
7845,L55024,L,300.1,311.7,1503.0,42.6,208.0,0,0,11.599999999999966,64027.8,0.028324468085106382
7846,L55025,L,300.2,311.8,1798.0,23.2,210.0,0,0,11.600000000000023,41713.6,0.012896053362979432
7847,M22706,M,300.2,311.6,1608.0,35.0,212.0,0,0,11.400000000000034,56280.0,0.02175264139216905
7848,L55027,L,300.2,311.6,1322.0,50.9,215.0,0,0,11.400000000000034,67289.8,0.038473167044595614
7849,H37262,H,300.2,311.6,1547.0,37.7,217.0,0,0,11.400000000000034,58321.9,0.02435400516795866
7850,M22709,M,300.3,311.7,1374.0,47.9,222.0,1,1,11.399999999999977,65814.59999999999,0.03483636363636364
7851,M22710,M,300.3,311.7,1447.0,36.8,0.0,0,0,11.399999999999977,53249.6,0.025414364640883976
7852,L55031,L,300.4,311.7,1373.0,47.2,3.0,0,0,11.300000000000011,64805.600000000006,0.03435225618631732
7853,L55032,L,300.3,311.7,1515.0,37.5,5.0,0,0,11.399999999999977,56812.5,0.024736147757255935
7854,L55033,L,300.3,311.7,1317.0,56.5,7.0,0,0,11.399999999999977,74410.5,0.04286798179059181
7855,L55034,L,300.3,311.8,1551.0,37.2,9.0,0,0,11.5,57697.200000000004,0.023969072164948455
7856,M22715,M,300.3,311.8,1592.0,32.1,11.0,0,0,11.5,51103.200000000004,0.020150659133709982
7857,L55036,L,300.4,311.8,1433.0,42.2,14.0,0,0,11.400000000000034,60472.600000000006,0.029428172942817295
7858,L55037,L,300.5,311.9,1432.0,43.1,16.0,0,0,11.399999999999977,61719.200000000004,0.030076762037683183
7859,L55038,L,300.5,311.9,1350.0,51.7,18.0,0,0,11.399999999999977,69795.0,0.0382679496669134
7860,M22719,M,300.5,311.9,1370.0,44.8,20.0,0,0,11.399999999999977,61375.99999999999,0.032676878191101384
7861,L55040,L,300.5,312.0,1415.0,44.6,23.0,0,0,11.5,63109.0,0.031497175141242936
7862,L55041,L,300.5,312.0,1498.0,42.9,25.0,0,0,11.5,64264.2,0.028619079386257504
7863,M22722,M,300.5,312.0,1382.0,54.1,27.0,0,0,11.5,74766.2,0.039117859725234995
7864,M22723,M,300.5,311.9,1511.0,44.5,30.0,0,0,11.399999999999977,67239.5,0.02943121693121693
7865,L55044,L,300.5,310.1,1330.0,59.5,33.0,0,0,9.600000000000023,79135.0,0.04470323065364388
7866,L55045,L,300.5,310.1,1383.0,50.5,35.0,0,0,9.600000000000023,69841.5,0.03648843930635838
7867,L55046,L,300.5,311.9,1431.0,49.4,37.0,0,0,11.399999999999977,70691.4,0.03449720670391061
7868,L55047,L,300.5,312.0,1461.0,38.1,39.0,0,0,11.5,55664.1,0.026060191518467852
7869,H37282,H,300.4,311.9,1438.0,46.7,41.0,0,0,11.5,67154.6,0.03245309242529534
7870,M22729,M,300.5,312.0,1779.0,27.7,46.0,0,0,11.5,49278.299999999996,0.015561797752808987
7871,M22730,M,300.6,312.1,1293.0,52.3,49.0,0,0,11.5,67623.9,0.04041731066460587
7872,L55051,L,300.6,312.2,1308.0,54.7,52.0,0,0,11.599999999999966,71547.6,0.04178762414056532
7873,L55052,L,300.6,312.3,1532.0,37.2,54.0,0,0,11.699999999999989,56990.4,0.02426614481409002
7874,L55053,L,300.7,312.4,1470.0,38.6,56.0,0,0,11.699999999999989,56742.0,0.026240652617267168
7875,L55054,L,300.7,312.3,1548.0,37.9,58.0,0,0,11.600000000000023,58669.2,0.02446739832149774
7876,L55055,L,300.7,312.3,1898.0,24.0,60.0,0,0,11.600000000000023,45552.0,0.01263823064770932
7877,H37290,H,300.7,312.2,1335.0,49.0,62.0,0,0,11.5,65415.0,0.036676646706586824
7878,L55057,L,300.7,312.3,1420.0,53.8,67.0,0,0,11.600000000000023,76396.0,0.0378606615059817
7879,L55058,L,300.7,312.3,1418.0,49.0,69.0,0,0,11.600000000000023,69482.0,0.03453136011275546
7880,M22739,M,300.8,312.3,1535.0,40.3,71.0,0,0,11.5,61860.49999999999,0.026236979166666664
7881,H37294,H,300.7,312.4,1457.0,47.2,74.0,0,0,11.699999999999989,68770.40000000001,0.03237311385459534
7882,L55061,L,300.8,312.4,1493.0,39.1,79.0,0,0,11.599999999999966,58376.3,0.026171352074966535
7883,H37296,H,300.7,312.3,1670.0,27.3,81.0,0,0,11.600000000000023,45591.0,0.016337522441651705
7884,H37297,H,300.7,312.3,1446.0,45.4,86.0,0,0,11.600000000000023,65648.4,0.03137525915687629
7885,L55064,L,300.8,312.4,1465.0,59.1,91.0,1,0,11.599999999999966,86581.5,0.0403137789904502
7886,L55065,L,300.7,312.3,1590.0,36.3,93.0,0,0,11.600000000000023,57716.99999999999,0.02281583909490886
7887,M22746,M,300.6,312.2,2174.0,18.5,95.0,0,0,11.599999999999966,40219.0,0.008505747126436782
7888,L55067,L,300.7,312.4,1590.0,37.9,98.0,0,0,11.699999999999989,60261.0,0.02382149591451917
7889,L55068,L,300.7,312.3,1577.0,33.2,100.0,0,0,11.600000000000023,52356.4,0.021039290240811154
7890,M22749,M,300.7,312.4,1371.0,61.7,108.0,0,0,11.699999999999989,84590.7,0.044970845481049564
7891,L55070,L,300.8,312.4,1767.0,25.6,105.0,0,0,11.599999999999966,45235.200000000004,0.014479638009049774
7892,L55071,L,300.8,312.5,1517.0,39.2,107.0,0,0,11.699999999999989,59466.4,0.025823451910408433
7893,M22752,M,300.9,312.6,1555.0,40.6,109.0,0,0,11.700000000000045,63133.0,0.02609254498714653
7894,L55073,L,300.9,312.7,1416.0,43.8,112.0,0,0,11.800000000000011,62020.799999999996,0.030910374029640083
7895,M22754,M,300.8,312.6,1588.0,35.6,114.0,0,0,11.800000000000011,56532.8,0.022404027690371305
7896,L55075,L,300.8,312.6,1422.0,50.0,117.0,0,0,11.800000000000011,71100.0,0.035137034434293744
7897,L55076,L,300.8,312.6,1376.0,53.6,119.0,0,0,11.800000000000011,73753.6,0.038925199709513435
7898,L55077,L,300.8,312.5,1434.0,50.7,121.0,0,0,11.699999999999989,72703.8,0.03533101045296167
7899,L55078,L,300.8,312.5,1423.0,47.3,123.0,0,0,11.699999999999989,67307.9,0.03321629213483146
7900,L55079,L,300.9,312.4,1364.0,52.5,125.0,0,0,11.5,71610.0,0.038461538461538464
7901,L55080,L,300.8,312.4,1825.0,23.8,127.0,0,0,11.599999999999966,43435.0,0.01303395399780942
7902,L55081,L,300.8,312.4,1365.0,44.5,129.0,0,0,11.599999999999966,60742.5,0.03257686676427526
7903,M22762,M,300.7,312.3,1430.0,47.2,131.0,0,0,11.600000000000023,67496.0,0.03298392732354997
7904,L55083,L,300.8,312.3,1435.0,44.8,134.0,0,0,11.5,64287.99999999999,0.03119777158774373
7905,M22764,M,300.8,312.4,1811.0,25.1,136.0,0,0,11.599999999999966,45456.100000000006,0.013852097130242826
7906,M22765,M,300.8,312.4,1465.0,43.7,139.0,0,0,11.599999999999966,64020.50000000001,0.02980900409276944
7907,L55086,L,300.9,312.4,1372.0,51.0,142.0,0,0,11.5,69972.0,0.037144938091769844
7908,L55087,L,300.8,312.3,1858.0,26.3,144.0,0,0,11.5,48865.4,0.014147391070467995
7909,L55088,L,300.7,312.3,1715.0,26.8,146.0,0,0,11.600000000000023,45962.0,0.015617715617715617
7910,L55089,L,300.7,312.2,1590.0,38.5,148.0,0,0,11.5,61215.0,0.024198617221873036
7911,M22770,M,300.8,312.2,1664.0,25.7,150.0,0,0,11.399999999999977,42764.799999999996,0.015435435435435435
7912,L55091,L,300.7,312.1,1512.0,36.9,153.0,0,0,11.400000000000034,55792.799999999996,0.024388631857237275
7913,L55092,L,300.7,312.1,1498.0,44.0,155.0,0,0,11.400000000000034,65912.0,0.02935290193462308
7914,L55093,L,300.7,312.1,1395.0,41.9,157.0,0,0,11.400000000000034,58450.5,0.030014326647564468
7915,H37328,H,300.7,312.1,1490.0,43.1,159.0,0,0,11.400000000000034,64219.0,0.028906773977196515
7916,H37329,H,300.1,312.1,1527.0,35.1,164.0,0,0,12.0,53597.700000000004,0.022971204188481677
7917,L55096,L,300.8,312.1,1512.0,37.1,169.0,0,0,11.300000000000011,56095.200000000004,0.02452081956378057
7918,L55097,L,300.9,312.1,1474.0,42.4,171.0,0,0,11.200000000000045,62497.6,0.028745762711864405
7919,L55098,L,300.8,312.1,1505.0,41.3,173.0,0,0,11.300000000000011,62156.49999999999,0.02742363877822045
7920,L55099,L,300.8,312.0,1496.0,40.0,175.0,0,0,11.199999999999989,59840.0,0.026720106880427523
7921,L55100,L,300.8,312.0,1382.0,49.3,177.0,0,0,11.199999999999989,68132.59999999999,0.035647143890094
7922,L55101,L,300.7,311.9,1419.0,47.7,179.0,0,0,11.199999999999989,67686.3,0.03359154929577465
7923,L55102,L,300.7,311.9,1462.0,39.7,181.0,0,0,11.199999999999989,58041.4,0.02713602187286398
7924,M22783,M,300.8,312.0,1450.0,45.0,183.0,0,0,11.199999999999989,65250.0,0.031013094417643005
7925,H37338,H,300.7,311.9,1389.0,46.5,186.0,0,0,11.199999999999989,64588.5,0.033453237410071945
7926,M22785,M,300.7,311.9,1697.0,28.2,191.0,0,0,11.199999999999989,47855.4,0.016607773851590107
7927,L55106,L,300.7,311.9,1335.0,57.1,194.0,1,0,11.199999999999989,76228.5,0.04273952095808383
7928,L55107,L,300.7,311.9,1476.0,42.0,196.0,0,0,11.199999999999989,61992.0,0.02843601895734597
7929,L55108,L,300.6,311.7,1497.0,43.6,198.0,0,0,11.099999999999966,65269.200000000004,0.02910547396528705
7930,M22789,M,300.6,311.6,1669.0,29.2,200.0,0,0,11.0,48734.799999999996,0.01748502994011976
7931,L55110,L,300.6,311.6,1455.0,48.0,203.0,0,0,11.0,69840.0,0.03296703296703297
7932,L55111,L,300.7,311.7,1499.0,38.4,205.0,0,0,11.0,57561.6,0.025599999999999998
7933,L55112,L,300.7,311.8,1478.0,41.9,207.0,0,0,11.100000000000023,61928.2,0.02832995267072346
7934,L55113,L,300.8,311.8,1928.0,21.8,209.0,0,0,11.0,42030.4,0.011301192327630898
7935,M22794,M,300.8,311.9,1621.0,28.3,211.0,0,0,11.099999999999966,45874.3,0.01744759556103576
7936,M22795,M,300.8,311.9,1356.0,44.3,214.0,0,0,11.099999999999966,60070.799999999996,0.03264554163596168
7937,L55116,L,300.8,311.7,1490.0,46.4,217.0,0,0,10.899999999999977,69136.0,0.03112005365526492
7938,L55117,L,300.8,311.7,1578.0,31.4,219.0,0,0,10.899999999999977,49549.2,0.019886003799873337
7939,L55118,L,300.8,311.7,1681.0,31.3,221.0,0,0,10.899999999999977,52615.3,0.018608799048751488
7940,L55119,L,300.8,311.8,1417.0,43.4,223.0,0,0,11.0,61497.799999999996,0.030606488011283496
7941,M22800,M,300.7,311.7,1532.0,40.0,0.0,0,0,11.0,61280.0,0.02609262883235486
7942,M22801,M,300.7,311.7,1499.0,38.9,3.0,0,0,11.0,58311.1,0.025933333333333333
7943,L55122,L,300.8,311.7,1432.0,45.8,6.0,0,0,10.899999999999977,65585.59999999999,0.031960921144452197
7944,L55123,L,300.8,311.7,1753.0,29.0,8.0,0,0,10.899999999999977,50837.0,0.01653363740022805
7945,L55124,L,300.8,311.7,1414.0,49.0,10.0,0,0,10.899999999999977,69286.0,0.03462897526501767
7946,L55125,L,300.8,311.7,1655.0,32.2,12.0,0,0,10.899999999999977,53291.00000000001,0.019444444444444445
7947,L55126,L,300.8,311.6,1516.0,35.6,14.0,0,0,10.800000000000011,53969.6,0.023467369808833224
7948,L55127,L,300.8,311.7,1426.0,45.5,16.0,0,0,10.899999999999977,64883.0,0.03188507358093903
7949,L55128,L,300.8,311.7,1479.0,39.4,18.0,0,0,10.899999999999977,58272.6,0.02662162162162162
7950,M22809,M,300.7,311.5,1569.0,36.4,20.0,0,0,10.800000000000011,57111.6,0.023184713375796178
7951,L55130,L,300.8,311.6,1568.0,36.0,23.0,0,0,10.800000000000011,56448.0,0.022944550669216062
7952,M22811,M,300.9,311.8,1843.0,24.5,25.0,0,0,10.900000000000034,45153.5,0.013286334056399132
7953,M22812,M,300.9,311.9,1480.0,40.9,28.0,0,0,11.0,60532.0,0.02761647535449021
7954,L55133,L,301.0,312.0,1447.0,36.8,31.0,0,0,11.0,53249.6,0.025414364640883976
7955,L55134,L,301.0,311.9,1454.0,41.9,33.0,0,0,10.899999999999977,60922.6,0.02879725085910653
7956,M22815,M,300.9,311.9,1310.0,56.1,35.0,0,0,11.0,73491.0,0.04279176201372998
7957,H37370,H,300.9,311.9,1513.0,38.0,38.0,0,0,11.0,57494.0,0.02509907529722589
7958,H37371,H,300.9,311.9,2140.0,16.5,43.0,0,0,11.0,35310.0,0.0077066791219056515
7959,L55138,L,301.0,312.1,1377.0,49.9,48.0,0,0,11.100000000000023,68712.3,0.036211901306240926
7960,L55139,L,301.0,312.1,1585.0,32.3,50.0,0,0,11.100000000000023,51195.49999999999,0.020365699873896595
7961,H37374,H,301.1,312.2,1491.0,42.6,52.0,0,0,11.099999999999966,63516.6,0.028552278820375337
7962,L55141,L,301.0,312.2,1264.0,59.0,57.0,0,0,11.199999999999989,74576.0,0.0466403162055336
7963,L55142,L,301.0,312.2,1372.0,47.0,59.0,0,0,11.199999999999989,64484.0,0.03423160961398398
7964,L55143,L,301.0,312.2,1510.0,39.9,61.0,0,0,11.199999999999989,60249.0,0.026406353408338846
7965,L55144,L,300.9,312.1,1423.0,40.2,63.0,0,0,11.200000000000045,57204.600000000006,0.028230337078651687
7966,L55145,L,301.1,312.3,1464.0,35.3,65.0,0,0,11.199999999999989,51679.2,0.02409556313993174
7967,L55146,L,301.0,312.2,1602.0,35.9,67.0,0,0,11.199999999999989,57511.799999999996,0.022395508421709294
7968,M22827,M,301.0,312.2,1629.0,32.6,69.0,0,0,11.199999999999989,53105.4,0.02
7969,L55148,L,300.9,312.2,1811.0,23.2,72.0,0,0,11.300000000000011,42015.2,0.012803532008830021
7970,L55149,L,300.9,312.1,1711.0,28.8,74.0,0,0,11.200000000000045,49276.8,0.016822429906542057
7971,M22830,M,300.9,312.1,1297.0,48.6,76.0,0,0,11.200000000000045,63034.200000000004,0.037442218798151
7972,L55151,L,301.0,312.1,1405.0,46.1,79.0,0,0,11.100000000000023,64770.5,0.032788051209103844
7973,L55152,L,301.1,312.2,1397.0,54.9,81.0,0,0,11.099999999999966,76695.3,0.03927038626609442
7974,L55153,L,301.1,312.3,1682.0,29.7,83.0,0,0,11.199999999999989,49955.4,0.01764705882352941
7975,L55154,L,301.2,312.3,1528.0,38.4,85.0,0,0,11.100000000000023,58675.2,0.02511445389143231
7976,M22835,M,301.2,312.3,1548.0,38.3,87.0,0,0,11.100000000000023,59288.399999999994,0.02472562943834732
7977,H37390,H,301.2,312.4,1395.0,47.8,90.0,0,0,11.199999999999989,66681.0,0.034240687679083094
7978,L55157,L,301.2,312.4,1378.0,59.0,95.0,0,0,11.199999999999989,81302.0,0.04278462654097172
7979,L55158,L,301.2,312.4,1480.0,53.5,97.0,0,0,11.199999999999989,79180.0,0.03612424037812289
7980,M22839,M,300.1,312.4,1428.0,36.6,99.0,0,0,12.299999999999955,52264.8,0.02561231630510847
7981,M22840,M,301.2,312.4,1505.0,39.6,102.0,0,0,11.199999999999989,59598.0,0.026294820717131476
7982,L55161,L,301.0,312.3,1445.0,36.4,105.0,0,0,11.300000000000011,52598.0,0.025172890733056705
7983,L55162,L,301.0,312.3,1488.0,42.6,107.0,0,0,11.300000000000011,63388.8,0.028609805238415043
7984,L55163,L,301.0,312.2,1601.0,33.0,109.0,0,0,11.199999999999989,52833.0,0.020599250936329586
7985,L55164,L,301.0,312.3,1550.0,34.9,111.0,0,0,11.300000000000011,54095.0,0.02250161186331399
7986,L55165,L,301.0,312.2,1540.0,34.1,113.0,0,0,11.199999999999989,52514.0,0.022128487994808568
7987,L55166,L,301.1,312.3,1587.0,34.5,115.0,0,0,11.199999999999989,54751.5,0.02172544080604534
7988,H37401,H,301.0,312.2,1489.0,40.3,117.0,0,0,11.199999999999989,60006.7,0.02704697986577181
7989,L55168,L,301.1,312.3,1486.0,34.9,122.0,0,0,11.199999999999989,51861.4,0.023470073974445192
7990,L55169,L,301.1,312.4,1430.0,37.9,124.0,0,0,11.299999999999955,54197.0,0.026484975541579314
7991,M22850,M,301.1,312.4,1809.0,25.1,126.0,0,0,11.299999999999955,45405.9,0.013867403314917127
7992,L55171,L,301.1,312.3,1534.0,39.0,129.0,0,0,11.199999999999989,59826.0,0.025407166123778503
7993,M22852,M,301.1,312.3,1852.0,25.9,131.0,0,0,11.199999999999989,47966.799999999996,0.01397733405288721
7994,L55173,L,301.1,312.3,1595.0,31.9,134.0,0,0,11.199999999999989,50880.5,0.019987468671679196
7995,L55174,L,301.0,312.3,1424.0,43.5,136.0,0,0,11.300000000000011,61944.0,0.030526315789473683
7996,L55175,L,301.0,312.2,1776.0,28.8,138.0,0,0,11.199999999999989,51148.8,0.016207090602138437
7997,M22856,M,301.0,312.2,1499.0,41.5,140.0,0,0,11.199999999999989,62208.5,0.027666666666666666
7998,M22857,M,301.0,312.2,2710.0,9.7,143.0,1,0,11.199999999999989,26286.999999999996,0.0035780154924382143
7999,L55178,L,300.9,312.1,1359.0,51.7,146.0,0,0,11.200000000000045,70260.3,0.038014705882352944
8000,M22859,L,300.9,312.1,1617.0,31.0,148.0,0,0,11.200000000000045,50127.0,0.019159456118665017
8001,M22860,M,300.8,312.0,1443.0,53.3,151.0,0,0,11.199999999999989,76911.9,0.03691135734072022
8002,L55181,L,300.8,312.0,1374.0,50.2,154.0,0,0,11.199999999999989,68974.8,0.03650909090909091
8003,M22862,M,300.9,312.1,1851.0,23.0,156.0,0,0,11.200000000000045,42573.0,0.012419006479481642
8004,M22863,M,300.8,312.0,1274.0,67.3,159.0,0,0,11.199999999999989,85740.2,0.052784313725490195
8005,L55184,L,300.9,312.0,1533.0,44.0,162.0,0,0,11.100000000000023,67452.0,0.028683181225554105
8006,L55185,L,300.8,312.0,1477.0,37.3,164.0,0,0,11.199999999999989,55092.1,0.02523680649526387
8007,L55186,L,300.9,312.1,1462.0,46.0,166.0,0,0,11.200000000000045,67252.0,0.03144224196855776
8008,M22867,M,301.0,312.1,1664.0,28.4,168.0,0,0,11.100000000000023,47257.6,0.017057057057057057
8009,L55188,L,300.8,311.9,1414.0,41.1,171.0,0,0,11.099999999999966,58115.4,0.029045936395759718
8010,H37423,H,300.9,312.0,2129.0,17.8,173.0,0,0,11.100000000000023,37896.200000000004,0.00835680751173709
8011,L55190,L,300.8,311.8,1323.0,61.1,178.0,0,0,11.0,80835.3,0.046148036253776434
8012,L55191,L,300.8,311.8,1427.0,43.3,180.0,0,0,11.0,61789.1,0.030322128851540613
8013,M22872,M,300.9,312.0,1375.0,56.1,182.0,0,0,11.100000000000023,77137.5,0.04077034883720931
8014,M22873,M,300.9,312.0,1402.0,50.7,185.0,0,0,11.100000000000023,71081.40000000001,0.0361368496079829
8015,L55194,L,300.9,312.0,1500.0,44.2,188.0,0,0,11.100000000000023,66300.0,0.029447035309793472
8016,M22875,M,301.0,312.0,1558.0,37.5,190.0,0,0,11.0,58425.0,0.024053880692751765
8017,M22876,M,300.9,312.0,1447.0,41.4,193.0,0,0,11.100000000000023,59905.799999999996,0.028591160220994474
8018,L55197,L,301.0,312.0,1518.0,39.3,196.0,0,0,11.0,59657.399999999994,0.025872284397630018
8019,L55198,L,301.0,311.9,1889.0,23.5,198.0,0,0,10.899999999999977,44391.5,0.012433862433862434
8020,L55199,L,301.0,312.1,1675.0,30.7,200.0,0,0,11.100000000000023,51422.5,0.018317422434367542
8021,H37434,H,300.9,312.0,1720.0,27.9,202.0,0,0,11.100000000000023,47988.0,0.016211504938988958
8022,M22881,M,301.0,312.0,1499.0,34.6,207.0,0,0,11.0,51865.4,0.02306666666666667
8023,L55202,L,300.9,312.0,1441.0,43.8,210.0,0,0,11.100000000000023,63115.799999999996,0.030374479889042995
8024,H37437,H,300.9,312.0,1397.0,42.7,212.0,0,0,11.100000000000023,59651.9,0.030543633762517886
8025,L55204,L,300.9,312.0,1493.0,38.7,217.0,0,0,11.100000000000023,57779.100000000006,0.025903614457831327
8026,M22885,M,300.8,312.0,1422.0,50.7,219.0,0,0,11.199999999999989,72095.40000000001,0.03562895291637386
8027,L55206,L,300.7,311.9,1399.0,50.2,222.0,1,0,11.199999999999989,70229.8,0.03585714285714286
8028,L55207,L,300.6,311.9,1425.0,44.9,224.0,0,0,11.299999999999955,63982.5,0.03148667601683029
8029,L55208,L,300.6,311.8,1501.0,44.8,226.0,0,0,11.199999999999989,67244.8,0.029826897470039946
8030,M22889,M,300.6,311.9,1629.0,35.3,0.0,0,0,11.299999999999955,57503.7,0.021656441717791408
8031,L55210,L,300.6,312.0,1490.0,42.2,3.0,0,0,11.399999999999977,62878.00000000001,0.02830315224681422
8032,L55211,L,300.7,312.0,1550.0,32.4,5.0,0,0,11.300000000000011,50220.0,0.020889748549323017
8033,L55212,L,300.8,312.0,1416.0,46.5,7.0,0,0,11.199999999999989,65844.0,0.032815808045165845
8034,L55213,L,300.7,311.9,1485.0,38.8,9.0,0,0,11.199999999999989,57617.99999999999,0.02611036339165545
8035,L55214,L,300.7,311.8,1564.0,36.8,11.0,0,0,11.100000000000023,57555.2,0.02351437699680511
8036,L55215,L,300.7,311.7,1910.0,19.7,13.0,0,0,11.0,37627.0,0.01030873888016745
8037,L55216,L,300.7,311.7,1460.0,46.1,15.0,0,0,11.0,67306.0,0.03155373032169747
8038,L55217,H,300.7,311.8,1603.0,34.1,17.0,0,0,11.100000000000023,54662.3,0.021259351620947633
8039,L55218,L,300.7,311.8,1486.0,47.3,19.0,0,0,11.100000000000023,70287.8,0.031809011432414255
8040,L55219,L,300.8,311.9,1560.0,31.8,21.0,0,0,11.099999999999966,49608.0,0.02037155669442665
8041,L55220,L,300.8,311.9,1498.0,39.3,23.0,0,0,11.099999999999966,58871.399999999994,0.026217478318879252
8042,H37455,H,300.8,311.9,1431.0,48.5,25.0,0,0,11.099999999999966,69403.5,0.033868715083798885
8043,L55222,L,300.8,311.9,1486.0,45.1,30.0,0,0,11.099999999999966,67018.6,0.030329522528581038
8044,L55223,L,300.7,311.9,1486.0,35.8,32.0,0,0,11.199999999999989,53198.799999999996,0.024075319435104235
8045,L55224,L,300.7,311.8,1441.0,38.1,34.0,0,0,11.100000000000023,54902.1,0.026421636615811372
8046,M22905,M,300.7,311.9,1366.0,55.1,36.0,0,0,11.199999999999989,75266.6,0.040307242136064375
8047,L55226,H,300.6,311.8,1471.0,41.4,39.0,0,0,11.199999999999989,60899.4,0.028125
8048,L55227,L,300.6,311.9,1463.0,38.2,41.0,0,0,11.299999999999955,55886.600000000006,0.02609289617486339
8049,L55228,L,300.6,311.9,1413.0,41.3,43.0,0,0,11.299999999999955,58356.899999999994,0.029207920792079206
8050,H37463,H,300.6,311.9,1604.0,30.5,45.0,0,0,11.299999999999955,48922.0,0.019003115264797508
8051,L55230,L,300.7,312.0,1401.0,51.1,50.0,0,0,11.300000000000011,71591.1,0.03644793152639087
8052,L55231,L,300.6,311.8,1652.0,27.2,52.0,0,0,11.199999999999989,44934.4,0.01645493042952208
8053,L55232,L,300.5,311.9,1403.0,45.7,54.0,0,0,11.399999999999977,64117.100000000006,0.03254985754985755
8054,L55233,L,300.5,311.9,1887.0,21.7,56.0,0,0,11.399999999999977,40947.9,0.01149364406779661
8055,L55234,L,300.4,311.8,1405.0,47.9,58.0,0,0,11.400000000000034,67299.5,0.03406827880512091
8056,H37469,H,300.2,311.6,1496.0,41.1,60.0,0,0,11.400000000000034,61485.6,0.02745490981963928
8057,L55236,L,300.1,311.5,1499.0,43.4,65.0,0,0,11.399999999999977,65056.6,0.028933333333333332
8058,L55237,L,300.2,311.5,1549.0,37.2,67.0,0,0,11.300000000000011,57622.8,0.024
8059,L55238,L,300.3,311.6,1515.0,44.9,69.0,0,0,11.300000000000011,68023.5,0.02961741424802111
8060,L55239,L,300.2,311.6,1540.0,37.7,71.0,0,0,11.400000000000034,58058.00000000001,0.02446463335496431
8061,H37474,H,300.2,311.5,1426.0,44.3,73.0,0,0,11.300000000000011,63171.799999999996,0.03104414856341976
8062,M22921,M,300.2,311.6,1465.0,41.4,78.0,0,0,11.400000000000034,60651.0,0.028240109140518416
8063,M22922,M,300.3,311.6,1359.0,54.1,81.0,0,0,11.300000000000011,73521.90000000001,0.03977941176470588
8064,M22923,M,300.3,311.7,1551.0,36.4,84.0,0,0,11.399999999999977,56456.399999999994,0.02345360824742268
8065,L55244,L,300.5,311.8,1596.0,34.8,87.0,0,0,11.300000000000011,55540.799999999996,0.02179085785848466
8066,M22925,M,300.5,311.9,1670.0,26.3,89.0,0,0,11.399999999999977,43921.0,0.015739078396169958
8067,L55246,L,300.4,311.9,1868.0,21.3,92.0,0,0,11.5,39788.4,0.011396468699839487
8068,M22927,M,300.6,312.0,1490.0,39.8,94.0,0,0,11.399999999999977,59301.99999999999,0.0266934942991281
8069,M22928,M,300.5,311.9,1676.0,35.2,97.0,0,0,11.399999999999977,58995.200000000004,0.02098986285032797
8070,M22929,M,300.5,311.9,1875.0,22.1,100.0,0,0,11.399999999999977,41437.5,0.01178038379530917
8071,M22930,M,300.5,312.0,1867.0,23.0,103.0,0,0,11.5,42941.0,0.012312633832976445
8072,L55251,L,300.5,312.0,1646.0,29.5,106.0,0,0,11.5,48557.0,0.01791135397692775
8073,H37486,H,300.5,312.0,1375.0,43.2,108.0,0,0,11.5,59400.00000000001,0.031395348837209305
8074,L55253,L,300.5,312.0,1558.0,36.7,113.0,0,0,11.5,57178.600000000006,0.02354073123797306
8075,L55254,L,300.4,312.0,1631.0,34.9,115.0,0,0,11.600000000000023,56921.899999999994,0.021384803921568628
8076,L55255,L,300.4,312.0,1366.0,43.0,117.0,0,0,11.600000000000023,58738.0,0.03145574250182882
8077,L55256,L,300.3,311.8,1360.0,48.0,119.0,0,0,11.5,65280.0,0.03526818515797208
8078,L55257,L,300.3,311.8,1547.0,39.7,121.0,0,0,11.5,61415.9,0.025645994832041344
8079,L55258,L,300.3,311.7,1571.0,31.2,123.0,0,0,11.399999999999977,49015.2,0.01984732824427481
8080,L55259,L,300.2,311.5,1528.0,36.1,125.0,0,0,11.300000000000011,55160.8,0.023610202746893395
8081,H37494,H,300.2,311.5,1432.0,43.6,127.0,0,0,11.300000000000011,62435.200000000004,0.030425680390788558
8082,L55261,L,300.2,311.6,1356.0,53.5,132.0,0,0,11.400000000000034,72546.0,0.039425202652910836
8083,H37496,H,300.1,311.5,1422.0,46.2,134.0,0,0,11.399999999999977,65696.40000000001,0.03246661981728742
8084,L55263,L,300.1,311.4,1438.0,42.2,139.0,0,0,11.299999999999955,60683.600000000006,0.02932592077831828
8085,L55264,L,300.2,311.4,1483.0,44.4,141.0,0,0,11.199999999999989,65845.2,0.029919137466307276
8086,L55265,L,300.2,311.4,1331.0,49.8,143.0,0,0,11.199999999999989,66283.8,0.03738738738738739
8087,L55266,L,300.2,311.4,1463.0,37.5,145.0,0,0,11.199999999999989,54862.5,0.025614754098360656
8088,L55267,L,300.1,311.4,1446.0,40.6,147.0,0,0,11.299999999999955,58707.6,0.028058051140290256
8089,L55268,L,300.1,311.4,1356.0,45.7,149.0,0,0,11.299999999999955,61969.200000000004,0.03367722918201916
8090,L55269,L,300.1,311.3,1676.0,30.3,151.0,0,0,11.199999999999989,50782.8,0.018067978533094813
8091,L55270,L,300.1,311.4,1910.0,23.0,153.0,0,0,11.299999999999955,43930.0,0.012035583464154892
8092,L55271,L,300.2,311.6,1375.0,56.9,155.0,0,0,11.400000000000034,78237.5,0.04135174418604651
8093,M22952,M,300.2,311.6,1513.0,40.8,157.0,0,0,11.400000000000034,61730.399999999994,0.026948480845442536
8094,L55273,L,300.2,311.6,1511.0,35.7,160.0,0,0,11.400000000000034,53942.700000000004,0.023611111111111114
8095,H37508,H,300.2,311.6,1662.0,28.8,162.0,0,0,11.400000000000034,47865.6,0.01731809981960313
8096,L55275,L,300.2,311.7,1493.0,48.3,167.0,0,0,11.5,72111.9,0.032329317269076306
8097,M22956,M,300.2,311.7,1555.0,37.4,169.0,0,0,11.5,58157.0,0.02403598971722365
8098,L55277,L,300.3,311.7,1452.0,41.5,172.0,0,0,11.399999999999977,60258.0,0.02856159669649002
8099,L55278,L,300.2,311.6,1500.0,39.0,174.0,0,0,11.400000000000034,58500.0,0.02598267821452365
8100,L55279,L,300.2,311.7,1603.0,30.5,176.0,0,0,11.5,48891.5,0.019014962593516208
8101,L55280,L,300.3,311.7,1682.0,27.8,178.0,0,0,11.399999999999977,46759.6,0.016518122400475344
8102,L55281,L,300.3,311.8,1567.0,37.7,180.0,0,0,11.5,59075.9,0.024043367346938776
8103,L55282,L,300.3,311.8,1413.0,46.0,182.0,0,0,11.5,64998.0,0.03253182461103253
8104,M22963,M,300.3,311.9,1429.0,41.6,184.0,0,0,11.599999999999966,59446.4,0.02909090909090909
8105,L55284,L,300.3,311.9,1692.0,31.5,187.0,0,0,11.599999999999966,53298.0,0.018606024808033077
8106,L55285,L,300.4,311.9,1476.0,48.7,189.0,0,0,11.5,71881.2,0.03297224102911307
8107,M22966,M,300.4,312.0,1596.0,30.4,191.0,0,0,11.600000000000023,48518.399999999994,0.019035691922354412
8108,H37521,H,300.3,311.9,1390.0,40.1,194.0,0,0,11.599999999999966,55739.0,0.028828181164629763
8109,M22968,M,300.3,311.8,1607.0,33.7,199.0,0,0,11.5,54155.9,0.020957711442786072
8110,L55289,L,300.3,311.7,1821.0,26.3,202.0,0,0,11.399999999999977,47892.3,0.014434687156970362
8111,H37524,H,300.3,311.8,2141.0,18.5,204.0,0,0,11.5,39608.5,0.008636788048552755
8112,M22971,M,300.4,311.8,1553.0,33.1,209.0,1,1,11.400000000000034,51404.3,0.0212998712998713
8113,M22972,M,300.4,311.8,1442.0,45.1,0.0,0,0,11.400000000000034,65034.200000000004,0.031254331254331254
8114,L55293,L,300.4,311.7,1459.0,45.6,3.0,0,0,11.300000000000011,66530.40000000001,0.03123287671232877
8115,H37528,H,300.4,311.8,2496.0,13.5,5.0,0,0,11.400000000000034,33696.0,0.005406487785342411
8116,L55295,L,300.4,311.8,1367.0,57.2,10.0,0,0,11.400000000000034,78192.40000000001,0.041812865497076024
8117,L55296,L,300.3,311.8,2004.0,19.6,12.0,0,0,11.5,39278.4,0.00977556109725686
8118,L55297,L,300.3,311.7,1406.0,47.5,14.0,0,0,11.399999999999977,66785.0,0.03375977256574272
8119,L55298,L,300.3,311.8,1548.0,33.0,16.0,0,0,11.5,51084.0,0.02130406714009038
8120,L55299,L,300.3,311.7,1333.0,55.2,18.0,0,0,11.399999999999977,73581.6,0.041379310344827586
8121,L55300,L,300.2,311.6,1767.0,26.4,20.0,0,0,11.400000000000034,46648.799999999996,0.014932126696832578
8122,L55301,L,300.2,311.6,1827.0,27.0,22.0,0,0,11.400000000000034,49329.0,0.01477024070021882
8123,M22982,M,300.2,311.6,1533.0,46.4,24.0,0,0,11.400000000000034,71131.2,0.0302477183833116
8124,H37537,H,300.2,311.5,1515.0,36.8,27.0,0,0,11.300000000000011,55751.99999999999,0.024274406332453823
8125,L55304,L,300.2,311.4,1568.0,41.0,32.0,0,0,11.199999999999989,64288.0,0.026131293817718292
8126,L55305,L,300.2,311.4,1452.0,47.8,34.0,0,0,11.199999999999989,69405.59999999999,0.032897453544390914
8127,L55306,L,300.2,311.4,1433.0,37.9,36.0,0,0,11.199999999999989,54310.7,0.026429567642956762
8128,M22987,M,300.1,311.3,1650.0,33.8,38.0,0,0,11.199999999999989,55769.99999999999,0.02047244094488189
8129,L55308,L,300.1,311.4,1629.0,31.3,41.0,0,0,11.299999999999955,50987.700000000004,0.019202453987730062
8130,L55309,L,300.0,311.3,1520.0,39.2,43.0,0,0,11.300000000000011,59584.00000000001,0.025772518080210388
8131,H37544,H,300.0,311.2,1393.0,43.1,45.0,0,0,11.199999999999989,60038.3,0.03091822094691535
8132,H37545,H,299.9,311.2,1364.0,49.6,50.0,0,0,11.300000000000011,67654.40000000001,0.03633699633699634
8133,M22992,M,299.9,311.3,1389.0,50.0,55.0,0,0,11.400000000000034,69450.0,0.03597122302158273
8134,L55313,L,299.8,311.1,1466.0,46.1,58.0,0,0,11.300000000000011,67582.6,0.03142467620995228
8135,L55314,L,299.7,311.1,1650.0,32.4,60.0,0,0,11.400000000000034,53460.0,0.019624470018170803
8136,L55315,L,299.6,311.0,1554.0,36.3,62.0,0,0,11.399999999999977,56410.2,0.023344051446945336
8137,M22996,M,299.6,310.9,1474.0,39.7,64.0,0,0,11.299999999999955,58517.8,0.026915254237288137
8138,H37551,H,299.5,310.8,1600.0,32.4,67.0,0,0,11.300000000000011,51840.0,0.02023735165521549
8139,L55318,L,299.5,310.8,1356.0,54.9,72.0,0,0,11.300000000000011,74444.4,0.04045689019896831
8140,L55319,L,299.5,310.8,1571.0,38.2,74.0,0,0,11.300000000000011,60012.200000000004,0.02430025445292621
8141,L55320,L,299.6,310.9,1658.0,28.0,76.0,0,0,11.299999999999955,46424.0,0.016877637130801686
8142,L55321,L,299.6,310.1,1393.0,49.9,78.0,0,0,10.5,69510.7,0.03579626972740316
8143,M23002,M,299.7,311.0,1448.0,49.8,80.0,0,0,11.300000000000011,72110.4,0.03436853002070393
8144,L55323,L,299.7,310.9,1477.0,40.4,83.0,0,0,11.199999999999989,59670.799999999996,0.02733423545331529
8145,M23004,M,299.7,311.0,1506.0,42.7,85.0,0,0,11.300000000000011,64306.200000000004,0.028334439283344396
8146,M23005,M,299.7,310.9,1685.0,32.1,88.0,0,0,11.199999999999989,54088.5,0.019039145907473312
8147,L55326,L,299.6,310.9,1533.0,31.8,91.0,0,0,11.299999999999955,48749.4,0.020730117340286833
8148,L55327,L,299.5,310.8,1447.0,41.0,93.0,0,0,11.300000000000011,59327.0,0.028314917127071824
8149,M23008,M,299.5,310.7,1488.0,39.5,95.0,0,0,11.199999999999989,58776.0,0.026527871054398924
8150,M23009,M,299.6,310.8,1427.0,50.4,98.0,0,0,11.199999999999989,71920.8,0.03529411764705882
8151,M23010,M,299.5,310.7,1424.0,41.3,101.0,0,0,11.199999999999989,58811.2,0.028982456140350873
8152,L55331,L,299.5,310.7,1472.0,40.9,104.0,0,0,11.199999999999989,60204.799999999996,0.027766463000678886
8153,L55332,L,299.5,310.7,1438.0,45.7,106.0,0,0,11.199999999999989,65716.6,0.03175816539263378
8154,L55333,L,299.6,310.8,1507.0,42.4,108.0,0,0,11.199999999999989,63896.799999999996,0.028116710875331564
8155,L55334,L,299.6,310.7,1393.0,52.1,110.0,0,0,11.099999999999966,72575.3,0.03737446197991392
8156,L55335,L,299.5,310.8,1283.0,52.4,112.0,0,0,11.300000000000011,67229.2,0.040809968847352024
8157,L55336,L,299.6,310.8,1644.0,30.9,114.0,0,0,11.199999999999989,50799.6,0.018784194528875378
8158,L55337,L,299.6,310.8,1498.0,46.9,116.0,0,0,11.199999999999989,70256.2,0.03128752501667779
8159,L55338,L,299.6,310.8,1400.0,40.8,118.0,0,0,11.199999999999989,57119.99999999999,0.0291220556745182
8160,H37573,H,299.6,310.9,1679.0,31.2,120.0,0,0,11.299999999999955,52384.799999999996,0.018571428571428572
8161,M23020,M,299.7,311.1,1618.0,30.3,125.0,0,0,11.400000000000034,49025.4,0.01871525633106856
8162,H37575,H,299.6,311.0,1714.0,30.2,128.0,0,0,11.399999999999977,51762.799999999996,0.01760932944606414
8163,L55342,L,299.6,311.0,1574.0,35.0,133.0,0,0,11.399999999999977,55090.0,0.022222222222222223
8164,L55343,L,299.7,311.1,1574.0,36.4,135.0,0,0,11.400000000000034,57293.6,0.02311111111111111
8165,L55344,L,299.6,310.9,1472.0,40.9,137.0,0,0,11.299999999999955,60204.799999999996,0.027766463000678886
8166,L55345,L,299.6,311.0,1552.0,33.2,139.0,0,0,11.399999999999977,51526.4,0.02137797810688989
8167,L55346,L,299.7,311.1,1603.0,31.4,141.0,0,0,11.400000000000034,50334.2,0.019576059850374063
8168,H37581,H,299.7,311.1,1353.0,47.1,143.0,0,0,11.400000000000034,63726.3,0.034785819793205316
8169,L55348,L,299.7,311.1,1690.0,30.6,148.0,0,0,11.400000000000034,51714.0,0.018095801301005323
8170,M23029,M,299.8,311.2,1745.0,26.3,150.0,0,0,11.399999999999977,45893.5,0.015063001145475373
8171,L55350,L,299.9,311.3,1522.0,45.7,153.0,0,0,11.400000000000034,69555.40000000001,0.030006565988181223
8172,H37585,H,300.0,311.4,1503.0,34.5,155.0,0,0,11.399999999999977,51853.5,0.022938829787234043
8173,L55352,L,299.9,311.4,1596.0,28.9,160.0,0,0,11.5,46124.399999999994,0.018096430807764557
8174,H37587,H,299.9,311.4,1497.0,37.0,162.0,0,0,11.5,55389.0,0.024699599465954607
8175,L55354,L,299.9,311.3,1371.0,52.3,167.0,0,0,11.400000000000034,71703.3,0.03811953352769679
8176,M23035,M,299.9,311.3,1445.0,41.2,169.0,0,0,11.400000000000034,59534.00000000001,0.028492392807745508
8177,L55356,L,299.8,311.2,1564.0,40.0,172.0,0,0,11.399999999999977,62560.0,0.025559105431309903
8178,L55357,L,299.7,311.1,1439.0,44.9,174.0,0,0,11.400000000000034,64611.1,0.031180555555555555
8179,L55358,L,299.7,311.2,1352.0,52.1,176.0,0,0,11.5,70439.2,0.0385070214338507
8180,L55359,L,299.8,311.3,1560.0,35.4,178.0,0,0,11.5,55224.0,0.022677770659833438
8181,M23040,M,299.7,311.2,1616.0,42.3,180.0,0,0,11.5,68356.79999999999,0.0261595547309833
8182,L55361,L,299.7,311.2,1835.0,23.7,183.0,0,0,11.5,43489.5,0.012908496732026143
8183,M23042,M,299.7,311.1,1649.0,32.7,185.0,0,0,11.400000000000034,53922.3,0.01981818181818182
8184,L55363,L,299.8,311.1,1452.0,47.3,188.0,0,0,11.300000000000011,68679.59999999999,0.032553337921541636
8185,L55364,L,299.8,311.1,2144.0,17.7,190.0,0,0,11.300000000000011,37948.799999999996,0.008251748251748252
8186,L55365,L,299.7,311.1,1554.0,41.0,192.0,0,0,11.400000000000034,63714.0,0.026366559485530548
8187,L55366,L,299.7,311.0,1827.0,25.4,194.0,0,0,11.300000000000011,46405.799999999996,0.013894967177242888
8188,L55367,L,299.6,310.9,1448.0,46.3,196.0,0,0,11.299999999999955,67042.4,0.03195307108350586
8189,M23048,M,299.6,310.9,1530.0,38.8,198.0,0,0,11.299999999999955,59363.99999999999,0.025342913128674066
8190,L55369,L,299.7,311.0,1983.0,21.0,201.0,0,0,11.300000000000011,41643.0,0.010584677419354838
8191,M23050,M,299.7,310.9,1620.0,37.2,203.0,0,0,11.199999999999989,60264.00000000001,0.0229487970388649
8192,M23051,M,299.6,310.9,1630.0,29.8,206.0,0,0,11.299999999999955,48574.0,0.018270999386879216
8193,L55372,L,299.6,310.9,1229.0,65.2,209.0,1,0,11.299999999999955,80130.8,0.053008130081300814
8194,L55373,L,299.5,310.8,1873.0,22.3,211.0,0,0,11.300000000000011,41767.9,0.011899679829242263
8195,L55374,L,299.4,310.7,1426.0,45.7,213.0,0,0,11.300000000000011,65168.200000000004,0.03202522775052558
8196,L55375,L,299.4,310.8,1376.0,53.9,215.0,1,0,11.400000000000034,74166.4,0.03914306463326071
8197,L55376,L,299.4,310.8,1622.0,33.6,217.0,0,0,11.400000000000034,54499.200000000004,0.020702402957486137
8198,M23057,M,299.4,310.7,1492.0,45.7,219.0,0,0,11.300000000000011,68184.40000000001,0.030609511051574015
8199,M23058,M,299.3,310.7,1374.0,48.9,222.0,0,0,11.399999999999977,67188.59999999999,0.03556363636363636
8200,L55379,L,299.2,310.7,1737.0,27.0,225.0,1,1,11.5,46899.0,0.015535097813578827
8201,L55380,L,299.3,310.8,1426.0,42.4,0.0,0,0,11.5,60462.4,0.029712683952347583
8202,M23061,M,299.3,310.9,1826.0,25.1,2.0,0,0,11.599999999999966,45832.600000000006,0.013738368910782705
8203,L55382,L,299.3,310.9,1669.0,32.4,5.0,0,0,11.599999999999966,54075.6,0.019401197604790418
8204,M23063,M,299.4,310.9,1473.0,40.1,7.0,0,0,11.5,59067.3,0.027204884667571236
8205,L55384,L,299.4,310.9,1751.0,27.8,10.0,0,0,11.5,48677.8,0.0158675799086758
8206,M23065,M,299.4,310.9,1446.0,47.3,12.0,0,0,11.5,68395.8,0.0326883206634416
8207,L55386,L,299.3,310.8,1483.0,43.5,15.0,0,0,11.5,64510.5,0.02931266846361186
8208,L55387,L,299.2,310.7,1535.0,42.6,17.0,0,0,11.5,65391.0,0.027734375000000002
8209,L55388,L,299.2,310.7,1477.0,44.0,19.0,0,0,11.5,64988.0,0.029769959404600813
8210,L55389,L,299.3,310.8,1391.0,46.9,21.0,0,0,11.5,65237.9,0.03369252873563218
8211,H37624,H,299.2,310.7,1636.0,29.4,23.0,0,0,11.5,48098.399999999994,0.01795968234575443
8212,L55391,L,299.2,310.6,1675.0,33.3,28.0,0,0,11.400000000000034,55777.49999999999,0.019868735083532218
8213,H37626,H,299.2,310.5,1329.0,48.9,30.0,0,0,11.300000000000011,64988.1,0.03676691729323308
8214,M23073,M,299.2,310.5,1548.0,33.5,35.0,0,0,11.300000000000011,51858.0,0.021626856036152355
8215,L55394,L,299.2,310.5,1391.0,45.8,38.0,0,0,11.300000000000011,63707.799999999996,0.03290229885057471
8216,L55395,L,299.1,310.5,1437.0,43.1,40.0,0,0,11.399999999999977,61934.700000000004,0.02997218358831711
8217,L55396,L,299.2,310.6,1370.0,61.9,42.0,0,0,11.400000000000034,84803.0,0.04514952589350839
8218,L55397,L,299.1,310.6,1577.0,37.1,44.0,0,0,11.5,58506.700000000004,0.023510773130544994
8219,L55398,L,299.1,310.5,1485.0,37.8,46.0,0,0,11.399999999999977,56132.99999999999,0.025437415881561235
8220,L55399,L,299.0,310.4,1504.0,34.3,48.0,0,0,11.399999999999977,51587.2,0.022790697674418603
8221,M23080,M,298.9,310.3,1551.0,35.2,50.0,0,0,11.400000000000034,54595.200000000004,0.022680412371134023
8222,M23081,M,299.1,310.5,1428.0,43.0,53.0,0,0,11.399999999999977,61404.0,0.030090972708187544
8223,L55402,L,299.0,310.5,1755.0,27.9,56.0,0,0,11.5,48964.5,0.015888382687927107
8224,L55403,L,299.1,310.5,1329.0,54.9,58.0,0,0,11.399999999999977,72962.09999999999,0.0412781954887218
8225,L55404,L,299.1,310.5,1496.0,35.2,60.0,0,0,11.399999999999977,52659.200000000004,0.02351369405477622
8226,L55405,L,299.1,310.5,1532.0,36.6,62.0,0,0,11.399999999999977,56071.200000000004,0.023874755381604697
8227,L55406,L,299.1,310.5,1389.0,61.4,64.0,0,0,11.399999999999977,85284.59999999999,0.044172661870503595
8228,M23087,M,299.1,310.4,1524.0,51.4,66.0,0,0,11.299999999999955,78333.59999999999,0.033704918032786885
8229,M23088,M,299.1,310.4,1422.0,49.3,69.0,0,0,11.299999999999955,70104.59999999999,0.03464511595221363
8230,L55409,L,299.1,310.5,1739.0,27.4,72.0,0,0,11.399999999999977,47648.6,0.015747126436781608
8231,L55410,L,299.1,310.5,1736.0,26.9,74.0,0,0,11.399999999999977,46698.399999999994,0.015486470926885433
8232,L55411,L,299.1,310.5,1419.0,48.8,76.0,0,0,11.399999999999977,69247.2,0.03436619718309859
8233,L55412,L,299.1,310.6,1326.0,49.7,78.0,0,0,11.5,65902.2,0.03745290128108516
8234,M23093,M,299.1,310.6,1449.0,43.2,80.0,0,0,11.5,62596.8,0.029793103448275866
8235,L55414,L,299.2,310.6,1534.0,39.7,83.0,0,0,11.400000000000034,60899.8,0.025863192182410424
8236,M23095,M,299.2,310.6,1443.0,50.9,85.0,0,0,11.400000000000034,73448.7,0.035249307479224376
8237,L55416,L,299.2,310.6,1498.0,41.1,88.0,0,0,11.400000000000034,61567.8,0.02741827885256838
8238,L55417,L,299.1,310.6,1796.0,26.0,90.0,0,0,11.5,46696.0,0.014468558708959377
8239,L55418,L,299.1,310.4,1519.0,45.3,92.0,0,0,11.299999999999955,68810.7,0.029802631578947365
8240,L55419,L,299.0,310.4,1339.0,49.6,94.0,0,0,11.399999999999977,66414.40000000001,0.037014925373134326
8241,L55420,L,299.0,310.4,1483.0,41.5,96.0,0,0,11.399999999999977,61544.5,0.027964959568733155
8242,M23101,M,298.9,310.2,2099.0,20.0,98.0,0,0,11.300000000000011,41980.0,0.009523809523809525
8243,M23102,M,299.0,310.3,1689.0,29.7,101.0,0,0,11.300000000000011,50163.299999999996,0.01757396449704142
8244,H37657,H,299.1,310.4,1369.0,54.5,104.0,0,0,11.299999999999955,74610.5,0.03978102189781022
8245,L55424,L,299.0,310.4,1512.0,38.8,109.0,0,0,11.399999999999977,58665.6,0.025644415069398543
8246,M23105,M,299.0,310.3,1303.0,68.6,111.0,1,0,11.300000000000011,89385.79999999999,0.05260736196319018
8247,L55426,L,299.0,310.3,1552.0,39.9,114.0,0,0,11.300000000000011,61924.799999999996,0.02569220862846104
8248,L55427,L,299.0,310.4,1713.0,28.0,116.0,0,0,11.399999999999977,47964.0,0.01633605600933489
8249,L55428,L,298.9,310.3,1456.0,44.1,118.0,0,0,11.400000000000034,64209.6,0.03026767330130405
8250,L55429,L,299.0,310.4,1524.0,39.8,120.0,0,0,11.399999999999977,60655.2,0.026098360655737705
8251,M23110,M,299.0,310.4,1394.0,45.2,122.0,0,0,11.399999999999977,63008.8,0.03240143369175628
8252,L55431,L,299.0,310.4,1981.0,21.2,125.0,0,0,11.399999999999977,41997.2,0.010696266397578204
8253,L55432,L,299.0,310.4,1565.0,36.1,127.0,0,0,11.399999999999977,56496.5,0.02305236270753512
8254,L55433,L,299.1,310.4,1657.0,31.0,129.0,0,0,11.299999999999955,51367.0,0.018697225572979495
8255,M23114,M,299.0,310.4,1625.0,37.1,131.0,0,0,11.399999999999977,60287.5,0.022816728167281673
8256,L55435,L,299.0,310.4,1606.0,31.1,134.0,0,0,11.399999999999977,49946.600000000006,0.019352831362787804
8257,H37670,L,299.0,310.5,1336.0,56.8,136.0,0,0,11.5,75884.8,0.042483171278982795
8258,M23117,M,299.0,310.6,1587.0,34.2,141.0,0,0,11.600000000000023,54275.4,0.021536523929471033
8259,L55438,L,299.1,310.6,1602.0,39.7,144.0,0,0,11.5,63599.4,0.024766063630692454
8260,L55439,L,299.1,310.5,1471.0,38.4,146.0,0,0,11.399999999999977,56486.4,0.02608695652173913
8261,H37674,H,299.1,310.6,1332.0,48.0,148.0,0,0,11.5,63936.0,0.03600900225056264
8262,H37675,H,299.2,310.6,1434.0,48.4,153.0,0,0,11.400000000000034,69405.59999999999,0.03372822299651568
8263,L55442,L,299.1,310.6,1921.0,23.9,158.0,0,0,11.5,45911.899999999994,0.012434963579604578
8264,H37677,H,299.2,310.6,1704.0,30.6,160.0,0,0,11.400000000000034,52142.4,0.017947214076246335
8265,M23124,M,299.1,310.6,1397.0,49.5,165.0,0,0,11.5,69151.5,0.03540772532188841
8266,H37679,H,299.1,310.6,1791.0,28.0,168.0,0,0,11.5,50148.0,0.015625
8267,L55446,M,299.1,310.6,1818.0,24.1,173.0,0,0,11.5,43813.8,0.013249037932930183
8268,L55447,L,299.2,310.7,1540.0,36.3,175.0,0,0,11.5,55901.99999999999,0.023556132381570408
8269,M23128,M,299.2,310.8,1502.0,39.8,177.0,0,0,11.600000000000023,59779.6,0.026480372588157018
8270,H37683,H,299.2,310.8,1761.0,30.4,180.0,0,0,11.600000000000023,53534.399999999994,0.017253121452894437
8271,M23130,M,299.1,310.8,1517.0,38.4,185.0,0,0,11.699999999999989,58252.799999999996,0.025296442687747035
8272,L55451,L,299.1,310.7,1309.0,51.1,188.0,0,0,11.599999999999966,66889.90000000001,0.039007633587786264
8273,L55452,L,298.9,310.6,1363.0,52.6,190.0,0,0,11.700000000000045,71693.8,0.03856304985337244
8274,M23133,M,299.0,310.6,1787.0,22.2,192.0,0,0,11.600000000000023,39671.4,0.012416107382550336
8275,L55454,L,298.9,310.5,1640.0,29.2,195.0,0,0,11.600000000000023,47888.0,0.017794028031687996
8276,M23135,M,298.9,310.6,1720.0,25.3,197.0,0,0,11.700000000000045,43516.0,0.014700755374782104
8277,L55456,L,298.8,310.5,1384.0,52.8,200.0,0,0,11.699999999999989,73075.2,0.038122743682310466
8278,H37691,H,298.8,310.5,1294.0,55.8,202.0,0,0,11.699999999999989,72205.2,0.043088803088803085
8279,L55458,L,298.8,310.5,1464.0,46.4,207.0,0,0,11.699999999999989,67929.59999999999,0.03167235494880546
8280,L55459,L,298.8,310.6,1803.0,25.4,209.0,0,0,11.800000000000011,45796.2,0.01407982261640798
8281,L55460,L,298.8,310.6,1602.0,39.1,211.0,0,0,11.800000000000011,62638.200000000004,0.024391765439800376
8282,H37695,H,298.9,310.6,1519.0,38.8,213.0,0,0,11.700000000000045,58937.2,0.02552631578947368
8283,M23142,M,298.9,310.7,1638.0,33.6,218.0,0,0,11.800000000000011,55036.8,0.020500305064063456
8284,H37697,H,298.9,310.6,1615.0,33.0,221.0,0,0,11.700000000000045,53295.0,0.02042079207920792
8285,L55464,L,298.8,310.6,1651.0,33.3,0.0,0,0,11.800000000000011,54978.299999999996,0.020157384987893462
8286,L55465,L,298.9,310.6,1387.0,52.7,2.0,0,0,11.700000000000045,73094.90000000001,0.03796829971181556
8287,M23146,M,298.8,310.5,1678.0,32.8,4.0,0,0,11.699999999999989,55038.399999999994,0.019535437760571768
8288,L55467,L,298.9,310.6,1585.0,38.1,7.0,0,0,11.700000000000045,60388.5,0.024022698612862547
8289,M23148,M,298.8,310.6,1640.0,33.8,9.0,0,0,11.800000000000011,55431.99999999999,0.020597196831200485
8290,L55469,L,298.9,310.6,1406.0,43.8,12.0,0,0,11.700000000000045,61582.799999999996,0.031130063965884858
8291,M23150,L,298.9,310.6,1679.0,35.8,14.0,0,0,11.700000000000045,60108.2,0.02130952380952381
8292,L55471,L,298.9,310.5,1717.0,26.9,17.0,0,0,11.600000000000023,46187.299999999996,0.015657741559953434
8293,H37706,H,298.9,310.5,1429.0,39.9,19.0,0,0,11.600000000000023,57017.1,0.0279020979020979
8294,M23153,M,298.9,310.4,1533.0,44.4,24.0,0,0,11.5,68065.2,0.02894393741851369
8295,M23154,M,298.9,310.5,1525.0,38.5,27.0,0,0,11.600000000000023,58712.5,0.02522935779816514
8296,L55475,L,298.9,310.4,1739.0,26.3,30.0,0,0,11.5,45735.700000000004,0.015114942528735633
8297,L55476,L,298.9,310.3,1436.0,39.0,32.0,0,0,11.400000000000034,56004.0,0.027139874739039668
8298,M23157,M,298.8,310.2,1595.0,33.1,34.0,0,0,11.399999999999977,52794.5,0.020739348370927318
8299,H37712,H,298.7,310.1,1435.0,45.6,37.0,0,0,11.400000000000034,65436.0,0.03175487465181059
8300,L55479,L,298.7,310.0,1637.0,31.8,42.0,0,0,11.300000000000011,52056.6,0.019413919413919414
8301,L55480,L,298.7,310.1,1558.0,37.6,44.0,0,0,11.400000000000034,58580.8,0.024118024374599104
8302,M23161,M,298.7,310.1,1644.0,34.1,46.0,0,0,11.400000000000034,56060.4,0.020729483282674772
8303,L55482,L,298.7,310.1,1641.0,31.1,49.0,0,0,11.400000000000034,51035.100000000006,0.018940316686967114
8304,L55483,L,298.8,310.2,1504.0,41.0,51.0,0,0,11.399999999999977,61664.0,0.02724252491694352
8305,M23164,M,298.7,310.1,1506.0,50.7,53.0,0,0,11.400000000000034,76354.2,0.033642999336429995
8306,H37719,H,298.8,310.1,1380.0,44.0,56.0,0,0,11.300000000000011,60720.0,0.03186097031136857
8307,M23166,M,298.7,310.1,1549.0,42.5,61.0,0,0,11.400000000000034,65832.5,0.027419354838709678
8308,M23167,M,298.7,310.1,1402.0,69.7,64.0,1,0,11.400000000000034,97719.40000000001,0.049679258731290095
8309,L55488,L,298.7,310.1,1401.0,45.3,67.0,0,0,11.400000000000034,63465.299999999996,0.03231098430813124
8310,M23169,M,298.7,310.0,1459.0,40.2,69.0,0,0,11.300000000000011,58651.8,0.027534246575342466
8311,L55490,L,298.7,309.9,1465.0,39.7,72.0,0,0,11.199999999999989,58160.50000000001,0.02708049113233288
8312,M23171,M,298.8,310.0,1295.0,52.7,74.0,0,0,11.199999999999989,68246.5,0.040663580246913585
8313,M23172,M,298.8,310.0,1529.0,38.5,77.0,0,0,11.199999999999989,58866.5,0.02516339869281046
8314,M23173,M,298.8,310.0,1484.0,44.9,80.0,0,0,11.199999999999989,66631.59999999999,0.030235690235690234
8315,L55494,L,298.8,309.9,1739.0,30.6,83.0,0,0,11.099999999999966,53213.4,0.017586206896551725
8316,H37729,H,298.7,309.8,1422.0,40.7,85.0,0,0,11.100000000000023,57875.4,0.02860154602951511
8317,L55496,L,298.8,309.8,1463.0,40.0,90.0,0,0,11.0,58520.0,0.0273224043715847
8318,L55497,L,298.7,309.7,1667.0,30.4,92.0,0,0,11.0,50676.799999999996,0.018225419664268584
8319,H37732,H,298.7,309.7,1565.0,39.3,94.0,0,0,11.0,61504.49999999999,0.025095785440613024
8320,L55499,L,298.7,309.7,1393.0,45.7,99.0,0,0,11.0,63660.100000000006,0.03278335724533716
8321,M23180,M,298.8,309.7,1453.0,47.7,101.0,0,0,10.899999999999977,69308.1,0.0328060522696011
8322,L55501,L,298.8,309.6,1442.0,50.0,104.0,0,0,10.800000000000011,72100.0,0.03465003465003465
8323,L55502,L,298.7,309.6,1364.0,44.9,106.0,0,0,10.900000000000034,61243.6,0.03289377289377289
8324,H37737,H,298.7,309.5,1453.0,40.4,108.0,0,0,10.800000000000011,58701.2,0.02778541953232462
8325,M23184,M,298.7,309.5,1394.0,46.0,113.0,0,0,10.800000000000011,64124.0,0.032974910394265235
8326,M23185,M,298.7,309.5,1500.0,38.8,116.0,0,0,10.800000000000011,58199.99999999999,0.025849433710859425
8327,H37740,H,298.6,309.5,1523.0,34.2,119.0,0,0,10.899999999999977,52086.600000000006,0.022440944881889767
8328,M23187,M,298.7,309.6,1254.0,57.1,124.0,0,0,10.900000000000034,71603.40000000001,0.04549800796812749
8329,L55508,L,298.6,309.5,1325.0,52.2,127.0,0,0,10.899999999999977,69165.0,0.03936651583710407
8330,L55509,L,298.8,309.7,1424.0,49.6,129.0,0,0,10.899999999999977,70630.40000000001,0.03480701754385965
8331,L55510,L,298.8,309.7,1505.0,39.0,131.0,0,0,10.899999999999977,58695.0,0.025896414342629483
8332,M23191,M,298.8,309.7,1392.0,48.7,133.0,0,0,10.899999999999977,67790.40000000001,0.03496051687006461
8333,L55512,L,298.8,309.7,1529.0,44.0,136.0,0,0,10.899999999999977,67276.0,0.02875816993464052
8334,M23193,M,298.8,309.7,1477.0,48.5,138.0,0,0,10.899999999999977,71634.5,0.032814614343707714
8335,M23194,M,298.8,309.7,1459.0,47.3,141.0,0,0,10.899999999999977,69010.7,0.0323972602739726
8336,M23195,M,299.0,309.8,2240.0,15.9,144.0,0,0,10.800000000000011,35616.0,0.007095046854082999
8337,L55516,L,298.9,309.7,1449.0,48.8,147.0,0,0,10.800000000000011,70711.2,0.0336551724137931
8338,M23197,M,298.8,309.7,1589.0,35.3,149.0,0,0,10.899999999999977,56091.7,0.02220125786163522
8339,L55518,L,298.8,309.7,1740.0,28.5,152.0,0,0,10.899999999999977,49590.0,0.016369902354968408
8340,M23199,M,298.8,309.7,1499.0,40.3,154.0,0,0,10.899999999999977,60409.7,0.026866666666666664
8341,M23200,M,298.8,309.7,1480.0,38.1,157.0,0,0,10.899999999999977,56388.0,0.02572586090479406
8342,L55521,L,298.8,309.7,1751.0,29.6,160.0,0,0,10.899999999999977,51829.600000000006,0.016894977168949773
8343,L55522,L,298.7,309.7,1510.0,40.6,162.0,0,0,11.0,61306.0,0.026869622766379882
8344,H37757,H,298.8,309.8,1437.0,48.2,164.0,0,0,11.0,69263.40000000001,0.033518776077885955
8345,L55524,L,298.8,309.7,1609.0,40.4,169.0,0,0,10.899999999999977,65003.6,0.02509316770186335
8346,H37759,H,298.8,309.8,1490.0,35.9,171.0,0,0,11.0,53491.0,0.024077800134138162
8347,L55526,L,298.7,309.7,1601.0,35.7,176.0,0,0,11.0,57155.700000000004,0.022284644194756557
8348,L55527,L,298.7,309.6,1665.0,31.1,178.0,0,0,10.900000000000034,51781.5,0.01866746698679472
8349,M23208,M,298.7,309.6,1452.0,42.7,180.0,0,0,10.900000000000034,62000.4,0.029387474191328287
8350,M23209,M,298.7,309.5,1487.0,33.6,183.0,0,0,10.800000000000011,49963.200000000004,0.022580645161290325
8351,M23210,M,298.7,309.6,1382.0,48.1,186.0,0,0,10.900000000000034,66474.2,0.03477946493130875
8352,M23211,M,298.7,309.6,1686.0,26.2,189.0,0,0,10.900000000000034,44173.2,0.015530527563722585
8353,L55532,L,298.6,309.6,1491.0,36.9,192.0,0,0,11.0,55017.9,0.02473190348525469
8354,L55533,L,298.7,309.6,1442.0,55.6,194.0,0,0,10.900000000000034,80175.2,0.03853083853083853
8355,L55534,L,298.6,309.6,1390.0,50.3,196.0,0,0,11.0,69917.0,0.036161035226455786
8356,L55535,L,298.7,309.6,1502.0,46.7,198.0,0,0,10.900000000000034,70143.40000000001,0.031071190951430475
8357,M23216,M,298.6,309.6,1344.0,59.4,200.0,0,0,11.0,79833.59999999999,0.0441635687732342
8358,L55537,L,298.5,309.5,1385.0,46.3,203.0,1,1,11.0,64125.49999999999,0.033405483405483404
8359,L55538,L,298.7,309.7,1547.0,37.4,0.0,0,0,11.0,57857.799999999996,0.02416020671834625
8360,M23219,M,298.6,309.6,1525.0,42.4,2.0,0,0,11.0,64660.0,0.027785058977719528
8361,L55540,L,298.6,309.6,1540.0,35.8,5.0,0,0,11.0,55131.99999999999,0.023231667748215442
8362,L55541,L,298.6,309.5,1450.0,44.3,7.0,0,0,10.899999999999977,64234.99999999999,0.030530668504479667
8363,L55542,L,298.6,309.6,1353.0,62.5,9.0,0,0,11.0,84562.5,0.04615952732644018
8364,L55543,L,298.8,309.7,1582.0,45.0,11.0,0,0,10.899999999999977,71190.0,0.028427037271004423
8365,L55544,L,298.9,309.8,1396.0,49.0,13.0,0,0,10.900000000000034,68404.0,0.03507516105941303
8366,M23225,M,298.8,309.8,1551.0,36.6,15.0,0,0,11.0,56766.600000000006,0.023582474226804123
8367,M23226,M,298.9,309.8,1836.0,22.8,18.0,0,0,10.900000000000034,41860.8,0.01241154055525313
8368,L55547,L,298.9,309.8,1390.0,49.9,21.0,0,0,10.900000000000034,69361.0,0.03587347232207045
8369,L55548,L,298.9,309.8,1534.0,42.1,23.0,0,0,10.900000000000034,64581.4,0.02742671009771987
8370,L55549,L,298.8,309.7,1953.0,20.6,25.0,0,0,10.899999999999977,40231.8,0.010542476970317299
8371,L55550,L,298.8,309.8,1634.0,33.6,27.0,0,0,11.0,54902.4,0.020550458715596333
8372,L55551,L,298.7,309.7,1881.0,21.7,29.0,0,0,11.0,40817.7,0.01153028692879915
8373,M23232,M,298.8,309.7,1448.0,44.8,31.0,0,0,10.899999999999977,64870.399999999994,0.030917874396135265
8374,M23233,M,298.7,309.7,1362.0,50.5,34.0,0,0,11.0,68781.0,0.037050623624358035
8375,L55554,L,298.8,309.7,1225.0,63.4,37.0,0,0,10.899999999999977,77665.0,0.05171288743882545
8376,M23235,M,298.8,309.6,1384.0,48.2,39.0,0,0,10.800000000000011,66708.8,0.0348014440433213
8377,L55556,L,298.8,309.8,1334.0,49.3,42.0,0,0,11.0,65766.2,0.03692883895131086
8378,L55557,L,298.8,309.7,1336.0,50.3,44.0,0,0,10.899999999999977,67200.8,0.037621540762902014
8379,M23238,M,298.8,309.9,1331.0,61.6,46.0,0,0,11.099999999999966,81989.6,0.04624624624624625
8380,L55559,L,298.8,309.9,1629.0,31.9,49.0,0,0,11.099999999999966,51965.1,0.019570552147239264
8381,L55560,L,298.9,310.0,1776.0,25.7,51.0,0,0,11.100000000000023,45643.2,0.014462577377602702
8382,H37795,H,298.8,310.0,1530.0,38.3,53.0,0,0,11.199999999999989,58598.99999999999,0.025016329196603525
8383,L55562,L,298.9,310.0,1719.0,27.3,58.0,0,0,11.100000000000023,46928.700000000004,0.015872093023255814
8384,M23243,M,298.8,309.9,1495.0,35.2,60.0,0,0,11.099999999999966,52624.00000000001,0.023529411764705885
8385,L55564,L,298.8,309.7,1450.0,43.1,63.0,0,0,10.899999999999977,62495.0,0.029703652653342523
8386,H37799,H,298.8,309.8,1563.0,38.8,65.0,0,0,11.0,60644.399999999994,0.024808184143222504
8387,M23246,M,298.9,309.9,1501.0,37.1,70.0,0,0,11.0,55687.1,0.024700399467376833
8388,L55567,L,298.8,309.9,1351.0,47.2,73.0,0,0,11.099999999999966,63767.200000000004,0.034911242603550295
8389,L55568,L,298.9,309.9,1365.0,46.5,75.0,0,0,11.0,63472.5,0.03404099560761347
8390,L55569,L,298.8,309.9,1525.0,39.7,77.0,0,0,11.099999999999966,60542.50000000001,0.02601572739187418
8391,M23250,M,298.8,309.8,1288.0,61.9,79.0,0,0,11.0,79727.2,0.048021722265321955
8392,L55571,L,298.6,309.6,1423.0,42.7,82.0,0,0,11.0,60762.100000000006,0.029985955056179778
8393,M23252,M,298.5,309.6,1502.0,39.4,84.0,0,0,11.100000000000023,59178.799999999996,0.026214238190286093
8394,L55573,L,298.5,309.5,1428.0,43.5,87.0,0,0,11.0,62118.0,0.030440867739678096
8395,M23254,M,298.6,309.5,1566.0,38.1,89.0,0,0,10.899999999999977,59664.600000000006,0.024313975749840462
8396,M23255,M,298.5,309.5,1483.0,44.8,92.0,0,0,11.0,66438.4,0.030188679245283016
8397,H37810,H,298.6,309.6,1593.0,33.3,95.0,0,0,11.0,53046.899999999994,0.020890840652446674
8398,L55577,L,298.5,309.6,1724.0,26.4,100.0,0,0,11.100000000000023,45513.6,0.015304347826086955
8399,L55578,L,298.5,309.7,2617.0,12.1,102.0,1,0,11.199999999999989,31665.7,0.004621848739495798
8400,L55579,L,298.6,309.7,1294.0,59.4,104.0,0,0,11.099999999999966,76863.59999999999,0.04586872586872587
8401,L55580,L,298.6,309.6,1533.0,40.7,106.0,0,0,11.0,62393.100000000006,0.02653194263363755
8402,H37815,H,298.5,309.4,1671.0,31.8,108.0,0,0,10.899999999999977,53137.8,0.019019138755980863
8403,L55582,L,298.5,309.5,1370.0,52.4,113.0,0,0,11.0,71788.0,0.03822027716994894
8404,L55583,L,298.5,309.6,1462.0,45.1,115.0,0,0,11.100000000000023,65936.2,0.030827067669172932
8405,L55584,L,298.4,309.5,1545.0,36.6,117.0,0,0,11.100000000000023,56547.0,0.02367399741267788
8406,M23265,M,298.4,309.5,1484.0,41.7,119.0,0,0,11.100000000000023,61882.8,0.02808080808080808
8407,M23266,M,298.4,309.5,1344.0,45.3,122.0,0,0,11.100000000000023,60883.2,0.03368029739776952
8408,L55587,L,298.4,309.5,1357.0,50.1,125.0,0,0,11.100000000000023,67985.7,0.036892488954344625
8409,M23268,M,298.5,309.6,1572.0,33.0,127.0,0,0,11.100000000000023,51876.0,0.02097902097902098
8410,L55589,L,298.5,309.6,1861.0,26.9,130.0,0,0,11.100000000000023,50060.899999999994,0.014446831364124597
8411,L55590,L,298.5,309.5,1548.0,44.5,132.0,0,0,11.0,68886.0,0.028728211749515817
8412,L55591,L,298.6,309.8,1496.0,37.7,134.0,0,0,11.199999999999989,56399.200000000004,0.02518370073480294
8413,M23272,M,298.6,309.7,1314.0,49.7,136.0,0,0,11.099999999999966,65305.8,0.03779467680608365
8414,M23273,M,298.6,309.7,1503.0,49.7,139.0,0,0,11.099999999999966,74699.1,0.03304521276595745
8415,L55594,L,298.6,309.8,1842.0,20.1,142.0,0,0,11.199999999999989,37024.200000000004,0.010906131307650571
8416,M23275,M,298.7,309.9,1434.0,53.0,144.0,0,0,11.199999999999989,76002.0,0.036933797909407665
8417,M23276,M,298.8,310.1,1585.0,31.3,147.0,0,0,11.300000000000011,49610.5,0.019735182849936948
8418,H37831,H,298.8,310.1,1704.0,30.7,150.0,0,0,11.300000000000011,52312.799999999996,0.018005865102639296
8419,L55598,L,298.9,310.2,1971.0,23.2,155.0,0,0,11.300000000000011,45727.2,0.011764705882352941
8420,L55599,L,299.0,310.3,1431.0,39.9,157.0,0,0,11.300000000000011,57096.9,0.02786312849162011
8421,L55600,L,298.9,310.4,1546.0,37.7,159.0,0,0,11.5,58284.200000000004,0.024369747899159664
8422,L55601,L,298.9,310.3,1496.0,36.3,161.0,0,0,11.400000000000034,54304.799999999996,0.024248496993987973
8423,H37836,H,298.9,310.3,1243.0,63.0,163.0,0,0,11.400000000000034,78309.0,0.05064308681672026
8424,L55603,L,299.0,310.4,1452.0,46.2,168.0,0,0,11.399999999999977,67082.40000000001,0.03179628355127323
8425,L55604,L,299.1,310.6,1380.0,44.7,170.0,0,0,11.5,61686.00000000001,0.03236784938450398
8426,L55605,L,299.2,310.6,1567.0,38.4,172.0,0,0,11.400000000000034,60172.799999999996,0.024489795918367346
8427,L55606,L,299.1,310.5,1628.0,35.9,174.0,0,0,11.399999999999977,58445.2,0.02203806015960712
8428,L55607,L,299.1,310.4,1505.0,46.1,176.0,0,0,11.299999999999955,69380.5,0.03061088977423639
8429,M23288,M,299.0,310.3,1827.0,28.0,178.0,0,0,11.300000000000011,51156.0,0.015317286652078774
8430,L55609,L,299.0,310.3,1577.0,40.0,181.0,0,0,11.300000000000011,63080.0,0.025348542458808618
8431,L55610,L,298.9,310.2,1304.0,57.2,183.0,0,0,11.300000000000011,74588.8,0.04383141762452108
8432,H37845,H,298.9,310.1,1324.0,54.6,185.0,0,0,11.200000000000045,72290.40000000001,0.04120754716981132
8433,L55612,L,298.8,310.0,1537.0,39.9,190.0,0,0,11.199999999999989,61326.299999999996,0.025942782834850454
8434,M23293,M,298.8,310.1,1501.0,48.7,192.0,0,0,11.300000000000011,73098.7,0.032423435419440746
8435,M23294,M,298.7,309.9,1654.0,29.1,195.0,0,0,11.199999999999989,48131.4,0.01758308157099698
8436,M23295,M,298.7,310.0,1519.0,38.1,198.0,0,0,11.300000000000011,57873.9,0.02506578947368421
8437,L55616,L,298.7,309.9,1371.0,51.3,201.0,0,0,11.199999999999989,70332.3,0.037390670553935856
8438,L55617,L,298.7,309.8,1181.0,65.9,203.0,1,0,11.100000000000023,77827.90000000001,0.05575296108291033
8439,L55618,L,298.6,309.8,1469.0,42.8,205.0,0,0,11.199999999999989,62873.2,0.029115646258503398
8440,L55619,L,298.6,309.8,1637.0,34.6,207.0,0,0,11.199999999999989,56640.200000000004,0.021123321123321125
8441,L55620,L,298.6,309.8,1370.0,56.0,0.0,0,0,11.199999999999989,76720.0,0.040846097738876735
8442,L55621,L,298.6,309.9,1630.0,30.6,2.0,0,0,11.299999999999955,49878.0,0.0187614960147149
8443,L55622,L,298.6,310.0,1517.0,39.0,4.0,0,0,11.399999999999977,59163.0,0.025691699604743084
8444,M23303,M,298.6,309.9,1668.0,32.3,6.0,0,0,11.299999999999955,53876.399999999994,0.019352905931695624
8445,M23304,M,298.6,309.9,1818.0,24.9,9.0,0,0,11.299999999999955,45268.2,0.013688840021990103
8446,M23305,M,298.6,310.0,1541.0,36.9,12.0,0,0,11.399999999999977,56862.899999999994,0.02392996108949416
8447,L55626,L,298.5,309.9,1482.0,42.1,15.0,0,0,11.399999999999977,62392.200000000004,0.028388401888064733
8448,L55627,L,298.6,310.1,1439.0,49.9,17.0,0,0,11.5,71806.09999999999,0.034652777777777775
8449,L55628,L,298.5,310.0,1492.0,41.2,19.0,0,0,11.5,61470.4,0.027595445411922305
8450,L55629,L,298.4,309.9,1725.0,27.8,21.0,0,0,11.5,47955.0,0.016106604866743916
8451,L55630,L,298.4,310.0,1559.0,44.2,23.0,0,0,11.600000000000023,68907.8,0.028333333333333335
8452,L55631,L,298.5,310.0,1435.0,42.5,25.0,0,0,11.5,60987.5,0.029596100278551533
8453,M23312,M,298.6,310.0,1512.0,37.5,27.0,0,0,11.399999999999977,56700.0,0.02478519497686715
8454,L55633,L,298.6,309.9,1564.0,37.1,30.0,0,0,11.299999999999955,58024.4,0.023706070287539936
8455,L55634,L,298.6,310.0,1522.0,40.3,32.0,0,0,11.399999999999977,61336.6,0.02646093237032173
8456,L55635,L,298.6,309.9,1356.0,59.5,34.0,0,0,11.299999999999955,80682.0,0.04384672070744289
8457,L55636,L,298.6,309.9,1556.0,38.6,36.0,0,0,11.299999999999955,60061.600000000006,0.024791265253693
8458,L55637,L,298.6,309.9,1393.0,45.5,38.0,0,0,11.299999999999955,63381.5,0.032639885222381634
8459,L55638,L,298.7,309.9,1753.0,26.8,40.0,0,0,11.199999999999989,46980.4,0.015279361459521095
8460,L55639,L,298.7,309.9,1651.0,29.5,42.0,0,0,11.199999999999989,48704.5,0.017857142857142856
8461,L55640,L,298.7,309.9,1372.0,54.7,44.0,0,0,11.199999999999989,75048.40000000001,0.03983976693372178
8462,L55641,L,298.7,309.9,1446.0,43.3,46.0,0,0,11.199999999999989,62611.799999999996,0.029923980649619902
8463,M23322,M,298.7,309.8,1501.0,44.7,48.0,0,0,11.100000000000023,67094.7,0.029760319573901465
8464,M23323,M,298.7,309.9,1411.0,45.1,51.0,0,0,11.199999999999989,63636.1,0.03194050991501417
8465,H37878,H,298.6,309.7,1672.0,27.5,54.0,0,0,11.099999999999966,45980.0,0.01643753735803945
8466,M23325,M,298.7,309.8,1475.0,40.5,59.0,0,0,11.100000000000023,59737.5,0.027439024390243903
8467,L55646,L,298.7,309.8,1469.0,38.4,62.0,0,0,11.100000000000023,56409.6,0.026122448979591834
8468,L55647,L,298.6,309.8,1704.0,28.3,64.0,0,0,11.199999999999989,48223.200000000004,0.01659824046920821
8469,H37882,H,298.6,309.7,1463.0,39.1,66.0,0,0,11.099999999999966,57203.3,0.026707650273224044
8470,M23329,M,298.6,309.7,1280.0,64.1,71.0,0,0,11.099999999999966,82048.0,0.05003903200624512
8471,L55650,L,298.7,309.9,1464.0,38.0,74.0,0,0,11.199999999999989,55632.0,0.025938566552901023
8472,L55651,L,298.6,309.8,1332.0,46.4,76.0,0,0,11.199999999999989,61804.799999999996,0.03480870217554388
8473,L55652,L,298.5,309.7,1634.0,37.8,78.0,0,0,11.199999999999989,61765.2,0.02311926605504587
8474,M23333,M,298.6,309.8,1430.0,43.1,80.0,0,0,11.199999999999989,61633.0,0.030118798043326345
8475,M23334,M,298.5,309.7,1523.0,44.6,83.0,0,0,11.199999999999989,67925.8,0.02926509186351706
8476,M23335,M,298.5,309.7,1557.0,37.7,86.0,0,0,11.199999999999989,58698.9,0.024197689345314508
8477,L55656,L,298.5,309.6,1585.0,32.2,89.0,0,0,11.100000000000023,51037.00000000001,0.020302648171500633
8478,H37891,H,298.5,309.6,1579.0,33.5,91.0,0,0,11.100000000000023,52896.5,0.02120253164556962
8479,M23338,M,298.5,310.1,1354.0,60.8,96.0,0,0,11.600000000000023,82323.2,0.04487084870848708
8480,L55659,L,298.6,309.7,1627.0,33.4,99.0,0,0,11.099999999999966,54341.799999999996,0.020515970515970514
8481,L55660,L,298.4,309.6,1477.0,35.6,101.0,0,0,11.200000000000045,52581.200000000004,0.02408660351826793
8482,M23341,M,298.3,309.4,1595.0,29.0,103.0,0,0,11.099999999999966,46255.0,0.018170426065162906
8483,L55662,L,298.4,309.5,1520.0,38.1,106.0,0,0,11.100000000000023,57912.0,0.02504930966469428
8484,L55663,L,298.3,309.4,1618.0,31.5,108.0,0,0,11.099999999999966,50967.0,0.01945645460160593
8485,L55664,L,298.4,309.5,1397.0,50.3,110.0,0,0,11.100000000000023,70269.09999999999,0.03597997138769671
8486,L55665,L,298.4,309.5,1450.0,47.9,112.0,0,0,11.100000000000023,69455.0,0.03301171605789111
8487,M23346,M,298.5,309.5,1501.0,40.2,114.0,0,0,11.0,60340.200000000004,0.026764314247669774
8488,L55667,L,298.4,309.4,1392.0,50.1,117.0,0,0,11.0,69739.2,0.03596554199569275
8489,L55668,L,298.4,309.4,1385.0,43.2,119.0,0,0,11.0,59832.00000000001,0.031168831168831172
8490,L55669,L,298.4,309.4,1461.0,46.3,121.0,0,0,11.0,67644.3,0.03166894664842681
8491,M23350,M,298.5,309.6,1364.0,58.7,123.0,0,0,11.100000000000023,80066.8,0.043003663003663005
8492,L55671,L,298.5,309.5,1579.0,38.6,126.0,0,0,11.0,60949.4,0.024430379746835443
8493,M23352,M,298.4,309.5,1514.0,38.8,128.0,0,0,11.100000000000023,58743.2,0.02561056105610561
8494,M23353,M,298.3,309.5,1560.0,36.9,131.0,0,0,11.199999999999989,57564.0,0.023638693145419602
8495,L55674,L,298.3,309.5,1542.0,36.7,134.0,0,0,11.199999999999989,56591.4,0.023784834737524307
8496,L55675,L,298.3,309.4,1668.0,27.1,136.0,0,0,11.099999999999966,45202.8,0.01623726782504494
8497,M23356,M,298.3,309.4,1816.0,22.6,138.0,0,0,11.099999999999966,41041.600000000006,0.01243808475509081
8498,M23357,M,298.3,309.4,1509.0,34.2,141.0,0,0,11.099999999999966,51607.8,0.02264900662251656
8499,L55678,L,298.4,309.6,1479.0,37.8,144.0,0,0,11.200000000000045,55906.2,0.02554054054054054
8500,L55679,L,298.4,309.6,1655.0,30.2,146.0,0,0,11.200000000000045,49981.0,0.01823671497584541
8501,L55680,L,298.3,309.5,1711.0,30.3,148.0,0,0,11.199999999999989,51843.3,0.017698598130841122
8502,L55681,L,298.4,309.7,1581.0,34.6,150.0,0,0,11.300000000000011,54702.600000000006,0.021871049304677623
8503,H37916,H,298.6,309.8,1279.0,55.9,152.0,0,0,11.199999999999989,71496.09999999999,0.043671875
8504,L55683,L,298.5,309.8,1468.0,40.9,157.0,0,0,11.300000000000011,60041.2,0.027842069434989788
8505,L55684,L,298.4,309.7,1419.0,41.3,159.0,0,0,11.300000000000011,58604.7,0.02908450704225352
8506,L55685,L,298.4,309.7,1530.0,40.1,161.0,0,0,11.300000000000011,61353.0,0.02619203135205748
8507,L55686,L,298.4,309.6,1710.0,27.3,163.0,1,0,11.200000000000045,46683.0,0.015955581531268265
8508,L55687,L,298.4,309.7,1518.0,39.8,165.0,0,0,11.300000000000011,60416.399999999994,0.026201448321263986
8509,M23368,M,298.4,309.7,1679.0,33.3,167.0,0,0,11.300000000000011,55910.7,0.01982142857142857
8510,M23369,M,298.4,309.7,1870.0,22.5,170.0,0,0,11.300000000000011,42075.0,0.012025654730090861
8511,L55690,L,298.3,309.7,1484.0,44.3,173.0,0,0,11.399999999999977,65741.2,0.02983164983164983
8512,L55691,L,298.4,309.7,1457.0,44.2,175.0,0,0,11.300000000000011,64399.4,0.030315500685871057
8513,H37926,H,298.3,309.6,1546.0,36.2,177.0,0,0,11.300000000000011,55965.200000000004,0.023400129282482224
8514,M23373,M,298.2,309.5,1478.0,36.5,182.0,0,0,11.300000000000011,53947.0,0.024678837052062204
8515,L55694,L,298.2,309.4,1447.0,47.1,185.0,0,0,11.199999999999989,68153.7,0.03252762430939227
8516,L55695,L,298.2,309.4,1443.0,45.4,187.0,0,0,11.199999999999989,65512.2,0.0314404432132964
8517,L55696,L,298.3,309.6,1527.0,30.9,189.0,0,0,11.300000000000011,47184.299999999996,0.020222513089005235
8518,M23377,M,298.3,309.6,1469.0,54.8,191.0,0,0,11.300000000000011,80501.2,0.03727891156462585
8519,M23378,M,298.3,309.6,1681.0,27.1,194.0,0,0,11.300000000000011,45555.100000000006,0.016111771700356717
8520,L55699,H,298.3,309.6,1420.0,44.1,197.0,0,0,11.300000000000011,62622.0,0.03103448275862069
8521,M23380,M,298.3,309.5,1543.0,49.9,199.0,0,0,11.199999999999989,76995.7,0.032318652849740934
8522,L55701,L,298.4,309.5,1376.0,50.4,202.0,0,0,11.100000000000023,69350.4,0.036601307189542485
8523,H37936,H,298.3,309.4,1631.0,40.1,0.0,0,0,11.099999999999966,65403.100000000006,0.02457107843137255
8524,H37937,H,298.3,309.3,1529.0,41.7,5.0,0,0,11.0,63759.3,0.027254901960784315
8525,L55704,L,298.3,309.4,1468.0,46.2,10.0,0,0,11.099999999999966,67821.6,0.0314499659632403
8526,L55705,L,298.3,309.4,1378.0,52.3,12.0,0,0,11.099999999999966,72069.4,0.03792603335750544
8527,L55706,L,298.3,309.3,1401.0,51.9,14.0,0,0,11.0,72711.9,0.03701854493580599
8528,L55707,L,298.4,309.3,1531.0,37.4,16.0,0,0,10.900000000000034,57259.4,0.024412532637075716
8529,L55708,L,298.4,309.3,1512.0,35.8,18.0,0,0,10.900000000000034,54129.6,0.023661599471249174
8530,M23389,M,298.5,309.4,1522.0,47.4,20.0,0,0,10.899999999999977,72142.8,0.031122783978988836
8531,M23390,M,298.5,309.3,1615.0,31.8,23.0,0,0,10.800000000000011,51357.0,0.01967821782178218
8532,L55711,L,298.6,309.3,1449.0,46.5,26.0,0,0,10.699999999999989,67378.5,0.03206896551724138
8533,L55712,L,298.6,309.4,1315.0,55.5,28.0,0,0,10.799999999999955,72982.5,0.04217325227963526
8534,M23393,M,298.6,309.4,1465.0,41.1,30.0,0,0,10.799999999999955,60211.5,0.028035470668485676
8535,M23394,M,298.6,309.5,1404.0,43.3,33.0,0,0,10.899999999999977,60793.2,0.03081850533807829
8536,L55715,L,298.6,309.5,1547.0,44.8,36.0,0,0,10.899999999999977,69305.59999999999,0.028940568475452195
8537,M23396,M,298.6,309.5,1426.0,45.4,38.0,0,0,10.899999999999977,64740.4,0.03181499649614576
8538,L55717,L,298.6,309.5,1730.0,30.2,41.0,0,0,10.899999999999977,52246.0,0.017446562680531484
8539,L55718,L,298.5,309.4,1548.0,37.7,43.0,0,0,10.899999999999977,58359.600000000006,0.02433828276307295
8540,L55719,L,298.5,309.4,1517.0,40.2,45.0,0,0,10.899999999999977,60983.4,0.02648221343873518
8541,L55720,L,298.6,309.5,1687.0,29.3,47.0,0,0,10.899999999999977,49429.1,0.01735781990521327
8542,L55721,L,298.5,309.5,1738.0,25.2,49.0,0,0,11.0,43797.6,0.014491086831512363
8543,H37956,H,298.4,309.4,1512.0,35.3,51.0,0,0,11.0,53373.6,0.023331130204890943
8544,M23403,M,298.5,309.4,1365.0,48.7,56.0,0,0,10.899999999999977,66475.5,0.035651537335285505
8545,H37958,H,298.5,309.4,2011.0,21.0,59.0,0,0,10.899999999999977,42231.0,0.010437375745526839
8546,L55725,L,298.4,309.3,1806.0,27.6,64.0,0,0,10.900000000000034,49845.600000000006,0.015273934698395131
8547,L55726,L,298.4,309.3,1716.0,28.4,66.0,0,0,10.900000000000034,48734.399999999994,0.01654047757716948
8548,M23407,M,298.4,309.4,1666.0,24.3,68.0,0,0,11.0,40483.8,0.014577084583083384
8549,L55728,L,298.5,309.4,1578.0,36.3,71.0,0,0,10.899999999999977,57281.399999999994,0.02298923369221026
8550,L55729,L,298.3,309.3,1558.0,37.2,73.0,0,0,11.0,57957.600000000006,0.02386144964720975
8551,L55730,L,298.3,309.2,1456.0,45.5,75.0,0,0,10.899999999999977,66248.0,0.031228551818805766
8552,M23411,M,298.2,309.1,1457.0,49.0,77.0,0,0,10.900000000000034,71393.0,0.033607681755829906
8553,L55732,L,298.2,309.1,1467.0,44.5,80.0,0,0,10.900000000000034,65281.5,0.030313351498637602
8554,M23413,M,300.1,309.0,1661.0,38.2,82.0,0,0,8.899999999999977,63450.200000000004,0.02298435619735259
8555,L55734,L,298.1,309.0,1592.0,33.9,85.0,0,0,10.899999999999977,53968.799999999996,0.021280602636534838
8556,L55735,L,298.2,309.0,1596.0,37.2,87.0,0,0,10.800000000000011,59371.200000000004,0.02329367564182843
8557,L55736,L,298.2,309.0,1489.0,40.6,89.0,0,0,10.800000000000011,60453.4,0.027248322147651008
8558,L55737,L,298.3,309.0,1471.0,48.3,91.0,0,0,10.699999999999989,71049.3,0.0328125
8559,M23418,M,298.3,309.0,1505.0,41.3,93.0,0,0,10.699999999999989,62156.49999999999,0.02742363877822045
8560,L55739,L,298.3,309.0,1519.0,40.0,96.0,0,0,10.699999999999989,60760.0,0.02631578947368421
8561,L55740,L,298.3,309.0,1408.0,45.4,98.0,0,0,10.699999999999989,63923.2,0.03222143364088006
8562,L55741,L,298.2,308.9,1503.0,44.4,100.0,0,0,10.699999999999989,66733.2,0.02952127659574468
8563,L55742,L,298.1,308.9,1351.0,52.4,102.0,0,0,10.799999999999955,70792.4,0.03875739644970414
8564,L55743,L,298.0,308.9,1500.0,36.7,104.0,0,0,10.899999999999977,55050.00000000001,0.02445036642238508
8565,M23424,M,298.0,308.7,1614.0,30.7,106.0,0,0,10.699999999999989,49549.799999999996,0.019009287925696595
8566,L55745,L,298.0,308.8,1489.0,36.5,109.0,0,0,10.800000000000011,54348.5,0.024496644295302013
8567,M23426,M,297.9,308.7,1751.0,26.6,111.0,0,0,10.800000000000011,46576.600000000006,0.015182648401826485
8568,L55747,L,298.0,308.7,1511.0,45.8,114.0,0,0,10.699999999999989,69203.8,0.03029100529100529
8569,L55748,L,297.9,308.6,1691.0,29.6,116.0,0,0,10.700000000000045,50053.600000000006,0.017494089834515367
8570,L55749,L,297.9,308.6,1757.0,27.5,118.0,0,0,10.700000000000045,48317.5,0.01564277588168373
8571,H37984,H,297.9,308.7,1545.0,35.9,120.0,0,0,10.800000000000011,55465.5,0.023221216041397152
8572,L55751,L,297.9,308.6,2262.0,15.7,125.0,0,0,10.700000000000045,35513.4,0.006937693327441449
8573,M23432,M,297.7,308.5,1559.0,35.2,127.0,0,0,10.800000000000011,54876.8,0.022564102564102566
8574,L55753,L,297.6,308.4,1626.0,32.4,130.0,0,0,10.799999999999955,52682.399999999994,0.0199139520590043
8575,L55754,L,297.6,308.3,1424.0,53.9,132.0,0,0,10.699999999999989,76753.59999999999,0.03782456140350877
8576,M23435,M,297.6,308.3,1648.0,29.1,134.0,0,0,10.699999999999989,47956.8,0.01764705882352941
8577,L55756,L,297.6,308.3,1523.0,39.5,137.0,0,0,10.699999999999989,60158.5,0.025918635170603676
8578,L55757,L,297.6,308.3,1502.0,43.2,139.0,0,0,10.699999999999989,64886.4,0.028742514970059883
8579,L55758,L,297.5,308.2,1489.0,40.7,141.0,0,0,10.699999999999989,60602.3,0.02731543624161074
8580,M23439,M,297.4,308.1,1620.0,31.2,143.0,0,0,10.700000000000045,50544.0,0.019247378161628623
8581,L55760,L,297.5,308.1,1631.0,30.6,146.0,0,0,10.600000000000023,49908.600000000006,0.01875
8582,M23441,M,297.5,308.0,1429.0,45.8,148.0,0,0,10.5,65448.2,0.03202797202797203
8583,M23442,M,297.5,308.1,1334.0,72.0,151.0,1,0,10.600000000000023,96048.0,0.05393258426966292
8584,L55763,L,297.4,308.0,1423.0,38.0,154.0,0,0,10.600000000000023,54074.0,0.026685393258426966
8585,L55764,L,297.4,307.9,1390.0,47.7,156.0,0,0,10.5,66303.0,0.03429187634795112
8586,M23445,M,297.4,307.9,1338.0,48.5,158.0,0,0,10.5,64893.0,0.036221060492905154
8587,H38000,H,297.3,307.9,1461.0,37.5,161.0,0,0,10.599999999999966,54787.5,0.025649794801641587
8588,M23447,M,297.4,307.9,1627.0,34.3,166.0,0,0,10.5,55806.1,0.021068796068796067
8589,L55768,L,297.3,307.8,1385.0,44.4,169.0,0,0,10.5,61494.0,0.032034632034632034
8590,M23449,M,297.3,307.8,1538.0,48.0,171.0,0,0,10.5,73824.0,0.031189083820662766
8591,L55770,L,297.4,307.9,1557.0,35.5,174.0,0,0,10.5,55273.5,0.022785622593068038
8592,L55771,L,297.4,307.9,1606.0,33.4,176.0,0,0,10.5,53640.399999999994,0.020784069695084006
8593,M23452,M,297.5,308.0,1430.0,44.5,178.0,0,0,10.5,63635.0,0.031097134870719776
8594,M23453,M,297.4,308.0,1601.0,34.6,181.0,0,0,10.600000000000023,55394.600000000006,0.0215980024968789
8595,L55774,L,297.4,308.0,1356.0,51.9,184.0,0,0,10.600000000000023,70376.4,0.03824613117170228
8596,M23455,M,297.5,308.2,1624.0,30.9,186.0,0,0,10.699999999999989,50181.6,0.019015384615384615
8597,L55776,L,297.5,308.2,1327.0,56.5,189.0,0,0,10.699999999999989,74975.5,0.04254518072289157
8598,L55777,L,297.6,308.3,1410.0,47.0,191.0,0,0,10.699999999999989,66270.0,0.03330970942593905
8599,L55778,L,297.6,308.3,1478.0,42.3,193.0,0,0,10.699999999999989,62519.399999999994,0.028600405679513184
8600,L55779,L,297.6,308.4,1460.0,40.3,195.0,0,0,10.799999999999955,58837.99999999999,0.02758384668035592
8601,L55780,L,297.5,308.3,1435.0,40.3,197.0,0,0,10.800000000000011,57830.49999999999,0.028064066852367685
8602,H38015,H,297.4,308.2,1359.0,46.9,199.0,0,0,10.800000000000011,63737.1,0.03448529411764706
8603,L55782,L,297.4,308.1,1729.0,31.7,108.0,0,0,10.700000000000045,54809.299999999996,0.01832369942196532
8604,H38017,H,297.3,308.0,1384.0,49.1,206.0,0,0,10.699999999999989,67954.40000000001,0.03545126353790614
8605,L55784,L,297.4,308.2,1297.0,52.1,211.0,0,0,10.800000000000011,67573.7,0.0401386748844376
8606,L55785,L,297.5,308.4,1633.0,33.3,213.0,0,0,10.899999999999977,54378.899999999994,0.020379436964504283
8607,M23466,M,297.5,308.4,1505.0,37.2,215.0,0,0,10.899999999999977,55986.00000000001,0.024701195219123506
8608,L55787,L,297.5,308.4,1433.0,50.0,218.0,0,0,10.899999999999977,71650.0,0.03486750348675035
8609,L55788,L,297.4,308.4,1369.0,50.6,220.0,1,0,11.0,69271.40000000001,0.036934306569343066
8610,L55789,L,297.4,308.3,1475.0,40.5,222.0,1,1,10.900000000000034,59737.5,0.027439024390243903
8611,L55790,L,297.4,308.3,1561.0,38.3,0.0,0,0,10.900000000000034,59786.299999999996,0.024519846350832264
8612,L55791,L,297.4,308.3,1472.0,45.5,2.0,0,0,10.900000000000034,66976.0,0.030889341479972843
8613,L55792,L,297.5,308.4,1441.0,44.5,4.0,0,0,10.899999999999977,64124.5,0.03085991678224688
8614,M23473,M,297.5,308.5,1401.0,50.5,6.0,0,0,11.0,70750.5,0.03601997146932953
8615,L55794,L,297.5,308.5,1691.0,33.1,9.0,0,0,11.0,55972.100000000006,0.019562647754137116
8616,L55795,L,297.6,308.6,1382.0,47.1,11.0,0,0,11.0,65092.200000000004,0.034056399132321044
8617,L55796,L,297.6,308.6,1355.0,46.4,13.0,0,0,11.0,62872.0,0.03421828908554572
8618,L55797,L,297.6,308.6,1529.0,45.3,15.0,0,0,11.0,69263.7,0.0296078431372549
8619,L55798,L,297.7,308.7,1829.0,24.9,17.0,0,0,11.0,45542.1,0.01360655737704918
8620,H38033,H,297.6,308.6,1480.0,39.8,19.0,0,0,11.0,58903.99999999999,0.02687373396353815
8621,L55800,L,297.6,308.5,1475.0,42.4,24.0,0,0,10.899999999999977,62540.0,0.028726287262872626
8622,M23481,M,297.6,308.5,1431.0,52.6,26.0,0,0,10.899999999999977,75270.6,0.036731843575419
8623,L55802,L,297.5,308.3,1437.0,42.3,29.0,0,0,10.800000000000011,60785.1,0.029415855354659248
8624,M23483,M,297.5,308.3,1476.0,45.6,31.0,0,0,10.800000000000011,67305.6,0.03087339201083277
8625,H38038,H,297.5,308.4,1490.0,39.7,34.0,0,0,10.899999999999977,59153.00000000001,0.026626425217974516
8626,L55805,L,297.4,308.3,1632.0,33.5,39.0,0,0,10.900000000000034,54672.0,0.020514390691977955
8627,L55806,L,297.4,308.2,1402.0,49.7,41.0,0,0,10.800000000000011,69679.40000000001,0.03542409123307199
8628,L55807,L,297.4,308.3,1347.0,45.8,43.0,0,0,10.900000000000034,61692.6,0.033976261127596434
8629,L55808,L,297.5,308.4,1747.0,31.0,45.0,0,0,10.899999999999977,54157.0,0.017734553775743706
8630,H38043,H,297.5,308.5,1557.0,39.1,47.0,0,0,11.0,60878.700000000004,0.02509627727856226
8631,L55810,L,297.4,308.4,1371.0,57.4,52.0,0,0,11.0,78695.4,0.04183673469387755
8632,H38045,H,297.3,308.3,1506.0,37.0,54.0,0,0,11.0,55722.0,0.0245520902455209
8633,L55812,L,297.3,308.3,1590.0,35.5,59.0,0,0,11.0,56445.0,0.022313010685103708
8634,L55813,L,297.4,308.3,1336.0,53.7,61.0,0,0,10.900000000000034,71743.2,0.040164547494390426
8635,L55814,L,297.3,308.3,1411.0,43.2,63.0,0,0,11.0,60955.200000000004,0.03059490084985836
8636,L55815,L,297.4,308.3,1704.0,27.3,65.0,0,0,10.900000000000034,46519.200000000004,0.01601173020527859
8637,L55816,L,297.5,308.4,1723.0,27.3,67.0,0,0,10.899999999999977,47037.9,0.015835266821345707
8638,L55817,L,297.5,308.5,1459.0,39.7,69.0,0,0,11.0,57922.3,0.02719178082191781
8639,L55818,L,297.6,308.5,1572.0,35.9,71.0,0,0,10.899999999999977,56434.799999999996,0.022822631913541003
8640,L55819,L,297.5,308.4,1384.0,56.0,73.0,0,0,10.899999999999977,77504.0,0.04043321299638989
8641,L55820,L,297.6,308.6,1383.0,47.5,75.0,0,0,11.0,65692.5,0.034320809248554913
8642,M23501,M,297.6,308.5,1360.0,48.6,77.0,0,0,10.899999999999977,66096.0,0.035709037472446734
8643,M23502,M,297.5,308.4,1596.0,36.6,80.0,0,0,10.899999999999977,58413.600000000006,0.02291797119599249
8644,L55823,L,297.5,308.5,1448.0,54.3,83.0,0,0,11.0,78626.4,0.03747412008281573
8645,M23504,M,297.6,308.5,1443.0,38.2,85.0,0,0,10.899999999999977,55122.600000000006,0.026454293628808866
8646,M23505,M,297.6,308.6,1492.0,35.5,88.0,0,0,11.0,52966.0,0.023777628935030142
8647,L55826,L,297.5,308.6,1497.0,43.9,91.0,0,0,11.100000000000023,65718.3,0.029305740987983976
8648,L55827,L,297.5,308.5,1530.0,38.5,93.0,0,0,11.0,58905.0,0.025146962769431742
8649,M23508,M,297.4,308.4,1478.0,46.2,95.0,0,0,11.0,68283.6,0.031237322515212985
8650,L55829,L,297.4,308.4,1328.0,61.8,98.0,0,0,11.0,82070.4,0.046501128668171555
8651,H38064,H,297.4,308.3,1771.0,27.4,100.0,0,0,10.900000000000034,48525.399999999994,0.0154627539503386
8652,M23511,M,297.4,308.4,1564.0,35.0,105.0,0,0,11.0,54740.0,0.022364217252396165
8653,H38066,H,297.3,308.3,1461.0,41.5,108.0,0,0,11.0,60631.5,0.02838577291381669
8654,M23513,M,297.4,308.3,1335.0,57.9,113.0,0,0,10.900000000000034,77296.5,0.04333832335329341
8655,M23514,M,297.4,308.4,1441.0,46.8,116.0,0,0,11.0,67438.8,0.03245492371705964
8656,L55835,L,297.3,308.3,1268.0,60.6,119.0,0,0,11.0,76840.8,0.04775413711583924
8657,M23516,M,297.3,308.3,1697.0,27.4,121.0,0,0,11.0,46497.799999999996,0.01613663133097762
8658,L55837,L,297.4,308.4,1421.0,40.1,124.0,0,0,11.0,56982.1,0.02819971870604782
8659,L55838,L,297.4,308.5,1496.0,36.4,126.0,0,0,11.100000000000023,54454.4,0.024315297261189042
8660,L55839,L,297.5,308.5,1375.0,55.6,128.0,0,0,11.0,76450.0,0.04040697674418605
8661,L55840,L,297.4,308.5,1295.0,52.1,130.0,0,0,11.100000000000023,67469.5,0.04020061728395062
8662,L55841,L,297.4,308.5,1643.0,33.8,132.0,0,0,11.100000000000023,55533.399999999994,0.020559610705596105
8663,L55842,L,297.5,308.6,1514.0,36.9,134.0,0,0,11.100000000000023,55866.6,0.024356435643564354
8664,L55843,L,297.5,308.6,1671.0,29.4,136.0,0,0,11.100000000000023,49127.399999999994,0.017583732057416267
8665,H38078,H,297.5,308.6,1355.0,58.9,138.0,0,0,11.100000000000023,79809.5,0.04343657817109144
8666,L55845,L,297.6,308.7,1365.0,50.6,143.0,0,0,11.099999999999966,69069.0,0.03704245973645681
8667,L55846,L,297.5,308.7,1407.0,42.5,145.0,0,0,11.199999999999989,59797.5,0.030184659090909092
8668,M23527,M,297.5,308.8,1455.0,46.1,147.0,0,0,11.300000000000011,67075.5,0.03166208791208791
8669,L55848,L,297.5,308.8,1502.0,45.9,150.0,0,0,11.300000000000011,68941.8,0.03053892215568862
8670,M23529,M,297.5,308.8,1471.0,52.3,152.0,0,0,11.300000000000011,76933.3,0.035529891304347826
8671,L55850,L,297.5,308.9,1581.0,30.4,155.0,0,0,11.399999999999977,48062.399999999994,0.019216182048040455
8672,L55851,L,297.5,308.8,1530.0,37.8,157.0,0,0,11.300000000000011,57833.99999999999,0.024689745264532985
8673,L55852,L,297.5,308.8,1312.0,50.3,159.0,0,0,11.300000000000011,65993.59999999999,0.03830921553693831
8674,L55853,L,297.4,308.6,1494.0,42.6,161.0,0,0,11.200000000000045,63644.4,0.028494983277591975
8675,M23534,M,297.4,308.6,1528.0,29.1,163.0,0,0,11.200000000000045,44464.8,0.01903204708960105
8676,H38089,H,297.3,308.6,1688.0,29.4,166.0,0,0,11.300000000000011,49627.2,0.017406749555950264
8677,M23536,M,297.3,308.5,1520.0,42.4,171.0,0,0,11.199999999999989,64448.0,0.027876397107166336
8678,M23537,M,297.3,308.5,1664.0,28.9,174.0,0,0,11.199999999999989,48089.6,0.017357357357357356
8679,L55858,L,297.3,308.5,1514.0,44.5,177.0,0,0,11.199999999999989,67373.0,0.029372937293729372
8680,L55859,L,297.3,308.5,1456.0,54.2,179.0,0,0,11.199999999999989,78915.2,0.037199725463280715
8681,L55860,L,297.2,308.5,1494.0,39.6,181.0,0,0,11.300000000000011,59162.4,0.026488294314381274
8682,L55861,L,297.2,308.4,1605.0,30.0,183.0,0,0,11.199999999999989,48150.0,0.0186799501867995
8683,M23542,M,297.2,308.5,1353.0,46.5,185.0,0,0,11.300000000000011,62914.5,0.03434268833087149
8684,L55863,L,297.2,308.5,1447.0,47.9,188.0,0,0,11.300000000000011,69311.3,0.033080110497237566
8685,L55864,L,297.2,308.5,1588.0,40.4,190.0,0,0,11.300000000000011,64155.2,0.02542479546884833
8686,H38099,H,297.2,308.5,1524.0,41.4,192.0,0,0,11.300000000000011,63093.6,0.027147540983606555
8687,M23546,M,297.2,308.5,1611.0,31.6,197.0,0,0,11.300000000000011,50907.600000000006,0.019602977667493797
8688,M23547,M,297.2,308.5,1604.0,34.9,200.0,0,0,11.300000000000011,55979.6,0.02174454828660436
8689,L55868,L,297.1,308.5,1483.0,46.9,203.0,0,0,11.399999999999977,69552.7,0.03160377358490566
8690,L55869,L,297.1,308.4,1543.0,39.6,205.0,0,0,11.299999999999955,61102.8,0.025647668393782384
8691,L55870,L,297.1,308.5,1323.0,44.4,207.0,1,1,11.399999999999977,58741.2,0.033534743202416915
8692,L55871,L,297.1,308.5,1555.0,36.2,0.0,0,0,11.399999999999977,56291.00000000001,0.023264781491002574
8693,L55872,L,297.1,308.4,1583.0,31.9,2.0,0,0,11.299999999999955,50497.7,0.020138888888888887
8694,M23553,M,297.2,308.5,1584.0,40.0,4.0,0,0,11.300000000000011,63360.0,0.025236593059936908
8695,L55874,L,297.2,308.5,1766.0,25.8,7.0,0,0,11.300000000000011,45562.8,0.014601018675721562
8696,M23555,M,297.2,308.6,1498.0,44.4,9.0,0,0,11.400000000000034,66511.2,0.02961974649766511
8697,L55876,L,297.2,308.6,1413.0,49.8,12.0,0,0,11.400000000000034,70367.4,0.03521923620933522
8698,L55877,L,297.3,308.6,1505.0,33.5,14.0,0,0,11.300000000000011,50417.5,0.022244355909694556
8699,H38112,H,297.3,308.7,1438.0,46.2,16.0,0,0,11.399999999999977,66435.6,0.03210562890896456
8700,M23559,M,297.3,308.7,1655.0,34.1,108.0,0,0,11.399999999999977,56435.5,0.020591787439613526
8701,M23560,L,297.3,308.7,1451.0,43.8,24.0,0,0,11.399999999999977,63553.799999999996,0.030165289256198345
8702,M23561,M,297.3,308.7,1466.0,38.4,27.0,0,0,11.399999999999977,56294.4,0.026175869120654397
8703,L55882,L,297.2,308.6,1774.0,23.0,30.0,0,0,11.400000000000034,40802.0,0.012957746478873239
8704,M23563,M,297.2,308.6,1284.0,51.3,32.0,0,0,11.400000000000034,65869.2,0.03992217898832685
8705,L55884,L,297.1,308.5,1425.0,40.0,35.0,0,0,11.399999999999977,57000.0,0.028050490883590462
8706,L55885,L,297.2,308.6,1437.0,52.4,37.0,0,0,11.400000000000034,75298.8,0.03643949930458971
8707,L55886,L,297.2,308.6,1335.0,53.0,39.0,0,0,11.400000000000034,70755.0,0.03967065868263473
8708,L55887,L,297.2,308.5,1471.0,41.7,41.0,0,0,11.300000000000011,61340.700000000004,0.02832880434782609
8709,M23568,M,297.2,308.5,1364.0,54.0,43.0,0,0,11.300000000000011,73656.0,0.03956043956043956
8710,L55889,L,297.1,308.5,1578.0,35.6,46.0,0,0,11.399999999999977,56176.8,0.02254591513616213
8711,L55890,L,297.1,308.5,1712.0,32.1,48.0,0,0,11.399999999999977,54955.200000000004,0.018739054290718038
8712,L55891,L,297.1,308.5,1733.0,28.7,50.0,0,0,11.399999999999977,49737.1,0.016551326412918108
8713,L55892,L,297.2,308.6,1652.0,32.1,52.0,0,0,11.400000000000034,53029.200000000004,0.01941923774954628
8714,L55893,L,297.2,308.6,1917.0,24.1,54.0,0,0,11.400000000000034,46199.700000000004,0.01256517205422315
8715,M23574,M,297.2,308.6,1444.0,41.1,56.0,0,0,11.400000000000034,59348.4,0.028442906574394463
8716,L55895,L,297.1,308.6,1442.0,37.1,59.0,0,0,11.5,53498.200000000004,0.02571032571032571
8717,M23576,M,297.1,308.6,1717.0,31.3,61.0,0,0,11.5,53742.1,0.01821885913853318
8718,L55897,L,297.1,308.7,1474.0,42.3,64.0,0,0,11.599999999999966,62350.2,0.028677966101694912
8719,L55898,L,297.2,308.7,1509.0,39.3,66.0,0,0,11.5,59303.7,0.026026490066225164
8720,L55899,L,297.2,308.8,1451.0,43.1,68.0,0,0,11.600000000000023,62538.1,0.029683195592286504
8721,L55900,L,297.3,308.8,1554.0,36.1,70.0,0,0,11.5,56099.4,0.023215434083601286
8722,L55901,L,297.2,308.7,1669.0,30.7,72.0,0,0,11.5,51238.299999999996,0.01838323353293413
8723,L55902,L,297.2,308.6,1366.0,50.4,74.0,0,0,11.400000000000034,68846.4,0.03686905632772494
8724,L55903,L,297.2,308.6,1578.0,34.4,76.0,0,0,11.400000000000034,54283.2,0.021785940468651045
8725,M23584,M,297.2,308.6,1513.0,39.0,78.0,0,0,11.400000000000034,59007.0,0.025759577278731835
8726,M23585,M,297.1,308.5,1515.0,42.1,81.0,0,0,11.399999999999977,63781.5,0.027770448548812665
8727,L55906,L,297.2,308.6,1562.0,33.0,84.0,0,0,11.400000000000034,51546.0,0.02111324376199616
8728,L55907,L,297.2,308.7,1501.0,38.5,86.0,0,0,11.5,57788.5,0.02563249001331558
8729,M23588,M,297.2,308.7,1398.0,38.1,88.0,0,0,11.5,53263.8,0.0272337383845604
8730,L55909,L,297.3,308.7,1352.0,53.8,91.0,0,0,11.399999999999977,72737.59999999999,0.03976348854397635
8731,H38144,H,297.3,308.7,1569.0,33.9,93.0,0,0,11.399999999999977,53189.1,0.02159235668789809
8732,H38145,H,297.2,308.6,1486.0,46.6,98.0,0,0,11.400000000000034,69247.6,0.03133826496301278
8733,L55912,L,297.2,308.6,1864.0,23.6,103.0,0,0,11.400000000000034,43990.4,0.012654155495978554
8734,M23593,M,297.3,308.7,1447.0,44.5,105.0,0,0,11.399999999999977,64391.5,0.03073204419889503
8735,L55914,L,297.2,308.6,1392.0,41.5,108.0,0,0,11.400000000000034,57768.0,0.029791816223977027
8736,L55915,L,297.3,308.6,1358.0,47.6,110.0,0,0,11.300000000000011,64640.8,0.035025754231052246
8737,L55916,L,297.3,308.7,1491.0,40.2,112.0,0,0,11.399999999999977,59938.200000000004,0.026943699731903487
8738,L55917,L,297.3,308.7,1556.0,36.7,114.0,0,0,11.399999999999977,57105.200000000004,0.02357096981374438
8739,L55918,L,297.3,308.7,1531.0,36.7,116.0,0,0,11.399999999999977,56187.700000000004,0.0239556135770235
8740,H38153,H,297.4,308.7,1429.0,37.6,118.0,0,0,11.300000000000011,53730.4,0.026293706293706295
8741,M23600,M,297.4,308.8,1573.0,33.9,123.0,0,0,11.400000000000034,53324.7,0.021537484116899618
8742,L55921,L,297.4,308.8,1538.0,41.2,126.0,0,0,11.400000000000034,63365.600000000006,0.02677063027940221
8743,L55922,L,297.4,308.8,1467.0,39.0,128.0,0,0,11.400000000000034,57213.0,0.02656675749318801
8744,H38157,H,297.4,308.7,1323.0,51.1,130.0,0,0,11.300000000000011,67605.3,0.03859516616314199
8745,M23604,M,297.4,308.7,1798.0,23.0,135.0,0,0,11.300000000000011,41354.0,0.012784880489160644
8746,L55925,L,297.4,308.6,1411.0,46.3,138.0,0,0,11.200000000000045,65329.299999999996,0.032790368271954674
8747,L55926,L,297.3,308.5,1528.0,44.5,140.0,0,0,11.199999999999989,67996.0,0.029103989535644213
8748,L55927,L,297.3,308.5,1504.0,42.0,142.0,0,0,11.199999999999989,63168.0,0.027906976744186046
8749,L55928,L,297.3,308.5,1384.0,39.6,144.0,0,0,11.199999999999989,54806.4,0.028592057761732854
8750,L55929,L,297.2,308.4,1677.0,26.4,146.0,0,0,11.199999999999989,44272.799999999996,0.01573301549463647
8751,L55930,L,297.3,308.5,1764.0,30.8,148.0,0,0,11.199999999999989,54331.200000000004,0.01745042492917847
8752,M23611,M,297.4,308.5,1472.0,42.0,150.0,0,0,11.100000000000023,61824.0,0.028513238289205704
8753,M23612,M,297.4,308.5,1465.0,55.9,153.0,0,0,11.100000000000023,81893.5,0.038130968622100955
8754,M23613,M,297.4,308.6,1657.0,33.1,156.0,0,0,11.200000000000045,54846.700000000004,0.019963811821471653
8755,L55934,L,297.4,308.6,1635.0,30.5,159.0,0,0,11.200000000000045,49867.5,0.018643031784841075
8756,M23615,M,297.4,308.7,1582.0,31.9,161.0,0,0,11.300000000000011,50465.799999999996,0.020151610865445355
8757,L55936,L,297.5,308.7,1761.0,26.2,164.0,0,0,11.199999999999989,46138.2,0.014869466515323495
8758,L55937,L,297.5,308.8,1587.0,34.9,166.0,0,0,11.300000000000011,55386.299999999996,0.021977329974811083
8759,M23618,M,297.5,308.7,1446.0,53.0,168.0,0,0,11.199999999999989,76638.0,0.036627505183137524
8760,M23619,M,297.5,308.7,1352.0,53.0,171.0,0,0,11.199999999999989,71656.0,0.03917220990391722
8761,M23620,M,297.4,308.7,1392.0,46.4,174.0,0,0,11.300000000000011,64588.799999999996,0.03330940416367552
8762,L55941,L,297.5,308.8,1417.0,49.8,177.0,0,0,11.300000000000011,70566.59999999999,0.03511988716502115
8763,H38176,H,297.5,308.8,1824.0,24.0,179.0,0,0,11.300000000000011,43776.0,0.01315068493150685
8764,L55943,L,297.5,308.8,1603.0,36.7,184.0,0,0,11.300000000000011,58830.100000000006,0.022880299251870326
8765,L55944,L,297.4,308.8,1620.0,33.4,186.0,0,0,11.400000000000034,54108.0,0.020604565083281925
8766,L55945,L,297.4,308.8,1353.0,49.4,188.0,0,0,11.400000000000034,66838.2,0.03648449039881831
8767,L55946,L,297.5,308.8,1360.0,50.7,190.0,0,0,11.300000000000011,68952.0,0.03725202057310801
8768,L55947,L,297.5,308.6,1380.0,53.5,192.0,0,0,11.100000000000023,73830.0,0.0387400434467777
8769,M23628,M,297.5,308.7,1363.0,53.6,194.0,0,0,11.199999999999989,73056.8,0.03929618768328446
8770,M23629,M,297.4,308.6,1452.0,41.2,197.0,0,0,11.200000000000045,59822.4,0.028355127322780456
8771,L55950,L,297.4,308.6,1680.0,32.8,200.0,0,0,11.200000000000045,55103.99999999999,0.01951219512195122
8772,L55951,L,297.5,308.6,1536.0,39.0,202.0,0,0,11.100000000000023,59904.0,0.025374105400130124
8773,L55952,L,297.5,308.6,1621.0,28.9,108.0,0,0,11.100000000000023,46846.899999999994,0.01781750924784217
8774,L55953,L,297.5,308.6,1585.0,37.6,2.0,0,0,11.100000000000023,59596.0,0.023707440100882726
8775,M23634,M,297.6,308.7,1408.0,51.5,4.0,0,0,11.099999999999966,72512.0,0.036550745209368345
8776,H38189,H,297.5,308.6,1536.0,38.7,7.0,0,0,11.100000000000023,59443.200000000004,0.02517891997397528
8777,L55956,L,297.5,308.6,1352.0,52.6,12.0,0,0,11.100000000000023,71115.2,0.03887657058388766
8778,H38191,H,297.5,308.6,1481.0,38.8,14.0,0,0,11.100000000000023,57462.799999999996,0.026180836707152495
8779,L55958,L,297.5,308.7,1454.0,45.0,19.0,0,0,11.199999999999989,65430.0,0.030927835051546393
8780,M23639,M,297.5,308.6,1349.0,51.5,21.0,0,0,11.100000000000023,69473.5,0.038148148148148146
8781,M23640,M,297.5,308.6,1327.0,52.1,24.0,0,0,11.100000000000023,69136.7,0.03923192771084338
8782,L55961,L,297.6,308.7,1552.0,42.3,27.0,0,0,11.099999999999966,65649.59999999999,0.02723760463618802
8783,L55962,L,297.5,308.7,1456.0,44.7,29.0,0,0,11.199999999999989,65083.200000000004,0.03067947838023336
8784,M23643,M,297.6,308.6,1254.0,45.8,31.0,0,0,11.0,57433.2,0.036494023904382465
8785,L55964,L,297.5,308.6,1437.0,43.3,34.0,0,0,11.100000000000023,62222.1,0.03011126564673157
8786,L55965,L,297.5,308.6,1694.0,27.1,36.0,0,0,11.100000000000023,45907.4,0.015988200589970504
8787,L55966,L,297.5,308.5,1306.0,50.7,38.0,0,0,11.0,66214.2,0.0387911247130834
8788,M23647,M,297.5,308.5,1699.0,30.1,40.0,0,0,11.0,51139.9,0.01770588235294118
8789,L55968,L,297.4,308.5,1369.0,53.2,43.0,0,0,11.100000000000023,72830.8,0.03883211678832117
8790,L55969,L,297.4,308.5,1471.0,43.9,45.0,0,0,11.100000000000023,64576.9,0.02982336956521739
8791,L55970,L,297.4,308.5,1410.0,43.9,47.0,0,0,11.100000000000023,61899.0,0.031112686038270727
8792,M23651,M,297.4,308.5,1412.0,45.5,49.0,0,0,11.100000000000023,64246.0,0.032200990799716916
8793,L55972,L,297.4,308.5,1418.0,51.2,52.0,0,0,11.100000000000023,72601.6,0.036081747709654687
8794,L55973,L,297.4,308.5,1782.0,25.9,54.0,0,0,11.100000000000023,46153.799999999996,0.014526079641054401
8795,M23654,M,297.4,308.5,1497.0,36.4,56.0,0,0,11.100000000000023,54490.799999999996,0.024299065420560748
8796,L55975,L,297.3,308.4,1459.0,39.4,59.0,0,0,11.099999999999966,57484.6,0.026986301369863012
8797,L55976,L,297.2,308.3,1796.0,23.8,61.0,0,0,11.100000000000023,42744.8,0.013244296048970507
8798,L55977,L,297.2,308.3,1569.0,31.2,63.0,0,0,11.100000000000023,48952.799999999996,0.019872611464968153
8799,L55978,L,297.3,308.4,1469.0,46.7,65.0,0,0,11.099999999999966,68602.3,0.0317687074829932
8800,L55979,L,297.3,308.4,1472.0,41.3,67.0,0,0,11.099999999999966,60793.6,0.028038017651052273
8801,L55980,L,297.4,308.5,1475.0,47.2,69.0,0,0,11.100000000000023,69620.0,0.03197831978319783
8802,L55981,L,297.4,308.6,1488.0,36.4,71.0,0,0,11.200000000000045,54163.2,0.024445936870382805
8803,L55982,L,297.4,308.6,1524.0,43.1,73.0,0,0,11.200000000000045,65684.40000000001,0.028262295081967214
8804,L55983,L,297.4,308.5,1486.0,48.6,75.0,0,0,11.100000000000023,72219.6,0.03268325487558844
8805,M23664,M,297.5,308.6,1255.0,60.7,77.0,0,0,11.100000000000023,76178.5,0.04832802547770701
8806,M23665,M,297.4,308.6,1469.0,42.6,80.0,0,0,11.200000000000045,62579.4,0.028979591836734694
8807,L55986,L,297.4,308.5,1692.0,34.3,83.0,0,0,11.100000000000023,58035.6,0.020259893679858237
8808,M23667,M,297.4,308.6,1604.0,32.8,85.0,0,0,11.200000000000045,52611.2,0.020436137071651088
8809,L55988,L,297.4,308.6,1446.0,48.1,88.0,0,0,11.200000000000045,69552.6,0.03324118866620594
8810,L55989,L,297.3,308.5,1503.0,43.3,90.0,0,0,11.199999999999989,65079.899999999994,0.028789893617021275
8811,M23670,M,297.3,308.5,1625.0,32.8,92.0,0,0,11.199999999999989,53299.99999999999,0.020172201722017218
8812,L55991,L,297.2,308.5,1574.0,35.8,95.0,0,0,11.300000000000011,56349.2,0.02273015873015873
8813,M23672,M,297.2,308.4,1378.0,41.9,97.0,0,0,11.199999999999989,57738.2,0.030384336475707034
8814,L55993,L,297.1,308.4,1693.0,29.5,100.0,0,0,11.299999999999955,49943.5,0.01741440377804014
8815,L55994,L,297.2,308.4,1462.0,51.2,102.0,0,0,11.199999999999989,74854.40000000001,0.03499658236500342
8816,H38229,H,297.3,308.5,1435.0,55.0,104.0,0,0,11.199999999999989,78925.0,0.0383008356545961
8817,M23676,M,297.2,308.5,1425.0,45.8,109.0,0,0,11.300000000000011,65264.99999999999,0.032117812061711076
8818,H38231,H,297.3,308.6,1376.0,53.5,112.0,0,0,11.300000000000011,73616.0,0.038852578068264344
8819,M23678,M,297.4,308.7,1481.0,48.0,117.0,0,0,11.300000000000011,71088.0,0.032388663967611336
8820,H38233,H,297.4,308.7,1349.0,48.9,120.0,0,0,11.300000000000011,65966.09999999999,0.03622222222222222
8821,L56000,L,297.3,308.7,1551.0,40.0,125.0,0,0,11.399999999999977,62040.0,0.02577319587628866
8822,H38235,H,297.4,308.7,1623.0,33.8,127.0,0,0,11.300000000000011,54857.399999999994,0.020812807881773396
8823,L56002,L,297.4,308.8,1462.0,49.7,132.0,0,0,11.400000000000034,72661.40000000001,0.03397129186602871
8824,M23683,M,297.3,308.8,1447.0,57.4,134.0,0,0,11.5,83057.8,0.039640883977900554
8825,M23684,M,297.3,308.9,1799.0,24.5,137.0,0,0,11.599999999999966,44075.5,0.01361111111111111
8826,M23685,M,297.3,308.8,1548.0,41.3,140.0,0,0,11.5,63932.399999999994,0.026662362814719173
8827,M23686,M,297.2,308.8,1485.0,47.9,143.0,0,0,11.600000000000023,71131.5,0.032234185733512784
8828,L56007,L,297.2,308.7,1463.0,49.9,146.0,0,0,11.5,73003.7,0.034084699453551914
8829,L56008,L,297.3,308.7,1587.0,35.8,148.0,0,0,11.399999999999977,56814.6,0.022544080604534004
8830,M23689,M,297.3,308.8,1469.0,44.1,150.0,0,0,11.5,64782.9,0.030000000000000002
8831,H38244,H,297.3,308.7,1430.0,42.8,153.0,0,0,11.399999999999977,61203.99999999999,0.02990915443745632
8832,H38245,H,297.4,308.7,1726.0,26.8,158.0,0,0,11.300000000000011,46256.8,0.015518239722061379
8833,L56012,L,297.4,308.8,1651.0,34.1,163.0,0,0,11.400000000000034,56299.100000000006,0.020641646489104118
8834,L56013,L,297.4,308.8,1529.0,41.3,165.0,0,0,11.400000000000034,63147.7,0.02699346405228758
8835,L56014,L,297.4,308.8,1473.0,46.2,167.0,0,0,11.400000000000034,68052.6,0.03134328358208956
8836,H38249,H,297.4,308.8,1324.0,53.5,169.0,0,0,11.400000000000034,70834.0,0.040377358490566034
8837,L56016,L,297.4,308.9,1708.0,28.8,174.0,0,0,11.5,49190.4,0.016851960210649504
8838,M23697,M,297.5,309.1,1540.0,38.5,176.0,0,0,11.600000000000023,59290.0,0.02498377676833225
8839,L56018,L,297.5,309.0,1320.0,54.7,179.0,0,0,11.5,72204.0,0.04140802422407267
8840,M23699,M,297.4,308.9,1376.0,39.0,181.0,0,0,11.5,53664.0,0.02832244008714597
8841,M23700,M,297.3,308.7,1542.0,37.0,184.0,0,0,11.399999999999977,57054.0,0.023979261179520414
8842,L56021,L,297.3,308.7,1506.0,39.3,187.0,0,0,11.399999999999977,59185.799999999996,0.02607830126078301
8843,L56022,L,297.3,308.7,1492.0,43.6,189.0,0,0,11.399999999999977,65051.200000000004,0.029202947086403214
8844,H38257,H,297.3,308.8,1564.0,38.0,191.0,0,0,11.5,59432.0,0.02428115015974441
8845,H38258,H,297.4,308.9,1645.0,30.8,196.0,0,0,11.5,50666.0,0.018712029161603888
8846,M23705,M,297.4,308.9,1348.0,59.1,201.0,0,0,11.5,79666.8,0.043810229799851746
8847,M23706,M,297.4,308.8,1325.0,62.4,204.0,1,1,11.400000000000034,82680.0,0.047058823529411764
8848,L56027,L,297.5,308.9,1443.0,43.5,0.0,0,0,11.399999999999977,62770.5,0.03012465373961219
8849,M23708,M,297.5,308.9,1436.0,44.8,2.0,0,0,11.399999999999977,64332.799999999996,0.031176061238691717
8850,L56029,L,297.5,308.9,1596.0,30.7,5.0,0,0,11.399999999999977,48997.2,0.019223544145272387
8851,L56030,L,297.6,309.0,1491.0,43.2,7.0,0,0,11.399999999999977,64411.200000000004,0.0289544235924933
8852,M23711,M,297.7,308.9,1573.0,35.1,9.0,0,0,11.199999999999989,55212.3,0.022299872935196953
8853,L56032,L,297.7,308.9,1575.0,39.9,12.0,0,0,11.199999999999989,62842.5,0.02531725888324873
8854,L56033,L,297.7,308.9,1458.0,41.1,14.0,0,0,11.199999999999989,59923.8,0.028169979437971213
8855,M23714,M,297.7,309.0,1433.0,41.8,16.0,0,0,11.300000000000011,59899.399999999994,0.02914923291492329
8856,L56035,L,297.7,308.9,1662.0,28.1,19.0,0,0,11.199999999999989,46702.200000000004,0.01689717378232111
8857,M23716,M,297.7,308.9,1327.0,63.7,21.0,0,0,11.199999999999989,84529.90000000001,0.04796686746987952
8858,L56037,L,297.7,308.9,1742.0,26.3,24.0,0,0,11.199999999999989,45814.6,0.01508892713711991
8859,L56038,L,297.8,308.9,1506.0,33.5,26.0,0,0,11.099999999999966,50451.0,0.022229595222295954
8860,L56039,L,297.9,309.1,1457.0,44.4,28.0,0,0,11.200000000000045,64690.799999999996,0.03045267489711934
8861,M23720,M,297.9,309.1,1488.0,37.3,30.0,0,0,11.200000000000045,55502.399999999994,0.025050369375419743
8862,L56041,L,297.9,309.1,1619.0,34.7,33.0,0,0,11.200000000000045,56179.3,0.021419753086419756
8863,M23722,M,298.0,309.2,1558.0,41.7,35.0,0,0,11.199999999999989,64968.600000000006,0.026747915330339964
8864,L56043,L,298.0,309.2,1731.0,28.7,38.0,0,0,11.199999999999989,49679.7,0.01657043879907621
8865,M23724,M,298.0,309.1,1574.0,34.8,40.0,0,0,11.100000000000023,54775.2,0.022095238095238095
8866,L56045,L,297.9,309.0,1290.0,49.8,43.0,0,0,11.100000000000023,64241.99999999999,0.03857474825716498
8867,H38280,H,297.9,308.9,1416.0,39.6,45.0,0,0,11.0,56073.6,0.02794636556104446
8868,L56047,L,297.9,308.9,1566.0,41.9,50.0,0,0,11.0,65615.4,0.026738991703892788
8869,L56048,L,297.9,309.0,1456.0,46.5,52.0,0,0,11.100000000000023,67704.0,0.031914893617021274
8870,L56049,L,297.9,309.0,1528.0,37.5,54.0,0,0,11.100000000000023,57300.0,0.024525833878351864
8871,M23730,M,297.9,309.1,1338.0,49.6,56.0,0,0,11.200000000000045,66364.8,0.037042569081404034
8872,M23731,M,297.9,309.1,1558.0,39.2,59.0,0,0,11.200000000000045,61073.600000000006,0.025144323284156514
8873,M23732,M,297.9,309.1,1614.0,38.1,62.0,0,0,11.200000000000045,61493.4,0.023591331269349845
8874,H38287,H,298.0,309.1,1557.0,36.4,65.0,0,0,11.100000000000023,56674.799999999996,0.02336328626444159
8875,L56054,L,298.1,309.3,1443.0,45.3,70.0,0,0,11.199999999999989,65367.899999999994,0.03137119113573407
8876,H38289,H,298.1,309.3,1332.0,51.0,72.0,0,0,11.199999999999989,67932.0,0.03825956489122281
8877,M23736,M,298.1,309.3,1752.0,25.2,77.0,0,0,11.199999999999989,44150.4,0.014375356531660012
8878,M23737,M,298.1,309.2,1460.0,45.8,80.0,0,0,11.099999999999966,66868.0,0.031348391512662555
8879,L56058,L,298.1,309.2,1503.0,26.9,83.0,0,0,11.099999999999966,40430.7,0.01788563829787234
8880,L56059,L,298.0,309.2,1527.0,39.5,85.0,0,0,11.199999999999989,60316.5,0.025850785340314136
8881,L56060,L,298.0,309.2,1458.0,39.8,87.0,0,0,11.199999999999989,58028.399999999994,0.027278958190541464
8882,H38295,H,298.0,309.2,1520.0,37.9,89.0,0,0,11.199999999999989,57608.0,0.024917817225509533
8883,L56062,L,298.0,309.2,1378.0,49.7,94.0,0,0,11.199999999999989,68486.6,0.03604060913705584
8884,M23743,M,297.9,309.2,1529.0,38.1,96.0,0,0,11.300000000000011,58254.9,0.024901960784313726
8885,L56064,L,298.0,310.1,1527.0,32.4,99.0,0,0,12.100000000000023,49474.799999999996,0.021204188481675393
8886,M23745,M,298.0,309.2,1438.0,42.9,101.0,0,0,11.199999999999989,61690.2,0.029812369701181375
8887,L56066,L,297.9,309.0,1583.0,36.7,104.0,0,0,11.100000000000023,58096.100000000006,0.023169191919191923
8888,L56067,L,297.8,308.9,1530.0,37.6,106.0,0,0,11.099999999999966,57528.0,0.024559111691704768
8889,M23748,M,297.7,308.9,1530.0,39.1,108.0,0,0,11.199999999999989,59823.0,0.025538863487916397
8890,M23749,M,297.7,308.8,2089.0,19.1,111.0,0,0,11.100000000000023,39899.9,0.009138755980861245
8891,L56070,L,297.7,308.8,1616.0,34.2,114.0,0,0,11.100000000000023,55267.200000000004,0.021150278293135438
8892,M23751,M,297.7,308.9,1681.0,28.3,116.0,0,0,11.199999999999989,47572.3,0.016825208085612366
8893,L56072,L,297.6,308.8,1475.0,43.0,119.0,0,0,11.199999999999989,63425.0,0.029132791327913278
8894,L56073,L,297.5,308.7,1371.0,46.5,121.0,0,0,11.199999999999989,63751.5,0.03389212827988338
8895,M23754,M,297.5,308.7,1546.0,38.0,123.0,0,0,11.199999999999989,58748.0,0.02456367162249515
8896,H38309,H,297.4,308.6,1461.0,40.1,126.0,0,0,11.200000000000045,58586.1,0.027428180574555403
8897,L56076,L,297.4,308.7,1638.0,31.9,131.0,0,0,11.300000000000011,52252.2,0.019463087248322148
8898,M23757,M,297.3,308.7,1577.0,35.6,133.0,0,0,11.399999999999977,56141.200000000004,0.022560202788339673
8899,L56078,L,297.4,308.6,1532.0,38.7,136.0,0,0,11.200000000000045,59288.4,0.025244618395303328
8900,M23759,M,297.3,308.5,1710.0,27.7,138.0,0,0,11.199999999999989,47367.0,0.01618936294564582
8901,M23760,M,297.3,308.6,1584.0,29.4,141.0,0,0,11.300000000000011,46569.6,0.018548895899053626
8902,L56081,L,297.3,308.6,1446.0,50.1,144.0,0,0,11.300000000000011,72444.6,0.03462335867311679
8903,H38316,H,297.4,308.7,1522.0,46.3,146.0,0,0,11.300000000000011,70468.59999999999,0.030400525279054496
8904,M23763,M,297.4,308.7,1382.0,49.9,151.0,0,0,11.300000000000011,68961.8,0.03608098336948662
8905,L56084,L,297.4,308.7,1584.0,38.2,154.0,0,0,11.300000000000011,60508.8,0.02410094637223975
8906,L56085,L,297.3,308.6,1385.0,55.2,156.0,0,0,11.300000000000011,76452.0,0.03982683982683983
8907,L56086,L,297.3,308.7,1592.0,34.4,158.0,0,0,11.399999999999977,54764.799999999996,0.021594475831763965
8908,M23767,M,297.2,308.6,1404.0,43.7,160.0,0,0,11.400000000000034,61354.8,0.03110320284697509
8909,L56088,L,297.2,308.5,1518.0,44.3,163.0,0,0,11.300000000000011,67247.4,0.029163923633969715
8910,L56089,L,297.1,308.4,1529.0,40.4,165.0,0,0,11.299999999999955,61771.6,0.026405228758169932
8911,L56090,L,297.1,308.4,1550.0,37.0,167.0,0,0,11.299999999999955,57350.0,0.02385557704706641
8912,L56091,L,297.1,308.3,1773.0,23.8,169.0,0,0,11.199999999999989,42197.4,0.013416009019165728
8913,L56092,L,297.2,308.5,1446.0,43.7,171.0,0,0,11.300000000000011,63190.200000000004,0.030200414651002074
8914,M23773,M,297.2,308.5,1487.0,46.9,173.0,0,0,11.300000000000011,69740.3,0.031518817204301074
8915,M23774,M,297.3,308.5,1524.0,49.3,176.0,0,0,11.199999999999989,75133.2,0.032327868852459016
8916,L56095,L,297.1,308.3,1403.0,54.1,179.0,0,0,11.199999999999989,75902.3,0.03853276353276353
8917,L56096,L,297.1,308.2,2267.0,15.7,181.0,0,0,11.099999999999966,35591.9,0.0069223985890652555
8918,M23777,M,297.1,308.2,1529.0,37.9,183.0,0,0,11.099999999999966,57949.1,0.02477124183006536
8919,L56098,L,297.1,308.2,1402.0,51.2,186.0,0,0,11.099999999999966,71782.40000000001,0.03649322879543835
8920,L56099,L,297.2,308.3,1693.0,28.0,188.0,0,0,11.100000000000023,47404.0,0.01652892561983471
8921,L56100,L,297.1,308.3,1496.0,45.8,190.0,0,0,11.199999999999989,68516.8,0.03059452237808951
8922,L56101,L,297.1,308.1,1633.0,33.3,192.0,0,0,11.0,54378.899999999994,0.020379436964504283
8923,L56102,L,297.1,308.2,1399.0,42.6,194.0,0,0,11.099999999999966,59597.4,0.03042857142857143
8924,M23783,M,297.0,308.1,1363.0,45.3,196.0,0,0,11.100000000000023,61743.899999999994,0.03321114369501466
8925,H38338,H,297.1,308.2,1527.0,42.2,199.0,0,0,11.099999999999966,64439.4,0.02761780104712042
8926,M23785,M,297.2,308.2,1405.0,42.5,204.0,0,0,11.0,59712.5,0.030227596017069702
8927,M23786,M,297.3,308.3,1459.0,59.6,207.0,1,0,11.0,86956.40000000001,0.04082191780821918
8928,M23787,M,297.4,308.4,1789.0,25.0,210.0,0,0,11.0,44725.0,0.013966480446927373
8929,L56108,L,297.4,308.4,1531.0,41.5,213.0,0,0,11.0,63536.5,0.027088772845953003
8930,M23789,M,297.4,308.4,1620.0,35.8,108.0,0,0,11.0,57995.99999999999,0.022085132634176434
8931,L56110,L,297.4,308.4,1571.0,39.4,0.0,0,0,11.0,61897.399999999994,0.02506361323155216
8932,L56111,L,297.4,308.4,1434.0,39.9,2.0,0,0,11.0,57216.6,0.027804878048780488
8933,L56112,L,297.4,308.4,1474.0,43.6,4.0,0,0,11.0,64266.4,0.029559322033898307
8934,M23793,M,297.3,308.3,1544.0,41.7,6.0,0,0,11.0,64384.8,0.026990291262135924
8935,L56114,L,297.3,308.2,1601.0,35.7,9.0,0,0,10.899999999999977,57155.700000000004,0.022284644194756557
8936,L56115,L,297.4,308.3,1801.0,26.9,11.0,0,0,10.900000000000034,48446.899999999994,0.01492785793562708
8937,L56116,L,297.4,308.3,1465.0,42.0,13.0,0,0,10.900000000000034,61530.0,0.0286493860845839
8938,M23797,M,297.4,308.4,1340.0,52.6,15.0,0,0,11.0,70484.0,0.03922445935868755
8939,M23798,M,297.4,308.4,1517.0,41.0,18.0,0,0,11.0,62197.0,0.027009222661396576
8940,M23799,M,297.3,308.4,1434.0,44.8,21.0,0,0,11.099999999999966,64243.2,0.031219512195121948
8941,H38354,H,297.3,308.3,1935.0,19.3,24.0,0,0,11.0,37345.5,0.00996900826446281
8942,M23801,M,297.3,308.3,1595.0,32.2,29.0,0,0,11.0,51359.00000000001,0.02017543859649123
8943,L56122,L,297.3,308.3,2188.0,17.0,32.0,0,0,11.0,37196.0,0.0077661032434901784
8944,M23803,M,297.3,308.4,1449.0,44.4,34.0,0,0,11.099999999999966,64335.6,0.030620689655172412
8945,L56124,L,297.3,308.3,1471.0,38.2,37.0,0,0,11.0,56192.200000000004,0.025951086956521742
8946,L56125,L,297.4,308.2,1639.0,33.8,39.0,0,0,10.800000000000011,55398.2,0.020609756097560973
8947,M23806,M,297.3,308.2,1846.0,24.5,41.0,0,0,10.899999999999977,45227.0,0.013264753654574987
8948,M23807,M,297.3,308.2,1452.0,38.2,44.0,0,0,10.899999999999977,55466.4,0.02629043358568479
8949,M23808,M,297.4,308.3,1483.0,41.9,47.0,0,0,10.900000000000034,62137.7,0.028234501347708895
8950,L56129,L,297.4,308.3,1284.0,60.3,50.0,0,0,10.900000000000034,77425.2,0.04692607003891051
8951,L56130,L,297.4,308.2,1419.0,50.0,52.0,0,0,10.800000000000011,70950.0,0.035211267605633804
8952,L56131,L,297.3,308.1,1763.0,28.4,54.0,0,0,10.800000000000011,50069.2,0.016099773242630386
8953,M23812,M,297.2,308.0,1478.0,42.5,56.0,0,0,10.800000000000011,62815.0,0.028735632183908046
8954,L56133,L,297.3,308.0,1518.0,36.0,59.0,0,0,10.699999999999989,54648.0,0.02369980250164582
8955,L56134,L,297.3,308.0,1447.0,49.0,61.0,0,0,10.699999999999989,70903.0,0.03383977900552486
8956,M23815,M,297.4,308.0,1355.0,55.1,63.0,0,0,10.600000000000023,74660.5,0.04063421828908555
8957,L56136,L,297.4,308.1,1348.0,57.4,66.0,0,0,10.700000000000045,77375.2,0.042550037064492216
8958,L56137,L,297.4,308.1,1348.0,53.7,68.0,0,0,10.700000000000045,72387.6,0.039807264640474425
8959,M23818,M,297.4,308.1,1734.0,27.7,70.0,0,0,10.700000000000045,48031.799999999996,0.015965417867435158
8960,L56139,L,297.3,308.0,1420.0,46.5,73.0,0,0,10.699999999999989,66030.0,0.032723434201266714
8961,L56140,L,297.3,307.9,1797.0,24.7,75.0,0,0,10.599999999999966,44385.9,0.013737486095661847
8962,M23821,M,297.3,308.0,1403.0,45.0,77.0,0,0,10.699999999999989,63135.0,0.03205128205128205
8963,L56142,H,297.3,307.9,1628.0,30.2,80.0,0,0,10.599999999999966,49165.6,0.018538980969920196
8964,M23823,M,297.2,307.9,1687.0,30.4,82.0,0,0,10.699999999999989,51284.799999999996,0.01800947867298578
8965,M23824,M,297.2,307.9,1456.0,44.9,85.0,0,0,10.699999999999989,65374.4,0.030816746739876458
8966,L56145,L,297.1,307.9,1496.0,44.7,88.0,0,0,10.799999999999955,66871.2,0.029859719438877757
8967,L56146,L,297.1,307.8,1636.0,30.3,90.0,0,0,10.699999999999989,49570.8,0.018509468540012217
8968,L56147,L,297.1,307.8,1536.0,40.4,92.0,0,0,10.699999999999989,62054.399999999994,0.026284970722186076
8969,L56148,L,297.1,307.8,1454.0,50.6,94.0,0,0,10.699999999999989,73572.40000000001,0.0347766323024055
8970,L56149,L,297.0,307.8,1396.0,50.0,96.0,0,0,10.800000000000011,69800.0,0.03579098067287044
8971,L56150,L,297.0,307.6,1575.0,37.4,98.0,0,0,10.600000000000023,58905.0,0.023730964467005074
8972,L56151,L,296.9,307.6,1514.0,35.7,100.0,0,0,10.700000000000045,54049.8,0.023564356435643568
8973,M23832,M,300.1,307.4,1455.0,49.9,102.0,0,0,7.2999999999999545,72604.5,0.03427197802197802
8974,L56153,L,296.8,307.4,1549.0,48.3,105.0,0,0,10.599999999999966,74816.7,0.031161290322580644
8975,L56154,L,296.8,307.5,1474.0,42.4,107.0,0,0,10.699999999999989,62497.6,0.028745762711864405
8976,H38389,H,296.7,307.4,1661.0,34.2,109.0,0,0,10.699999999999989,56806.200000000004,0.020577617328519857
8977,L56156,L,296.7,307.4,1535.0,34.6,114.0,0,0,10.699999999999989,53111.0,0.022526041666666666
8978,M23837,M,296.9,307.5,1556.0,31.2,116.0,0,0,10.600000000000023,48547.2,0.02003853564547206
8979,L56158,L,296.9,307.6,1435.0,45.0,119.0,0,0,10.700000000000045,64575.0,0.031337047353760444
8980,M23839,M,296.9,307.5,1332.0,51.1,121.0,0,0,10.600000000000023,68065.2,0.038334583645911476
8981,L56160,L,297.0,307.6,1513.0,42.4,124.0,0,0,10.600000000000023,64151.2,0.028005284015852047
8982,L56161,L,297.0,307.7,1502.0,39.4,126.0,0,0,10.699999999999989,59178.799999999996,0.026214238190286093
8983,L56162,L,297.0,307.7,1315.0,60.1,128.0,0,0,10.699999999999989,79031.5,0.04566869300911854
8984,M23843,M,297.0,307.7,1261.0,51.1,130.0,0,0,10.699999999999989,64437.1,0.04049128367670365
8985,L56164,L,297.1,307.8,1406.0,60.4,133.0,0,0,10.699999999999989,84922.4,0.04292821606254442
8986,L56165,L,297.1,307.8,1584.0,42.3,135.0,0,0,10.699999999999989,67003.2,0.02668769716088328
8987,M23846,M,297.1,307.8,1443.0,43.9,137.0,0,0,10.699999999999989,63347.7,0.030401662049861496
8988,L56167,L,297.2,307.9,1580.0,35.8,140.0,0,0,10.699999999999989,56563.99999999999,0.02264389626818469
8989,L56168,L,297.2,307.9,1825.0,24.6,142.0,0,0,10.699999999999989,44895.0,0.013472070098576124
8990,L56169,L,297.2,307.9,1469.0,48.2,144.0,0,0,10.699999999999989,70805.8,0.032789115646258506
8991,L56170,L,297.2,307.9,1493.0,38.4,146.0,0,0,10.699999999999989,57331.2,0.025702811244979917
8992,M23851,M,297.3,308.0,1598.0,29.4,148.0,0,0,10.699999999999989,46981.2,0.018386491557223262
8993,H38406,H,297.2,307.9,1450.0,37.2,151.0,0,0,10.699999999999989,53940.00000000001,0.02563749138525155
8994,M23853,M,297.2,307.9,1632.0,37.5,156.0,0,0,10.699999999999989,61200.0,0.02296387017758726
8995,M23854,M,297.1,307.9,1980.0,20.3,159.0,0,0,10.799999999999955,40194.0,0.010247349823321554
8996,L56175,L,297.2,308.0,1474.0,43.7,162.0,0,0,10.800000000000011,64413.8,0.0296271186440678
8997,L56176,L,297.2,307.9,1540.0,37.1,164.0,0,0,10.699999999999989,57134.0,0.02407527579493835
8998,M23857,M,297.1,307.9,1609.0,38.9,166.0,0,0,10.799999999999955,62590.1,0.024161490683229814
8999,L56178,L,297.1,308.0,1467.0,42.8,169.0,0,0,10.899999999999977,62787.6,0.029155313351498634
9000,L56179,L,297.1,307.9,1492.0,39.4,171.0,0,0,10.799999999999955,58784.799999999996,0.02638981915606162
9001,L56180,L,297.0,307.9,1493.0,46.1,173.0,0,0,10.899999999999977,68827.3,0.030856760374832665
9002,L56181,L,297.0,307.8,1500.0,39.9,175.0,0,0,10.800000000000011,59850.0,0.026582278481012658
9003,L56182,L,297.1,307.8,1477.0,36.6,177.0,0,0,10.699999999999989,54058.200000000004,0.02476319350473613
9004,L56183,L,297.1,307.9,1342.0,49.1,179.0,0,0,10.799999999999955,65892.2,0.03655994043186895
9005,M23864,M,297.1,307.8,1538.0,34.3,181.0,0,0,10.699999999999989,52753.399999999994,0.022287199480181933
9006,L56185,L,297.2,307.9,1337.0,58.1,184.0,0,0,10.699999999999989,77679.7,0.04342301943198804
9007,L56186,L,297.3,307.9,1417.0,41.8,186.0,0,0,10.599999999999966,59230.6,0.02947813822284908
9008,L56187,L,297.4,308.0,1383.0,46.2,188.0,0,0,10.600000000000023,63894.600000000006,0.033381502890173415
9009,M23868,M,297.4,308.0,1440.0,42.4,190.0,0,0,10.600000000000023,61056.0,0.029424011103400417
9010,L56189,L,297.3,307.9,1579.0,34.4,193.0,0,0,10.599999999999966,54317.6,0.021772151898734177
9011,L56190,L,297.2,307.9,1441.0,40.0,195.0,0,0,10.699999999999989,57640.0,0.027739251040221916
9012,M23871,M,297.2,307.9,1530.0,35.9,197.0,0,0,10.699999999999989,54927.0,0.023448726322664926
9013,L56192,L,297.2,308.0,1705.0,26.0,200.0,0,0,10.800000000000011,44330.0,0.015240328253223915
9014,H38427,H,297.2,308.0,1435.0,43.0,202.0,0,0,10.800000000000011,61705.0,0.029944289693593314
9015,M23874,M,297.2,308.1,1340.0,61.3,207.0,1,0,10.900000000000034,82142.0,0.04571215510812826
9016,L56195,L,297.2,308.1,1431.0,49.7,210.0,1,0,10.900000000000034,71120.7,0.03470670391061453
9017,L56196,L,297.3,308.2,1396.0,52.7,212.0,1,0,10.899999999999977,73569.2,0.03772369362920544
9018,M23877,M,297.3,308.1,1369.0,52.0,214.0,0,0,10.800000000000011,71188.0,0.03795620437956204
9019,L56198,L,297.3,308.1,1615.0,35.4,217.0,1,1,10.800000000000011,57171.0,0.021905940594059405
9020,L56199,L,297.2,308.1,1662.0,31.3,0.0,0,0,10.900000000000034,52020.6,0.018821407095610344
9021,L56200,L,297.3,308.2,1553.0,33.5,2.0,0,0,10.899999999999977,52025.5,0.021557271557271558
9022,M23881,M,297.4,308.2,1536.0,34.6,4.0,0,0,10.800000000000011,53145.600000000006,0.0225113858165257
9023,L56202,L,297.4,308.3,1548.0,46.6,7.0,0,0,10.900000000000034,72136.8,0.030083925112976116
9024,L56203,L,297.4,308.3,1706.0,30.9,9.0,0,0,10.900000000000034,52715.399999999994,0.018101933216168715
9025,L56204,L,297.4,308.3,1366.0,45.5,11.0,0,0,10.900000000000034,62153.0,0.03328456474030724
9026,L56205,L,297.5,308.4,1440.0,35.9,13.0,0,0,10.899999999999977,51696.0,0.02491325468424705
9027,M23886,M,297.5,308.4,1685.0,28.1,15.0,0,0,10.899999999999977,47348.5,0.016666666666666666
9028,M23887,M,297.4,308.3,1444.0,44.0,18.0,0,0,10.900000000000034,63536.0,0.03044982698961938
9029,L56208,L,297.4,308.3,1395.0,48.7,21.0,0,0,10.900000000000034,67936.5,0.03488538681948424
9030,L56209,L,297.4,308.3,1483.0,38.8,23.0,0,0,10.900000000000034,57540.399999999994,0.0261455525606469
9031,M23890,M,297.5,308.4,1403.0,44.3,25.0,0,0,10.899999999999977,62152.899999999994,0.031552706552706554
9032,H38445,H,297.5,308.4,1793.0,23.9,28.0,0,0,10.899999999999977,42852.7,0.013322185061315495
9033,L56212,L,297.4,308.3,1723.0,28.8,33.0,0,0,10.900000000000034,49622.4,0.016705336426914155
9034,L56213,L,297.4,308.2,1386.0,41.0,35.0,0,0,10.800000000000011,56826.0,0.029560201874549386
9035,H38448,H,297.4,308.2,1585.0,46.2,37.0,0,0,10.800000000000011,73227.0,0.02912988650693569
9036,M23895,M,297.3,308.1,1731.0,27.7,42.0,0,0,10.800000000000011,47948.7,0.015993071593533487
9037,L56216,L,297.3,308.3,1519.0,37.7,45.0,0,0,11.0,57266.3,0.02480263157894737
9038,L56217,L,297.3,308.2,1896.0,24.4,47.0,0,0,10.899999999999977,46262.399999999994,0.012862414338429098
9039,L56218,L,297.3,308.3,2358.0,14.9,49.0,0,0,11.0,35134.200000000004,0.0063162356930902925
9040,M23899,M,297.3,308.3,1341.0,51.9,51.0,0,0,11.0,69597.9,0.03867362146050671
9041,L56220,L,297.3,308.3,1550.0,37.0,54.0,0,0,11.0,57350.0,0.02385557704706641
9042,L56221,L,297.3,308.3,1309.0,61.5,56.0,0,0,11.0,80503.5,0.046946564885496186
9043,M23902,M,297.3,308.4,1599.0,32.9,58.0,0,0,11.099999999999966,52607.1,0.020562499999999997
9044,L56223,L,297.4,308.4,1343.0,40.0,61.0,0,0,11.0,53720.0,0.02976190476190476
9045,L56224,L,297.4,308.4,1378.0,39.9,63.0,0,0,11.0,54982.2,0.028934010152284265
9046,L56225,L,297.4,308.4,1603.0,34.6,65.0,0,0,11.0,55463.8,0.021571072319201995
9047,L56226,L,297.4,308.4,1664.0,28.1,67.0,0,0,11.0,46758.4,0.01687687687687688
9048,L56227,L,297.3,308.4,1488.0,37.4,69.0,0,0,11.099999999999966,55651.2,0.02511752854264607
9049,M23908,M,297.3,308.4,1370.0,50.5,71.0,0,0,11.099999999999966,69185.0,0.03683442742523705
9050,L56229,L,297.3,308.5,1545.0,34.3,74.0,0,0,11.199999999999989,52993.49999999999,0.022186287192755495
9051,M23910,M,297.4,308.5,1566.0,31.4,76.0,0,0,11.100000000000023,49172.399999999994,0.0200382897255903
9052,L56231,L,297.4,308.6,1820.0,24.6,79.0,0,0,11.200000000000045,44772.0,0.013509060955518947
9053,M23912,M,297.4,308.6,1901.0,22.1,81.0,0,0,11.200000000000045,42012.100000000006,0.011619348054679285
9054,M23913,M,297.4,308.5,1638.0,32.2,84.0,0,0,11.100000000000023,52743.600000000006,0.019646125686394143
9055,M23914,M,297.3,308.4,1521.0,38.2,87.0,0,0,11.099999999999966,58102.200000000004,0.025098554533508545
9056,H38469,H,297.3,308.4,1864.0,23.1,90.0,0,0,11.099999999999966,43058.4,0.012386058981233244
9057,L56236,L,297.3,308.3,1430.0,41.9,95.0,0,0,11.0,59917.0,0.02928022361984626
9058,M23917,M,297.3,308.4,1686.0,34.5,97.0,0,0,11.099999999999966,58167.0,0.02045050385299348
9059,M23918,M,297.2,308.3,1326.0,57.2,100.0,0,0,11.100000000000023,75847.2,0.04310474755086662
9060,L56239,L,297.2,308.3,1805.0,25.6,103.0,0,0,11.100000000000023,46208.0,0.014174972314507199
9061,H38474,H,297.2,308.3,1453.0,45.8,105.0,0,0,11.100000000000023,66547.4,0.03149931224209078
9062,M23921,M,297.2,308.4,1863.0,26.0,110.0,0,0,11.199999999999989,48438.0,0.013948497854077254
9063,L56242,L,297.2,308.3,1576.0,35.3,113.0,0,0,11.100000000000023,55632.799999999996,0.022384273937856688
9064,L56243,L,297.2,308.3,1419.0,39.7,115.0,0,0,11.100000000000023,56334.3,0.027957746478873242
9065,L56244,L,297.2,308.4,1833.0,25.2,117.0,0,0,11.199999999999989,46191.6,0.013740458015267175
9066,H38479,H,297.2,308.4,2182.0,17.3,119.0,0,0,11.199999999999989,37748.6,0.007924874026568942
9067,L56246,L,297.2,308.3,1656.0,30.3,124.0,0,0,11.100000000000023,50176.8,0.01828605914302957
9068,L56247,L,297.1,308.2,1351.0,56.6,126.0,0,0,11.099999999999966,76466.6,0.04186390532544379
9069,H38482,H,297.1,308.2,1790.0,30.3,128.0,0,0,11.099999999999966,54237.0,0.0169179229480737
9070,M23929,M,297.2,308.2,1678.0,28.1,133.0,0,0,11.0,47151.8,0.016736152471709353
9071,L56250,L,297.1,308.2,1427.0,45.2,136.0,0,0,11.099999999999966,64500.4,0.03165266106442577
9072,L56251,L,297.0,308.1,1429.0,54.0,138.0,0,0,11.100000000000023,77166.0,0.03776223776223776
9073,H38486,H,297.2,308.1,1770.0,27.2,140.0,0,0,10.900000000000034,48144.0,0.015358554488989271
9074,L56253,L,297.2,308.1,1689.0,31.2,145.0,0,0,10.900000000000034,52696.799999999996,0.01846153846153846
9075,M23934,M,297.2,308.1,1554.0,41.3,147.0,0,0,10.900000000000034,64180.2,0.02655948553054662
9076,L56255,L,297.3,308.1,1506.0,36.0,150.0,0,0,10.800000000000011,54216.0,0.023888520238885203
9077,L56256,L,297.2,308.1,1474.0,44.3,152.0,0,0,10.900000000000034,65298.2,0.030033898305084746
9078,L56257,L,297.3,308.1,1762.0,26.1,154.0,0,0,10.800000000000011,45988.200000000004,0.014804310833806013
9079,L56258,L,297.3,308.1,1566.0,35.7,156.0,0,0,10.800000000000011,55906.200000000004,0.022782386726228464
9080,H38493,H,297.3,308.1,1554.0,42.4,158.0,0,0,10.800000000000011,65889.59999999999,0.027266881028938907
9081,L56260,L,297.2,308.0,1869.0,25.4,163.0,0,0,10.800000000000011,47472.6,0.013582887700534759
9082,L56261,L,297.3,308.0,1527.0,35.1,165.0,0,0,10.699999999999989,53597.700000000004,0.022971204188481677
9083,L56262,L,297.2,307.9,1309.0,49.6,167.0,0,0,10.699999999999989,64926.4,0.03786259541984733
9084,M23943,M,297.2,307.9,1541.0,35.7,169.0,0,0,10.699999999999989,55013.700000000004,0.023151750972762647
9085,L56264,L,297.2,307.9,1326.0,75.4,172.0,1,0,10.699999999999989,99980.40000000001,0.056819894498869636
9086,H38499,H,297.1,307.9,1365.0,54.0,174.0,0,0,10.799999999999955,73710.0,0.03953147877013177
9087,L56266,L,297.1,307.8,1428.0,43.7,179.0,0,0,10.699999999999989,62403.600000000006,0.030580825752274318
9088,L56267,L,297.1,307.8,1681.0,27.6,181.0,0,0,10.699999999999989,46395.600000000006,0.016409036860879907
9089,M23948,M,297.1,307.9,1662.0,26.9,183.0,0,0,10.799999999999955,44707.799999999996,0.016175586289837642
9090,L56269,L,297.2,307.9,1989.0,20.3,186.0,0,0,10.699999999999989,40376.700000000004,0.010201005025125628
9091,M23950,M,297.2,307.9,1747.0,29.0,188.0,0,0,10.699999999999989,50663.0,0.016590389016018305
9092,M23951,M,297.2,308.0,1765.0,31.1,191.0,0,0,10.800000000000011,54891.5,0.017610419026047566
9093,L56272,H,297.3,308.1,1568.0,34.4,194.0,0,0,10.800000000000011,53939.2,0.021924792861695346
9094,M23953,M,297.3,308.1,1709.0,30.6,196.0,0,0,10.800000000000011,52295.4,0.017894736842105265
9095,M23954,M,297.3,308.1,1370.0,58.8,199.0,0,0,10.800000000000011,80556.0,0.04288840262582057
9096,L56275,L,297.3,308.1,1458.0,45.7,202.0,0,0,10.800000000000011,66630.6,0.031322823851953396
9097,L56276,L,297.2,308.1,1712.0,30.9,204.0,0,0,10.900000000000034,52900.799999999996,0.018038528896672505
9098,L56277,L,297.3,308.1,1642.0,36.9,206.0,0,0,10.800000000000011,60589.799999999996,0.02245891661594644
9099,L56278,L,297.3,308.1,1468.0,49.8,0.0,0,0,10.800000000000011,73106.4,0.03390061266167461
9100,H38513,H,297.3,308.1,1477.0,52.3,2.0,0,0,10.800000000000011,77247.09999999999,0.03538565629228687
9101,L56280,L,297.3,308.2,1446.0,53.5,7.0,0,0,10.899999999999977,77361.0,0.036973047684865236
9102,H38515,H,297.3,308.2,1653.0,31.4,9.0,0,0,10.899999999999977,51904.2,0.01898428053204353
9103,L56282,L,297.3,308.3,1494.0,38.2,14.0,0,0,11.0,57070.8,0.025551839464882944
9104,L56283,L,297.3,308.2,1490.0,41.0,16.0,0,0,10.899999999999977,61090.0,0.02749832327297116
9105,M23964,M,297.4,308.3,1550.0,47.8,18.0,0,0,10.900000000000034,74090.0,0.03081882656350741
9106,M23965,M,297.3,308.2,1677.0,34.9,21.0,0,0,10.899999999999977,58527.299999999996,0.02079856972586412
9107,L56286,L,297.4,308.3,1854.0,21.8,24.0,0,0,10.900000000000034,40417.200000000004,0.011752021563342319
9108,M23967,M,297.5,308.5,1662.0,30.3,26.0,0,0,11.0,50358.6,0.018220084185207458
9109,M23968,M,297.5,308.6,1440.0,38.8,29.0,0,0,11.100000000000023,55871.99999999999,0.026925746009715472
9110,L56289,L,297.5,308.6,1513.0,39.7,32.0,0,0,11.100000000000023,60066.100000000006,0.026221928665785998
9111,M23970,M,297.6,308.6,1389.0,49.0,34.0,0,0,11.0,68061.0,0.03525179856115108
9112,L56291,L,297.6,308.6,1351.0,51.0,37.0,0,0,11.0,68901.0,0.03772189349112426
9113,M23972,M,297.6,308.6,1482.0,38.3,39.0,0,0,11.0,56760.6,0.025826028320971004
9114,L56293,L,297.6,308.6,1744.0,28.5,42.0,0,0,11.0,49704.0,0.016332378223495703
9115,L56294,L,297.6,308.7,1476.0,39.0,44.0,0,0,11.099999999999966,57564.0,0.026404874746106973
9116,M23975,M,297.6,308.6,1444.0,48.2,46.0,0,0,11.0,69600.8,0.033356401384083044
9117,H38530,H,297.6,308.7,1659.0,32.1,49.0,0,0,11.099999999999966,53253.9,0.019337349397590364
9118,M23977,M,297.6,308.7,1475.0,46.6,54.0,0,0,11.099999999999966,68735.0,0.03157181571815718
9119,L56298,L,297.6,308.6,1526.0,42.1,57.0,0,0,11.0,64244.6,0.027570399476096925
9120,M23979,M,297.4,308.4,1675.0,29.5,59.0,0,0,11.0,49412.5,0.017601431980906922
9121,L56300,L,297.4,308.4,1525.0,38.7,62.0,0,0,11.0,59017.50000000001,0.025360419397116647
9122,L56301,L,297.3,308.3,1396.0,45.9,64.0,0,0,11.0,64076.4,0.03285612025769506
9123,L56302,L,297.4,308.4,1580.0,41.2,66.0,0,0,11.0,65096.00000000001,0.02605945604048071
9124,L56303,L,297.4,308.5,1462.0,42.8,68.0,0,0,11.100000000000023,62573.6,0.029254955570745044
9125,L56304,L,297.4,308.4,1426.0,50.4,70.0,0,0,11.0,71870.4,0.03531885073580939
9126,L56305,L,297.4,308.5,1569.0,34.2,72.0,0,0,11.100000000000023,53659.8,0.021783439490445863
9127,L56306,L,297.4,308.5,1477.0,40.7,74.0,0,0,11.100000000000023,60113.9,0.027537212449255753
9128,L56307,L,297.4,308.5,1761.0,27.2,76.0,0,0,11.100000000000023,47899.2,0.015437003405221339
9129,M23988,M,297.5,308.6,1486.0,45.9,78.0,0,0,11.100000000000023,68207.4,0.030867518493611298
9130,L56309,L,297.6,308.6,1664.0,30.1,81.0,0,0,11.0,50086.4,0.01807807807807808
9131,L56310,L,297.6,308.6,1576.0,32.7,83.0,0,0,11.0,51535.200000000004,0.020735573874445152
9132,H38545,H,297.6,308.6,1463.0,46.7,85.0,0,0,11.0,68322.1,0.03189890710382514
9133,M23992,M,297.6,308.6,1585.0,42.0,90.0,0,0,11.0,66570.0,0.02648171500630517
9134,L56313,L,297.7,308.7,1479.0,45.7,93.0,0,0,11.0,67590.3,0.03087837837837838
9135,L56314,L,297.7,308.7,1449.0,40.2,95.0,0,0,11.0,58249.8,0.027724137931034485
9136,H38549,H,297.7,308.8,1404.0,50.3,97.0,0,0,11.100000000000023,70621.2,0.03580071174377224
9137,L56316,L,297.7,308.7,1694.0,29.1,102.0,0,0,11.0,49295.4,0.017168141592920357
9138,L56317,L,297.7,308.7,1731.0,28.4,104.0,0,0,11.0,49160.399999999994,0.016397228637413393
9139,L56318,L,297.6,308.6,1522.0,37.0,106.0,0,0,11.0,56314.0,0.024294156270518712
9140,L56319,L,297.5,308.5,1536.0,36.9,108.0,0,0,11.0,56678.399999999994,0.024007807417046192
9141,L56320,L,297.5,308.5,1373.0,39.9,110.0,0,0,11.0,54782.7,0.029039301310043668
9142,L56321,L,297.5,308.5,1597.0,36.4,112.0,0,0,11.0,58130.799999999996,0.022778473091364205
9143,L56322,L,297.6,308.5,1678.0,34.2,114.0,0,0,10.899999999999977,57387.600000000006,0.02036926742108398
9144,L56323,L,297.6,308.5,1452.0,42.6,116.0,0,0,10.899999999999977,61855.200000000004,0.029318651066758433
9145,M24004,M,297.5,308.5,1447.0,41.6,118.0,0,0,11.0,60195.200000000004,0.028729281767955802
9146,L56325,L,297.6,308.5,1574.0,37.1,121.0,0,0,10.899999999999977,58395.4,0.023555555555555555
9147,L56326,L,297.6,308.6,1528.0,40.0,123.0,0,0,11.0,61120.0,0.026160889470241987
9148,L56327,L,297.7,308.7,1503.0,27.2,125.0,0,0,11.0,40881.6,0.018085106382978722
9149,L56328,L,297.6,308.6,1393.0,40.4,127.0,0,0,11.0,56277.2,0.02898134863701578
9150,M24009,M,297.5,308.6,1429.0,50.5,129.0,0,0,11.100000000000023,72164.5,0.03531468531468532
9151,M24010,M,297.5,308.6,1347.0,57.0,132.0,0,0,11.100000000000023,76779.0,0.04228486646884273
9152,L56331,L,297.6,308.6,1553.0,40.5,135.0,0,0,11.0,62896.5,0.026061776061776062
9153,L56332,L,297.5,308.6,1260.0,53.6,137.0,0,0,11.100000000000023,67536.0,0.04250594766058684
9154,L56333,L,297.5,308.6,1546.0,33.8,139.0,0,0,11.100000000000023,52254.799999999996,0.021848739495798318
9155,L56334,L,297.5,308.6,1596.0,36.0,141.0,0,0,11.100000000000023,57456.0,0.022542266750156543
9156,L56335,L,297.5,308.5,1340.0,57.4,143.0,0,0,11.0,76916.0,0.04280387770320656
9157,M24016,M,297.5,308.4,1369.0,54.8,145.0,0,0,10.899999999999977,75021.2,0.04
9158,L56337,L,297.5,308.5,1462.0,52.3,148.0,0,0,11.0,76462.59999999999,0.035748462064251536
9159,H38572,H,297.4,308.4,1487.0,46.2,150.0,0,0,11.0,68699.40000000001,0.031048387096774197
9160,M24019,M,297.5,308.6,1510.0,35.5,155.0,0,0,11.100000000000023,53605.0,0.023494374586366645
9161,H38574,H,297.5,308.5,1671.0,28.0,158.0,0,0,11.0,46788.0,0.01674641148325359
9162,M24021,M,297.5,308.5,1612.0,30.0,163.0,0,0,11.0,48360.0,0.018598884066955982
9163,M24022,M,297.6,308.6,1509.0,39.7,166.0,0,0,11.0,59907.3,0.026291390728476822
9164,L56343,L,297.6,308.6,1415.0,47.3,169.0,0,0,11.0,66929.5,0.03340395480225988
9165,L56344,L,297.6,310.1,2384.0,14.4,171.0,0,0,12.5,34329.6,0.006037735849056604
9166,L56345,L,297.6,308.6,1326.0,62.4,173.0,0,0,11.0,82742.4,0.04702336096458176
9167,M24026,M,297.6,310.1,1390.0,53.4,175.0,0,0,12.5,74226.0,0.03838964773544213
9168,M24027,M,297.6,308.7,1392.0,41.2,178.0,0,0,11.099999999999966,57350.4,0.029576453697056714
9169,H38582,H,297.6,308.8,1385.0,44.4,181.0,0,0,11.199999999999989,61494.0,0.032034632034632034
9170,L56349,L,297.7,308.8,1896.0,24.5,186.0,0,0,11.100000000000023,46452.0,0.012915129151291513
9171,L56350,L,297.7,308.7,1474.0,46.8,188.0,0,0,11.0,68983.2,0.031728813559322035
9172,M24031,M,297.7,308.8,1388.0,45.6,190.0,0,0,11.100000000000023,63292.8,0.03282937365010799
9173,L56352,L,297.7,308.9,1715.0,27.2,193.0,0,0,11.199999999999989,46648.0,0.01585081585081585
9174,H38587,H,297.8,308.9,1650.0,32.2,195.0,0,0,11.099999999999966,53130.00000000001,0.019503331314354937
9175,L56354,L,297.8,308.9,1871.0,25.6,200.0,1,1,11.099999999999966,47897.600000000006,0.013675213675213675
9176,L56355,L,297.8,309.0,1403.0,64.2,0.0,1,0,11.199999999999989,90072.6,0.04572649572649573
9177,L56356,L,297.8,308.9,1518.0,40.4,2.0,0,0,11.099999999999966,61327.2,0.026596445029624754
9178,L56357,L,297.9,309.1,1504.0,43.0,4.0,0,0,11.200000000000045,64672.0,0.02857142857142857
9179,L56358,L,297.8,309.0,1340.0,56.9,6.0,0,0,11.199999999999989,76246.0,0.042431021625652494
9180,H38593,H,297.9,309.1,1435.0,40.1,8.0,0,0,11.200000000000045,57543.5,0.027924791086350976
9181,L56360,L,297.9,309.1,1507.0,36.9,13.0,0,0,11.200000000000045,55608.299999999996,0.024469496021220158
9182,L56361,L,297.9,309.1,1521.0,36.1,15.0,0,0,11.200000000000045,54908.1,0.023718791064388962
9183,M24042,M,297.8,309.0,1576.0,45.0,17.0,0,0,11.199999999999989,70920.0,0.028535193405199746
9184,L56363,L,297.9,309.1,1543.0,36.6,108.0,0,0,11.200000000000045,56473.8,0.023704663212435233
9185,L56364,L,298.0,309.2,1665.0,36.6,22.0,0,0,11.199999999999989,60939.0,0.021968787515006003
9186,L56365,L,297.9,309.1,1442.0,50.3,24.0,0,0,11.200000000000045,72532.59999999999,0.034857934857934855
9187,L56366,L,297.9,309.0,1629.0,29.0,26.0,0,0,11.100000000000023,47241.0,0.017791411042944787
9188,L56367,L,297.9,309.0,1379.0,47.3,28.0,0,0,11.100000000000023,65226.7,0.034275362318840576
9189,L56368,L,297.9,309.0,1502.0,40.2,30.0,0,0,11.100000000000023,60380.4,0.026746506986027947
9190,L56369,L,297.9,309.1,1595.0,32.0,32.0,0,0,11.200000000000045,51040.0,0.020050125313283207
9191,M24050,M,298.0,309.0,1439.0,38.5,34.0,0,0,11.0,55401.5,0.02673611111111111
9192,M24051,M,297.9,309.0,1970.0,21.6,37.0,0,0,11.100000000000023,42552.0,0.010958904109589041
9193,L56372,L,297.9,309.0,1562.0,35.8,40.0,0,0,11.100000000000023,55919.6,0.02290467050543826
9194,M24053,M,297.9,309.0,1530.0,40.9,42.0,0,0,11.100000000000023,62577.0,0.026714565643370346
9195,L56374,L,297.9,308.9,1393.0,40.6,45.0,0,0,11.0,56555.8,0.029124820659971306
9196,L56375,L,297.9,309.0,1532.0,37.6,47.0,0,0,11.100000000000023,57603.200000000004,0.024527071102413568
9197,L56376,L,298.0,308.9,1607.0,37.7,49.0,0,0,10.899999999999977,60583.9,0.023445273631840798
9198,M24057,M,297.9,308.8,1469.0,49.0,51.0,0,0,10.900000000000034,71981.0,0.03333333333333333
9199,M24058,M,297.9,308.8,1538.0,37.6,54.0,0,0,10.900000000000034,57828.8,0.024431448992852503
9200,L56379,L,297.9,308.8,1613.0,31.4,57.0,0,0,10.900000000000034,50648.2,0.019454770755885996
9201,M24060,M,297.9,308.8,1602.0,32.1,59.0,0,0,10.900000000000034,51424.200000000004,0.02002495321272614
9202,L56381,L,297.8,308.7,1404.0,44.2,62.0,0,0,10.899999999999977,62056.8,0.03145907473309609
9203,L56382,L,297.8,308.8,1548.0,36.9,64.0,0,0,11.0,57121.2,0.02382182052937379
9204,L56383,L,297.8,308.8,1559.0,35.2,66.0,0,0,11.0,54876.8,0.022564102564102566
9205,L56384,L,297.8,308.8,1621.0,36.1,68.0,0,0,11.0,58518.100000000006,0.02225647348951911
9206,L56385,L,297.8,308.8,1579.0,32.9,70.0,0,0,11.0,51949.1,0.02082278481012658
9207,M24066,M,297.9,308.9,1547.0,44.0,72.0,0,0,11.0,68068.0,0.028423772609819122
9208,L56387,L,297.9,308.8,1386.0,48.6,75.0,0,0,10.900000000000034,67359.6,0.03503965392934391
9209,L56388,L,298.0,308.9,1406.0,40.9,77.0,0,0,10.899999999999977,57505.4,0.029068941009239516
9210,M24069,M,298.0,309.0,1393.0,55.9,79.0,0,0,11.0,77868.7,0.040100430416068866
9211,M24070,M,297.9,309.0,2456.0,13.9,82.0,0,0,11.100000000000023,34138.4,0.0056573056573056574
9212,M24071,M,298.0,309.0,1409.0,49.1,85.0,0,0,11.0,69181.90000000001,0.034822695035460996
9213,L56392,L,298.0,308.9,1390.0,53.9,88.0,0,0,10.899999999999977,74921.0,0.03874910136592379
9214,L56393,L,298.0,309.0,1679.0,32.4,90.0,0,0,11.0,54399.6,0.019285714285714285
9215,L56394,L,298.0,308.9,1508.0,37.1,92.0,0,0,10.899999999999977,55946.8,0.024585818422796554
9216,L56395,L,297.9,308.8,1681.0,31.7,94.0,0,0,10.900000000000034,53287.7,0.018846611177170035
9217,H38630,H,297.7,308.8,1469.0,43.7,96.0,0,0,11.100000000000023,64195.3,0.029727891156462585
9218,L56397,L,297.8,308.8,1421.0,49.6,101.0,0,0,11.0,70481.6,0.03488045007032349
9219,L56398,L,297.7,308.8,1354.0,50.2,103.0,0,0,11.100000000000023,67970.8,0.037047970479704796
9220,M24079,M,297.7,308.8,1350.0,57.0,105.0,0,0,11.100000000000023,76950.0,0.04219096965210955
9221,L56400,L,297.8,308.9,1282.0,58.1,108.0,0,0,11.099999999999966,74484.2,0.04528448947778644
9222,M24081,M,297.8,309.0,1675.0,30.0,110.0,0,0,11.199999999999989,50250.0,0.017899761336515514
9223,M24082,M,297.9,309.0,1525.0,38.5,113.0,0,0,11.100000000000023,58712.5,0.02522935779816514
9224,L56403,L,297.9,309.0,1382.0,43.9,116.0,0,0,11.100000000000023,60669.799999999996,0.03174258857556037
9225,L56404,L,297.9,309.0,1450.0,46.8,118.0,0,0,11.100000000000023,67860.0,0.03225361819434872
9226,L56405,L,298.0,309.1,1820.0,23.6,120.0,0,0,11.100000000000023,42952.0,0.012959912136188908
9227,L56406,L,298.0,309.1,1822.0,23.5,122.0,0,0,11.100000000000023,42817.0,0.012890839275918815
9228,L56407,L,298.0,309.1,1473.0,44.3,124.0,0,0,11.100000000000023,65253.899999999994,0.030054274084124828
9229,M24088,M,298.1,309.1,1572.0,37.5,126.0,0,0,11.0,58950.0,0.023839796567069294
9230,M24089,M,298.1,309.0,2042.0,17.8,129.0,0,0,10.899999999999977,36347.6,0.008712677435144396
9231,L56410,L,298.2,309.2,1922.0,22.6,132.0,0,0,11.0,43437.200000000004,0.011752470098803952
9232,L56411,L,298.2,309.1,1539.0,36.5,134.0,0,0,10.900000000000034,56173.5,0.023701298701298702
9233,L56412,L,298.2,309.1,1350.0,52.0,136.0,0,0,10.900000000000034,70200.0,0.0384900074019245
9234,L56413,L,298.3,309.1,1403.0,45.1,138.0,0,0,10.800000000000011,63275.3,0.032122507122507124
9235,L56414,M,298.3,309.1,1503.0,20.3,140.0,0,0,10.800000000000011,30510.9,0.013497340425531915
9236,M24095,M,298.2,308.9,1592.0,35.2,142.0,0,0,10.699999999999989,56038.4,0.022096672944130574
9237,L56416,L,298.1,308.7,1556.0,31.6,145.0,0,0,10.599999999999966,49169.600000000006,0.02029543994861914
9238,M24097,M,298.1,308.8,1811.0,25.4,147.0,0,0,10.699999999999989,45999.399999999994,0.01401766004415011
9239,M24098,M,298.2,308.8,1456.0,41.2,150.0,0,0,10.600000000000023,59987.200000000004,0.028277282086479068
9240,H38653,H,298.2,308.8,1436.0,51.9,153.0,0,0,10.600000000000023,74528.4,0.03611691022964509
9241,M24100,M,298.1,308.7,1362.0,49.6,158.0,0,0,10.599999999999966,67555.2,0.03639031548055759
9242,L56421,L,298.1,308.7,1683.0,29.1,161.0,0,0,10.599999999999966,48975.3,0.017280285035629454
9243,M24102,M,298.2,308.7,1269.0,60.9,163.0,0,0,10.5,77282.09999999999,0.04795275590551181
9244,L56423,L,298.3,308.8,1454.0,49.0,166.0,0,0,10.5,71246.0,0.03367697594501718
9245,L56424,L,298.3,308.8,1767.0,27.3,168.0,0,0,10.5,48239.1,0.015441176470588236
9246,L56425,L,298.3,308.9,1708.0,27.3,170.0,0,0,10.599999999999966,46628.4,0.015974253949678174
9247,L56426,L,298.3,308.9,1862.0,27.0,172.0,0,0,10.599999999999966,50274.0,0.014492753623188406
9248,L56427,L,298.3,308.9,1695.0,30.7,174.0,0,0,10.599999999999966,52036.5,0.018101415094339622
9249,M24108,M,298.3,309.1,1488.0,40.6,176.0,0,0,10.800000000000011,60412.8,0.027266621893888517
9250,L56429,L,298.3,309.0,1657.0,32.2,179.0,0,0,10.699999999999989,53355.4,0.01942098914354644
9251,H38664,H,298.3,309.0,1823.0,25.9,181.0,0,0,10.699999999999989,47215.7,0.014199561403508771
9252,M24111,M,298.2,309.1,1651.0,28.8,186.0,0,0,10.900000000000034,47548.8,0.017433414043583534
9253,M24112,M,298.1,309.0,1533.0,36.1,189.0,0,0,10.899999999999977,55341.3,0.023533246414602346
9254,M24113,M,298.2,309.0,1508.0,40.5,192.0,0,0,10.800000000000011,61074.0,0.0268389662027833
9255,L56434,L,298.3,309.1,1616.0,31.1,195.0,0,0,10.800000000000011,50257.600000000006,0.019233147804576377
9256,L56435,L,298.2,309.0,1651.0,31.5,197.0,0,0,10.800000000000011,52006.5,0.019067796610169493
9257,L56436,L,298.2,309.1,1569.0,35.2,199.0,0,0,10.900000000000034,55228.8,0.022420382165605098
9258,M24117,H,298.3,309.1,1296.0,58.7,201.0,0,0,10.800000000000011,76075.2,0.04525828835774865
9259,H38672,H,298.3,309.0,1379.0,43.2,0.0,0,0,10.699999999999989,59572.8,0.03130434782608696
9260,M24119,M,298.2,309.0,1694.0,28.0,5.0,0,0,10.800000000000011,47432.0,0.016519174041297935
9261,L56440,L,298.2,309.0,1377.0,57.8,8.0,0,0,10.800000000000011,79590.59999999999,0.04194484760522496
9262,H38675,H,298.3,309.0,1470.0,38.4,10.0,0,0,10.699999999999989,56448.0,0.02610469068660775
9263,M24122,M,298.3,309.1,1404.0,47.0,15.0,0,0,10.800000000000011,65988.0,0.03345195729537367
9264,L56443,L,298.3,309.1,1593.0,40.1,18.0,0,0,10.800000000000011,63879.3,0.025156838143036386
9265,M24124,M,298.3,309.0,1526.0,36.9,20.0,0,0,10.699999999999989,56309.4,0.024165029469548134
9266,M24125,M,298.3,308.9,1390.0,49.7,23.0,0,0,10.599999999999966,69083.0,0.03572969086987779
9267,L56446,L,298.2,308.9,1737.0,25.5,26.0,0,0,10.699999999999989,44293.5,0.014672036823935558
9268,L56447,L,298.2,308.8,1362.0,57.3,28.0,0,0,10.600000000000023,78042.59999999999,0.04203961848862803
9269,L56448,L,298.2,308.8,1666.0,31.5,30.0,0,0,10.600000000000023,52479.0,0.01889622075584883
9270,L56449,L,298.2,308.8,1354.0,60.9,32.0,0,0,10.600000000000023,82458.59999999999,0.04494464944649446
9271,L56450,L,298.2,308.8,1302.0,60.4,34.0,0,0,10.600000000000023,78640.8,0.04635456638526477
9272,L56451,L,298.2,308.7,1991.0,20.5,36.0,0,0,10.5,40815.5,0.010291164658634538
9273,L56452,L,298.2,308.6,1353.0,54.1,38.0,0,0,10.400000000000034,73197.3,0.03995568685376662
9274,H38687,H,298.2,308.7,1520.0,35.7,40.0,0,0,10.5,54264.00000000001,0.02347140039447732
9275,L56454,L,298.2,308.7,1428.0,54.9,45.0,0,0,10.5,78397.2,0.0384184744576627
9276,L56455,L,298.2,308.7,1605.0,29.4,47.0,0,0,10.5,47187.0,0.01830635118306351
9277,L56456,L,298.1,308.7,1691.0,30.3,49.0,0,0,10.599999999999966,51237.3,0.017907801418439718
9278,L56457,L,298.2,308.7,1447.0,48.4,51.0,0,0,10.5,70034.8,0.03342541436464088
9279,H38692,H,298.2,308.8,1606.0,39.9,53.0,0,0,10.600000000000023,64079.399999999994,0.024828873677660235
9280,M24139,M,298.2,308.8,1645.0,28.2,58.0,0,0,10.600000000000023,46389.0,0.017132442284325637
9281,H38694,H,298.2,308.8,1470.0,43.3,61.0,0,0,10.600000000000023,63650.99999999999,0.029435757987763423
9282,L56461,L,298.2,308.9,1336.0,45.0,66.0,0,0,10.699999999999989,60120.0,0.033657442034405384
9283,M24142,M,298.2,308.9,1414.0,44.3,68.0,0,0,10.699999999999989,62640.2,0.031307420494699645
9284,M24143,M,298.3,309.0,1802.0,27.5,71.0,0,0,10.699999999999989,49555.0,0.015252357182473655
9285,L56464,L,298.2,308.9,1683.0,31.7,74.0,0,0,10.699999999999989,53351.1,0.018824228028503562
9286,M24145,M,298.2,309.0,1410.0,47.6,76.0,0,0,10.800000000000011,67116.0,0.033734939759036145
9287,L56466,L,298.2,308.9,1605.0,32.0,79.0,0,0,10.699999999999989,51360.0,0.019925280199252802
9288,L56467,L,298.2,308.9,1709.0,28.1,81.0,0,0,10.699999999999989,48022.9,0.016432748538011698
9289,L56468,L,298.2,308.9,1444.0,53.1,83.0,0,0,10.699999999999989,76676.40000000001,0.036747404844290656
9290,L56469,L,298.2,308.9,1367.0,45.0,85.0,0,0,10.699999999999989,61515.0,0.03289473684210526
9291,L56470,L,298.2,309.0,1418.0,44.2,87.0,0,0,10.800000000000011,62675.600000000006,0.031148696264975337
9292,L56471,L,298.2,309.0,1353.0,57.8,89.0,0,0,10.800000000000011,78203.4,0.042688330871491875
9293,L56472,L,298.2,309.0,1643.0,34.1,91.0,0,0,10.800000000000011,56026.3,0.020742092457420924
9294,L56473,L,298.3,309.1,1437.0,38.0,93.0,0,0,10.800000000000011,54606.0,0.02642559109874826
9295,L56474,L,298.1,309.0,1437.0,36.2,95.0,0,0,10.899999999999977,52019.4,0.02517385257301808
9296,M24155,M,298.2,309.0,1413.0,47.9,97.0,0,0,10.800000000000011,67682.7,0.033875530410183874
9297,H38710,H,298.2,309.0,1524.0,39.1,100.0,0,0,10.800000000000011,59588.4,0.025639344262295083
9298,M24157,M,298.1,308.9,1479.0,43.4,105.0,0,0,10.799999999999955,64188.6,0.029324324324324323
9299,L56478,L,298.1,308.9,1313.0,50.6,108.0,0,0,10.799999999999955,66437.8,0.038508371385083714
9300,M24159,M,298.1,308.9,1335.0,50.4,110.0,0,0,10.799999999999955,67284.0,0.03772455089820359
9301,L56480,L,298.1,308.9,1367.0,41.9,113.0,0,0,10.799999999999955,57277.299999999996,0.030628654970760234
9302,M24161,M,298.1,308.9,1459.0,50.3,115.0,0,0,10.799999999999955,73387.7,0.03445205479452055
9303,M24162,M,298.1,308.9,1804.0,25.1,118.0,0,0,10.799999999999955,45280.4,0.013905817174515236
9304,L56483,L,298.2,309.0,1491.0,38.3,121.0,0,0,10.800000000000011,57105.299999999996,0.02567024128686327
9305,L56484,L,298.3,309.1,1537.0,43.0,123.0,0,0,10.800000000000011,66091.0,0.027958387516254877
9306,H38719,H,298.3,310.1,1646.0,30.2,125.0,0,0,11.800000000000011,49709.2,0.018336369156041286
9307,M24166,M,298.3,309.2,1783.0,28.3,130.0,0,0,10.899999999999977,50458.9,0.01586322869955157
9308,L56487,L,298.3,309.1,1395.0,49.8,133.0,0,0,10.800000000000011,69471.0,0.03567335243553008
9309,L56488,L,298.4,309.1,1423.0,48.0,135.0,0,0,10.700000000000045,68304.0,0.033707865168539325
9310,L56489,L,298.3,309.2,1562.0,37.6,137.0,0,0,10.899999999999977,58731.200000000004,0.024056301983365325
9311,L56490,L,298.4,309.3,1549.0,40.8,139.0,0,0,10.900000000000034,63199.2,0.026322580645161287
9312,L56491,L,298.4,309.4,1540.0,43.2,141.0,0,0,11.0,66528.0,0.02803374432186892
9313,H38726,H,298.5,309.4,1573.0,33.6,143.0,0,0,10.899999999999977,52852.8,0.021346886912325287
9314,L56493,L,298.5,309.4,1418.0,45.1,148.0,0,0,10.899999999999977,63951.8,0.03178294573643411
9315,M24174,M,298.5,309.4,1565.0,33.7,150.0,0,0,10.899999999999977,52740.50000000001,0.021519795657726694
9316,L56495,L,298.5,309.5,1569.0,41.0,153.0,0,0,11.0,64329.0,0.026114649681528664
9317,H38730,H,298.5,309.4,1417.0,41.2,155.0,0,0,10.899999999999977,58380.4,0.02905500705218618
9318,L56497,L,298.5,309.5,1480.0,38.1,160.0,0,0,11.0,56388.0,0.02572586090479406
9319,L56498,L,298.5,309.4,1364.0,44.5,162.0,0,0,10.899999999999977,60698.0,0.0326007326007326
9320,L56499,L,298.5,309.4,1911.0,21.5,164.0,0,0,10.899999999999977,41086.5,0.011244769874476987
9321,L56500,L,298.4,309.3,1409.0,43.1,166.0,0,0,10.900000000000034,60727.9,0.030567375886524823
9322,L56501,L,298.4,309.2,1335.0,53.5,168.0,0,0,10.800000000000011,71422.5,0.04004491017964072
9323,M24182,H,298.5,309.3,1512.0,38.1,170.0,0,0,10.800000000000011,57607.200000000004,0.025181758096497028
9324,L56503,H,298.6,309.4,1447.0,40.2,173.0,0,0,10.799999999999955,58169.4,0.02776243093922652
9325,L56504,L,298.6,309.3,1537.0,37.6,175.0,0,0,10.699999999999989,57791.200000000004,0.02444733420026008
9326,M24185,M,298.6,309.3,1510.0,40.8,177.0,0,0,10.699999999999989,61607.99999999999,0.02700198544010589
9327,L56506,L,298.6,309.3,1677.0,31.2,180.0,0,0,10.699999999999989,52322.4,0.018593563766388557
9328,L56507,L,298.5,309.2,1504.0,33.7,182.0,0,0,10.699999999999989,50684.8,0.022392026578073092
9329,H38742,H,298.5,309.1,2051.0,19.0,184.0,0,0,10.600000000000023,38969.0,0.009259259259259259
9330,L56509,L,298.5,309.1,1474.0,41.3,189.0,0,0,10.600000000000023,60876.2,0.027999999999999997
9331,M24190,M,298.4,309.0,1507.0,36.1,191.0,0,0,10.600000000000023,54402.700000000004,0.023938992042440318
9332,L56511,L,298.4,308.9,1496.0,37.9,194.0,0,0,10.5,56698.4,0.025317301269205075
9333,M24192,M,298.5,309.0,1921.0,22.0,196.0,0,0,10.5,42262.0,0.011446409989594173
9334,L56513,L,298.5,309.0,1450.0,40.5,199.0,0,0,10.5,58725.0,0.027911784975878703
9335,L56514,L,298.4,308.9,1402.0,44.8,201.0,0,0,10.5,62809.6,0.03193157519600855
9336,L56515,L,298.4,308.9,1501.0,50.0,203.0,0,0,10.5,75050.0,0.033288948069241014
9337,L56516,L,298.5,308.9,1725.0,31.9,205.0,0,0,10.399999999999977,55027.5,0.01848203939745075
9338,H38751,H,298.5,308.9,1500.0,40.3,207.0,0,0,10.399999999999977,60449.99999999999,0.026848767488341103
9339,H38752,H,298.5,309.0,1531.0,30.8,212.0,0,0,10.5,47154.8,0.02010443864229765
9340,L56519,L,298.5,309.0,1458.0,44.8,217.0,0,0,10.5,65318.399999999994,0.03070596298834818
9341,H38754,H,298.4,308.9,1577.0,37.1,0.0,0,0,10.5,58506.700000000004,0.023510773130544994
9342,M24201,M,298.3,308.9,1363.0,46.1,5.0,0,0,10.599999999999966,62834.3,0.03379765395894428
9343,H38756,H,298.3,308.9,1706.0,31.8,8.0,0,0,10.599999999999966,54250.8,0.018629173989455183
9344,M24203,M,298.3,308.8,1391.0,50.4,13.0,0,0,10.5,70106.4,0.036206896551724134
9345,L56524,L,298.2,308.8,1616.0,33.7,16.0,0,0,10.600000000000023,54459.200000000004,0.02084106369820656
9346,L56525,L,298.2,308.8,1442.0,47.0,18.0,0,0,10.600000000000023,67774.0,0.03257103257103257
9347,M24206,M,298.2,308.8,1626.0,40.4,20.0,0,0,10.600000000000023,65690.4,0.02483097725875845
9348,M24207,M,298.2,308.7,1426.0,42.6,23.0,0,0,10.5,60747.6,0.02985283812193413
9349,L56528,L,298.2,308.7,1436.0,40.1,26.0,0,0,10.5,57583.6,0.0279053583855254
9350,M24209,M,298.2,308.7,1599.0,36.2,28.0,0,0,10.5,57883.8,0.022625000000000003
9351,L56530,L,298.2,308.7,2186.0,17.8,31.0,0,0,10.5,38910.8,0.008139003200731597
9352,L56531,L,298.3,308.8,1645.0,30.4,33.0,0,0,10.5,50008.0,0.018469015795868772
9353,L56532,L,298.2,308.7,1780.0,27.9,35.0,0,0,10.5,49662.0,0.015665356541268948
9354,L56533,L,298.2,308.8,1345.0,44.3,37.0,0,0,10.600000000000023,59583.49999999999,0.032912332838038634
9355,M24214,M,298.2,308.8,1607.0,31.9,39.0,0,0,10.600000000000023,51263.299999999996,0.01983830845771144
9356,L56535,L,298.3,308.9,1708.0,28.0,42.0,0,0,10.599999999999966,47824.0,0.016383850204798128
9357,L56536,L,298.3,308.9,1270.0,52.7,44.0,0,0,10.599999999999966,66929.0,0.041463414634146344
9358,M24217,M,298.3,308.9,1646.0,25.4,46.0,0,0,10.599999999999966,41808.399999999994,0.015421979356405584
9359,L56538,L,298.2,308.7,1407.0,45.1,49.0,0,0,10.5,63455.700000000004,0.032031250000000004
9360,M24219,M,298.1,308.7,1581.0,47.4,51.0,0,0,10.599999999999966,74939.4,0.02996207332490518
9361,L56540,L,298.0,308.6,1532.0,42.6,54.0,0,0,10.600000000000023,65263.200000000004,0.027788649706457925
9362,L56541,L,298.0,308.6,1610.0,33.1,56.0,0,0,10.600000000000023,53291.0,0.02054624456859094
9363,M24222,M,298.0,308.5,1682.0,33.0,58.0,0,0,10.5,55506.0,0.0196078431372549
9364,L56543,L,297.9,308.5,1519.0,34.3,61.0,0,0,10.600000000000023,52101.7,0.02256578947368421
9365,L56544,L,297.9,308.5,1683.0,28.5,63.0,0,0,10.600000000000023,47965.5,0.016923990498812352
9366,M24225,M,298.0,308.6,1254.0,55.8,65.0,0,0,10.600000000000023,69973.2,0.044462151394422306
9367,L56546,L,298.0,308.5,1461.0,48.0,68.0,0,0,10.5,70128.0,0.03283173734610123
9368,L56547,L,297.9,308.5,1472.0,45.1,70.0,0,0,10.600000000000023,66387.2,0.03061778682959946
9369,L56548,L,297.7,308.4,1510.0,38.6,72.0,0,0,10.699999999999989,58286.0,0.025545996029119788
9370,M24229,M,297.7,308.3,1547.0,36.8,74.0,0,0,10.600000000000023,56929.6,0.023772609819121444
9371,H38784,H,297.7,308.4,1418.0,51.9,77.0,0,0,10.699999999999989,73594.2,0.036575052854122624
9372,L56551,L,297.7,308.4,1289.0,51.3,82.0,0,0,10.699999999999989,66125.7,0.039767441860465116
9373,L56552,L,297.7,308.4,1487.0,41.4,84.0,0,0,10.699999999999989,61561.799999999996,0.02782258064516129
9374,L56553,L,297.7,308.5,1453.0,45.5,86.0,0,0,10.800000000000011,66111.5,0.031292984869325996
9375,M24234,M,297.8,308.5,1466.0,44.7,88.0,0,0,10.699999999999989,65530.200000000004,0.030470347648261762
9376,H38789,H,297.7,308.4,1288.0,49.5,91.0,0,0,10.699999999999989,63756.0,0.03840186190845617
9377,H38790,H,297.7,308.4,1738.0,27.7,96.0,0,0,10.699999999999989,48142.6,0.015928694652098906
9378,H38791,H,297.7,308.3,1488.0,41.0,101.0,0,0,10.600000000000023,61008.0,0.027535258562793822
9379,L56558,L,297.6,308.3,1816.0,28.8,106.0,0,0,10.699999999999989,52300.8,0.015850302696752888
9380,L56559,L,297.5,308.2,1419.0,48.5,108.0,0,0,10.699999999999989,68821.5,0.03415492957746479
9381,L56560,L,297.4,308.1,1435.0,45.7,110.0,0,0,10.700000000000045,65579.5,0.031824512534818945
9382,M24241,M,297.5,308.1,1480.0,42.4,112.0,0,0,10.600000000000023,62752.0,0.02862930452397029
9383,L56562,L,297.5,308.2,1610.0,33.6,115.0,0,0,10.699999999999989,54096.0,0.02085661080074488
9384,H38797,H,297.5,308.1,1548.0,38.2,117.0,0,0,10.600000000000023,59133.600000000006,0.024661071659134927
9385,M24244,M,297.6,308.1,1379.0,57.4,122.0,0,0,10.5,79154.59999999999,0.041594202898550724
9386,M24245,M,297.5,308.1,1907.0,23.5,125.0,0,0,10.600000000000023,44814.5,0.012316561844863731
9387,M24246,M,297.5,308.0,2033.0,16.7,128.0,0,0,10.5,33951.1,0.008210422812192723
9388,H38801,H,297.4,307.9,1390.0,52.0,131.0,0,0,10.5,72280.0,0.037383177570093455
9389,M24248,M,297.5,307.9,1544.0,37.9,136.0,0,0,10.399999999999977,58517.6,0.024530744336569578
9390,L56569,L,297.6,308.0,1258.0,57.4,139.0,0,0,10.399999999999977,72209.2,0.045591739475774426
9391,M24250,M,297.5,308.0,1560.0,39.0,141.0,0,0,10.5,60840.0,0.024983984625240232
9392,H38805,H,297.6,308.2,2071.0,18.5,144.0,0,0,10.599999999999966,38313.5,0.008928571428571428
9393,L56572,L,297.6,308.1,1503.0,46.3,149.0,0,0,10.5,69588.9,0.030784574468085104
9394,H38807,H,297.7,308.2,1489.0,43.0,151.0,0,0,10.5,64027.0,0.028859060402684565
9395,L56574,L,297.7,308.2,1334.0,53.0,156.0,0,0,10.5,70702.0,0.039700374531835204
9396,L56575,L,297.7,308.2,1500.0,39.9,158.0,0,0,10.5,59850.0,0.026582278481012658
9397,L56576,L,297.8,308.3,1498.0,47.3,160.0,0,0,10.5,70855.4,0.03155436957971981
9398,M24257,M,297.7,308.2,1370.0,53.4,162.0,0,0,10.5,73158.0,0.03894967177242888
9399,H38812,H,297.7,308.2,1526.0,40.1,165.0,0,0,10.5,61192.6,0.026260641781270466
9400,L56579,L,297.8,308.3,1477.0,44.8,170.0,0,0,10.5,66169.59999999999,0.03031123139377537
9401,L56580,L,297.7,308.2,1446.0,43.9,172.0,0,0,10.5,63479.4,0.030338631651693156
9402,M24261,M,297.7,308.2,1720.0,25.6,174.0,0,0,10.5,44032.0,0.014875072632190588
9403,L56582,L,297.7,308.1,1734.0,30.7,177.0,0,0,10.400000000000034,53233.799999999996,0.01769452449567723
9404,L56583,L,297.7,308.1,1697.0,29.1,179.0,0,0,10.400000000000034,49382.700000000004,0.017137809187279154
9405,L56584,L,297.7,308.2,2007.0,19.3,181.0,0,0,10.5,38735.1,0.009611553784860559
9406,M24265,M,297.7,310.1,1469.0,48.8,183.0,0,0,12.400000000000034,71687.2,0.033197278911564626
9407,M24266,M,297.7,308.1,2189.0,15.6,186.0,0,0,10.400000000000034,34148.4,0.007123287671232876
9408,L56587,L,297.8,308.3,1435.0,50.1,189.0,0,0,10.5,71893.5,0.03488857938718663
9409,H38822,H,297.9,308.4,1637.0,34.5,191.0,0,0,10.5,56476.5,0.021062271062271064
9410,L56589,L,298.0,308.5,1664.0,28.3,196.0,0,0,10.5,47091.200000000004,0.016996996996996996
9411,M24270,M,298.0,308.5,1666.0,31.0,198.0,0,0,10.5,51646.0,0.01859628074385123
9412,L56591,L,298.0,308.5,1404.0,46.6,201.0,0,0,10.5,65426.4,0.03316725978647687
9413,L56592,L,298.0,308.5,1702.0,26.7,203.0,0,0,10.5,45443.4,0.015678214914856135
9414,L56593,L,298.1,308.6,1439.0,44.9,205.0,0,0,10.5,64611.1,0.031180555555555555
9415,L56594,L,298.1,308.6,1354.0,53.9,207.0,1,0,10.5,72980.59999999999,0.03977859778597786
9416,M24275,M,298.2,308.7,1361.0,44.2,0.0,0,0,10.5,60156.200000000004,0.03245227606461087
9417,M24276,M,298.1,308.5,1463.0,45.9,3.0,0,0,10.399999999999977,67151.7,0.03135245901639344
9418,H38831,H,298.1,308.4,1515.0,43.8,6.0,0,0,10.299999999999955,66357.0,0.02889182058047493
9419,L56598,L,298.0,308.4,1432.0,46.2,11.0,0,0,10.399999999999977,66158.40000000001,0.0322400558269365
9420,L56599,L,298.0,308.4,1911.0,22.0,13.0,0,0,10.399999999999977,42042.0,0.011506276150627616
9421,L56600,L,298.0,308.4,1472.0,42.0,15.0,0,0,10.399999999999977,61824.0,0.028513238289205704
9422,M24281,M,298.1,308.5,1382.0,54.5,17.0,0,0,10.399999999999977,75319.0,0.03940708604483008
9423,L56602,L,298.1,308.5,1665.0,29.6,20.0,0,0,10.399999999999977,49284.0,0.017767106842737097
9424,L56603,L,298.1,308.5,1676.0,30.5,22.0,0,0,10.399999999999977,51118.0,0.018187239117471676
9425,M24284,M,298.0,308.5,1585.0,33.0,24.0,0,0,10.5,52305.0,0.02080706179066835
9426,M24285,M,298.1,308.6,1415.0,46.3,27.0,0,0,10.5,65514.49999999999,0.032697740112994346
9427,L56606,L,298.1,308.7,1341.0,55.7,30.0,0,0,10.599999999999966,74693.7,0.041505216095380035
9428,L56607,L,298.2,308.8,1540.0,34.8,32.0,0,0,10.600000000000023,53591.99999999999,0.022582738481505514
9429,H38842,H,300.1,308.8,1837.0,28.4,34.0,0,0,8.699999999999989,52170.799999999996,0.01545157780195865
9430,L56609,L,298.2,308.8,1498.0,36.0,39.0,0,0,10.600000000000023,53928.0,0.02401601067378252
9431,L56610,L,298.1,308.7,1671.0,28.8,41.0,0,0,10.599999999999966,48124.8,0.01722488038277512
9432,L56611,L,298.0,308.6,1430.0,57.0,43.0,0,0,10.600000000000023,81510.0,0.039832285115303984
9433,L56612,L,298.0,308.7,1619.0,40.1,45.0,0,0,10.699999999999989,64921.9,0.024753086419753087
9434,M24293,M,298.0,308.7,1430.0,51.9,47.0,0,0,10.699999999999989,74217.0,0.03626834381551362
9435,L56614,L,298.0,308.6,1626.0,33.3,50.0,0,0,10.600000000000023,54145.799999999996,0.020467117393976643
9436,L56615,L,298.0,308.7,1443.0,49.3,52.0,0,0,10.699999999999989,71139.9,0.034141274238227146
9437,L56616,L,298.0,308.6,1481.0,42.5,54.0,0,0,10.600000000000023,62942.5,0.028677462887989204
9438,M24297,M,298.1,308.7,1527.0,43.0,56.0,0,0,10.599999999999966,65661.0,0.0281413612565445
9439,M24298,M,298.1,308.7,1315.0,56.8,59.0,0,0,10.599999999999966,74692.0,0.04316109422492401
9440,M24299,M,298.1,308.8,1433.0,48.2,62.0,0,0,10.699999999999989,69070.6,0.03361227336122734
9441,M24300,M,298.1,308.8,1378.0,53.5,65.0,0,0,10.699999999999989,73723.0,0.0387962291515591
9442,L56621,L,298.1,308.8,1432.0,43.4,68.0,0,0,10.699999999999989,62148.799999999996,0.030286113049546405
9443,M24302,M,298.1,308.8,1394.0,47.9,70.0,0,0,10.699999999999989,66772.59999999999,0.034336917562724015
9444,H38857,H,298.0,308.8,1411.0,53.8,73.0,0,0,10.800000000000011,75911.8,0.03810198300283286
9445,L56624,L,298.1,308.9,2136.0,15.9,78.0,0,0,10.799999999999955,33962.4,0.007440336920917174
9446,M24305,M,298.2,309.0,1446.0,45.8,80.0,0,0,10.800000000000011,66226.8,0.03165169315825846
9447,H38860,H,298.1,308.9,1388.0,53.5,83.0,0,0,10.799999999999955,74258.0,0.03851691864650828
9448,M24307,M,298.1,308.9,1323.0,51.7,88.0,0,0,10.799999999999955,68399.1,0.039048338368580064
9449,L56628,L,298.2,309.0,1780.0,29.3,91.0,0,0,10.800000000000011,52154.0,0.016451431779898933
9450,M24309,M,298.1,308.8,1434.0,41.8,93.0,0,0,10.699999999999989,59941.2,0.029128919860627177
9451,M24310,M,298.0,308.7,1494.0,42.6,96.0,0,0,10.699999999999989,63644.4,0.028494983277591975
9452,H38865,H,298.0,308.7,1536.0,39.6,99.0,0,0,10.699999999999989,60825.600000000006,0.02576447625243982
9453,M24312,M,298.0,308.7,1392.0,53.4,104.0,0,0,10.699999999999989,74332.8,0.03833452979181622
9454,H38867,H,298.2,309.0,1360.0,56.8,107.0,0,0,10.800000000000011,77248.0,0.04173401910360029
9455,L56634,L,298.4,309.2,1583.0,35.4,112.0,0,0,10.800000000000011,56038.2,0.022348484848484847
9456,L56635,L,298.5,309.2,1983.0,20.2,114.0,0,0,10.699999999999989,40056.6,0.010181451612903226
9457,L56636,L,298.5,309.3,1630.0,33.3,116.0,0,0,10.800000000000011,54278.99999999999,0.02041692213366033
9458,M24317,M,298.5,309.3,1692.0,26.7,118.0,0,0,10.800000000000011,45176.4,0.01577082102776137
9459,L56638,L,298.4,309.1,1417.0,40.6,121.0,0,0,10.700000000000045,57530.200000000004,0.028631875881523272
9460,L56639,L,298.4,309.1,1579.0,36.1,123.0,0,0,10.700000000000045,57001.9,0.022848101265822787
9461,M24320,M,298.4,309.2,1399.0,45.2,125.0,0,0,10.800000000000011,63234.8,0.032285714285714286
9462,M24321,M,298.4,309.2,1414.0,46.4,128.0,0,0,10.800000000000011,65609.59999999999,0.03279151943462898
9463,L56642,L,298.5,309.3,1570.0,40.1,131.0,0,0,10.800000000000011,62957.0,0.025525143220878423
9464,M24323,M,298.5,309.3,1552.0,36.8,133.0,0,0,10.800000000000011,57113.6,0.02369607211848036
9465,L56644,L,298.6,309.4,1440.0,48.2,136.0,0,0,10.799999999999955,69408.0,0.03344899375433727
9466,M24325,M,298.6,309.4,1460.0,43.8,138.0,0,0,10.799999999999955,63947.99999999999,0.029979466119096507
9467,L56646,L,298.6,309.4,1471.0,48.0,141.0,0,0,10.799999999999955,70608.0,0.03260869565217391
9468,L56647,L,298.6,309.3,1702.0,27.6,143.0,0,0,10.699999999999989,46975.200000000004,0.01620669406928949
9469,L56648,L,298.6,309.4,1375.0,55.4,145.0,0,0,10.799999999999955,76175.0,0.040261627906976745
9470,L56649,L,298.6,309.4,1698.0,33.2,147.0,0,0,10.799999999999955,56373.600000000006,0.019540906415538555
9471,H38884,H,298.6,309.4,1439.0,47.1,149.0,0,0,10.799999999999955,67776.90000000001,0.03270833333333333
9472,M24331,M,298.6,309.4,1774.0,27.5,154.0,0,0,10.799999999999955,48785.0,0.015492957746478873
9473,M24332,M,298.7,309.4,1375.0,48.3,157.0,0,0,10.699999999999989,66412.5,0.03510174418604651
9474,L56653,L,298.7,309.5,1446.0,40.0,160.0,0,0,10.800000000000011,57840.0,0.027643400138217002
9475,M24334,M,298.7,309.6,1455.0,46.8,162.0,0,0,10.900000000000034,68094.0,0.03214285714285714
9476,L56655,L,298.8,309.6,1523.0,41.9,165.0,0,0,10.800000000000011,63813.7,0.02749343832020997
9477,M24336,M,298.8,309.6,1692.0,31.9,167.0,0,0,10.800000000000011,53974.799999999996,0.018842291789722385
9478,M24337,M,298.8,309.6,1693.0,33.3,170.0,0,0,10.800000000000011,56376.899999999994,0.019657615112160565
9479,L56658,L,298.8,309.6,1890.0,24.0,173.0,0,0,10.800000000000011,45360.0,0.01269169751454257
9480,H38893,H,298.9,309.6,1600.0,33.5,175.0,0,0,10.700000000000045,53600.0,0.020924422236102434
9481,M24340,M,298.9,309.6,1434.0,43.8,180.0,0,0,10.700000000000045,62809.2,0.03052264808362369
9482,L56661,L,298.9,309.6,1365.0,50.9,183.0,0,0,10.700000000000045,69478.5,0.03726207906295754
9483,H38896,H,298.8,309.6,1309.0,57.4,185.0,0,0,10.800000000000011,75136.59999999999,0.04381679389312977
9484,H38897,H,298.9,309.6,1546.0,35.3,190.0,0,0,10.700000000000045,54573.799999999996,0.022818358112475758
9485,L56664,L,298.9,309.6,1663.0,33.7,195.0,0,0,10.700000000000045,56043.100000000006,0.020252403846153847
9486,L56665,L,298.9,309.6,1589.0,34.2,197.0,0,0,10.700000000000045,54343.8,0.02150943396226415
9487,M24346,M,298.9,309.6,1472.0,46.0,199.0,0,0,10.700000000000045,67712.0,0.031228784792939578
9488,L56667,L,298.9,309.6,1583.0,39.8,202.0,0,0,10.700000000000045,63003.399999999994,0.025126262626262625
9489,M24348,M,298.9,309.6,1567.0,34.5,204.0,0,0,10.700000000000045,54061.5,0.022002551020408163
9490,L56669,L,298.9,309.7,1407.0,41.9,207.0,0,0,10.800000000000011,58953.299999999996,0.029758522727272727
9491,M24350,M,299.0,309.7,1418.0,44.7,209.0,0,0,10.699999999999989,63384.600000000006,0.03150105708245243
9492,M24351,M,299.0,309.7,1489.0,40.7,212.0,0,0,10.699999999999989,60602.3,0.02731543624161074
9493,L56672,L,299.1,309.9,1586.0,36.6,215.0,0,0,10.799999999999955,58047.600000000006,0.023062381852551987
9494,L56673,L,299.1,309.8,1398.0,55.4,217.0,1,0,10.699999999999989,77449.2,0.03959971408148678
9495,L56674,L,299.2,309.9,1516.0,41.4,219.0,0,0,10.699999999999989,62762.4,0.027290705339485827
9496,H38909,H,299.3,310.0,1373.0,44.8,221.0,0,0,10.699999999999989,61510.399999999994,0.03260553129548763
9497,M24356,M,299.2,310.0,1349.0,50.4,226.0,0,0,10.800000000000011,67989.59999999999,0.03733333333333333
9498,H38911,H,299.1,309.9,1443.0,40.3,0.0,0,0,10.799999999999955,58152.899999999994,0.027908587257617728
9499,H38912,H,299.2,310.1,1542.0,36.1,5.0,0,0,10.900000000000034,55666.200000000004,0.02339598185353208
9500,L56679,L,299.2,310.1,1534.0,37.7,10.0,0,0,10.900000000000034,57831.8,0.02456026058631922
9501,L56680,L,299.2,310.2,1697.0,30.6,12.0,0,0,11.0,51928.200000000004,0.018021201413427564
9502,L56681,L,299.3,310.3,1396.0,47.4,14.0,0,0,11.0,66170.4,0.03392984967788117
9503,L56682,L,299.3,310.2,1495.0,49.2,16.0,0,0,10.899999999999977,73554.0,0.03288770053475936
9504,M24363,M,299.2,310.3,1551.0,44.8,18.0,0,0,11.100000000000023,69484.79999999999,0.028865979381443297
9505,L56684,L,299.2,310.3,1440.0,47.0,21.0,0,0,11.100000000000023,67680.0,0.03261623872310895
9506,L56685,L,299.2,310.3,1429.0,40.1,23.0,0,0,11.100000000000023,57302.9,0.028041958041958043
9507,H38920,H,299.3,310.4,1548.0,41.6,25.0,0,0,11.099999999999966,64396.8,0.02685603615235636
9508,L56687,L,299.3,310.5,1505.0,38.8,30.0,0,0,11.199999999999989,58393.99999999999,0.02576361221779548
9509,L56688,L,299.2,310.4,1611.0,36.4,32.0,0,0,11.199999999999989,58640.399999999994,0.02258064516129032
9510,M24369,M,299.2,310.4,1502.0,39.8,34.0,0,0,11.199999999999989,59779.6,0.026480372588157018
9511,M24370,M,299.2,310.4,1504.0,43.3,37.0,0,0,11.199999999999989,65123.2,0.028770764119601326
9512,L56691,L,299.1,310.3,1449.0,40.7,40.0,0,0,11.199999999999989,58974.3,0.028068965517241383
9513,L56692,L,299.0,310.2,1575.0,37.8,42.0,0,0,11.199999999999989,59534.99999999999,0.02398477157360406
9514,M24373,M,299.0,310.2,1598.0,33.4,44.0,0,0,11.199999999999989,53373.2,0.020888055034396495
9515,L56694,L,299.0,310.1,1416.0,45.9,47.0,0,0,11.100000000000023,64994.4,0.0323923782639379
9516,L56695,L,299.0,310.2,1682.0,28.8,49.0,0,0,11.199999999999989,48441.6,0.017112299465240642
9517,L56696,L,298.9,310.1,1341.0,54.5,51.0,0,0,11.200000000000045,73084.5,0.040611028315946346
9518,L56697,L,298.9,310.1,1523.0,39.1,53.0,0,0,11.200000000000045,59549.3,0.025656167979002626
9519,L56698,L,299.0,310.1,1580.0,41.9,55.0,0,0,11.100000000000023,66202.0,0.0265022137887413
9520,L56699,L,299.0,310.1,1531.0,36.0,57.0,0,0,11.100000000000023,55116.0,0.02349869451697128
9521,L56700,L,299.0,310.1,1375.0,48.9,59.0,0,0,11.100000000000023,67237.5,0.03553779069767442
9522,M24381,M,298.9,310.1,1484.0,40.4,61.0,0,0,11.200000000000045,59953.6,0.027205387205387205
9523,M24382,M,299.0,310.2,1657.0,32.3,64.0,0,0,11.199999999999989,53521.1,0.019481302774427018
9524,L56703,L,299.0,310.2,1494.0,40.6,67.0,0,0,11.199999999999989,60656.4,0.027157190635451505
9525,H38938,H,299.0,310.3,1658.0,27.6,69.0,0,0,11.300000000000011,45760.8,0.016636528028933093
9526,L56705,L,299.1,310.3,1411.0,42.1,74.0,0,0,11.199999999999989,59403.1,0.02981586402266289
9527,M24386,M,299.2,310.4,1395.0,55.4,76.0,0,0,11.199999999999989,77283.0,0.03968481375358166
9528,L56707,L,299.1,310.4,1550.0,43.9,79.0,0,0,11.299999999999955,68045.0,0.028304319793681493
9529,M24388,M,299.1,310.3,1233.0,59.0,81.0,0,0,11.199999999999989,72747.0,0.04781199351701783
9530,L56709,L,299.1,310.3,1459.0,46.7,84.0,0,0,11.199999999999989,68135.3,0.03198630136986302
9531,H38944,H,299.1,310.4,1405.0,53.6,86.0,0,0,11.299999999999955,75308.0,0.03812233285917496
9532,L56711,L,299.2,310.5,1458.0,44.1,91.0,0,0,11.300000000000011,64297.8,0.030226182316655244
9533,L56712,L,299.2,310.5,1384.0,48.7,93.0,0,0,11.300000000000011,67400.8,0.035162454873646214
9534,L56713,L,299.2,310.5,1705.0,29.5,95.0,0,0,11.300000000000011,50297.5,0.017291910902696366
9535,L56714,L,299.3,310.6,1443.0,45.7,97.0,0,0,11.300000000000011,65945.1,0.031648199445983384
9536,M24395,M,299.3,310.6,1609.0,31.4,99.0,0,0,11.300000000000011,50522.6,0.01950310559006211
9537,L56716,L,299.3,310.5,1818.0,26.0,102.0,0,0,11.199999999999989,47268.0,0.014293567894447499
9538,M24397,M,299.3,310.6,1457.0,42.1,104.0,0,0,11.300000000000011,61339.700000000004,0.02887517146776406
9539,L56718,L,299.3,310.6,1480.0,45.1,107.0,0,0,11.300000000000011,66748.0,0.030452397029034437
9540,L56719,L,299.4,310.8,1424.0,47.7,109.0,0,0,11.400000000000034,67924.8,0.033473684210526315
9541,M24400,M,299.4,310.8,1628.0,40.2,111.0,0,0,11.400000000000034,65445.600000000006,0.024677716390423574
9542,M24401,M,299.5,310.8,1754.0,31.3,114.0,0,0,11.300000000000011,54900.200000000004,0.017834757834757835
9543,L56722,L,299.6,310.9,1716.0,28.5,117.0,0,0,11.299999999999955,48906.0,0.016598718695398952
9544,M24403,M,299.5,310.9,1378.0,48.7,119.0,0,0,11.399999999999977,67108.6,0.03531544597534445
9545,L56724,L,299.6,311.0,1708.0,31.0,122.0,0,0,11.399999999999977,52948.0,0.018139262726740785
9546,L56725,L,299.6,311.0,1430.0,38.3,124.0,0,0,11.399999999999977,54768.99999999999,0.026764500349406008
9547,M24406,M,299.7,311.2,1560.0,43.9,126.0,0,0,11.5,68484.0,0.028122998078155027
9548,L56727,L,299.6,311.1,1679.0,30.7,129.0,0,0,11.5,51545.299999999996,0.018273809523809522
9549,L56728,L,299.6,311.1,1521.0,37.2,131.0,0,0,11.5,56581.200000000004,0.024441524310118267
9550,M24409,M,299.6,311.1,1649.0,33.8,133.0,0,0,11.5,55736.2,0.020484848484848484
9551,M24410,M,299.5,311.0,1451.0,43.3,136.0,0,0,11.5,62828.299999999996,0.029820936639118455
9552,L56731,L,299.4,310.8,1391.0,48.9,139.0,0,0,11.400000000000034,68019.9,0.03512931034482759
9553,M24412,M,299.3,310.8,1523.0,40.9,141.0,0,0,11.5,62290.7,0.026837270341207347
9554,L56733,L,299.3,310.7,1495.0,39.2,144.0,0,0,11.399999999999977,58604.00000000001,0.026203208556149736
9555,M24414,M,299.3,310.7,1440.0,45.5,146.0,0,0,11.399999999999977,65520.0,0.03157529493407356
9556,H38969,H,299.4,310.8,1585.0,31.4,149.0,0,0,11.400000000000034,49769.0,0.019798234552332913
9557,L56736,L,299.5,310.8,1374.0,48.3,154.0,0,0,11.300000000000011,66364.2,0.03512727272727272
9558,M24417,M,299.5,310.8,1507.0,40.2,156.0,0,0,11.300000000000011,60581.4,0.026657824933687003
9559,M24418,M,299.5,310.9,1577.0,34.6,159.0,0,0,11.399999999999977,54564.200000000004,0.021926489226869454
9560,L56739,L,299.5,310.9,1496.0,38.5,162.0,0,0,11.399999999999977,57596.0,0.02571810287241149
9561,L56740,L,299.6,310.9,1503.0,42.5,164.0,0,0,11.299999999999955,63877.5,0.028257978723404256
9562,L56741,L,299.6,310.9,1853.0,40.1,166.0,0,0,11.299999999999955,74305.3,0.021628910463861922
9563,M24422,M,299.7,311.0,1435.0,50.1,168.0,0,0,11.300000000000011,71893.5,0.03488857938718663
9564,M24423,M,299.8,311.1,1763.0,25.5,171.0,0,0,11.300000000000011,44956.5,0.01445578231292517
9565,L56744,L,299.8,311.1,1820.0,24.9,174.0,0,0,11.300000000000011,45318.0,0.013673805601317956
9566,M24425,M,299.8,311.1,1498.0,38.1,176.0,0,0,11.300000000000011,57073.8,0.02541694462975317
9567,L56746,L,299.8,311.1,1603.0,35.1,179.0,0,0,11.300000000000011,56265.3,0.02188279301745636
9568,L56747,L,299.8,311.1,1412.0,42.5,181.0,0,0,11.300000000000011,60010.0,0.030077848549186128
9569,L56748,L,299.8,311.1,1588.0,38.0,183.0,0,0,11.300000000000011,60344.0,0.02391441157960982
9570,M24429,M,299.8,311.0,1948.0,20.0,185.0,0,0,11.199999999999989,38960.0,0.01026167265264238
9571,L56750,L,299.7,310.9,1384.0,48.2,188.0,0,0,11.199999999999989,66708.8,0.0348014440433213
9572,L56751,L,299.7,310.8,1589.0,36.0,190.0,0,0,11.100000000000023,57204.0,0.022641509433962263
9573,M24432,M,299.7,310.8,1405.0,47.6,192.0,0,0,11.100000000000023,66878.0,0.033854907539118066
9574,L56753,L,299.7,310.9,1491.0,40.1,195.0,0,0,11.199999999999989,59789.1,0.02687667560321716
9575,H38988,H,299.7,310.8,1418.0,46.6,197.0,0,0,11.100000000000023,66078.8,0.032840028188865396
9576,M24435,M,299.6,310.8,1603.0,35.4,202.0,0,0,11.199999999999989,56746.2,0.022069825436408976
9577,L56756,L,299.6,310.7,1922.0,23.3,205.0,1,1,11.099999999999966,44782.6,0.012116484659386376
9578,M24437,M,299.5,310.7,1364.0,49.5,0.0,0,0,11.199999999999989,67518.0,0.03626373626373627
9579,L56758,L,299.4,310.7,1551.0,41.2,3.0,0,0,11.300000000000011,63901.200000000004,0.026546391752577322
9580,L56759,L,299.5,310.7,1589.0,33.5,5.0,0,0,11.199999999999989,53231.5,0.021069182389937106
9581,M24440,M,299.5,310.7,1423.0,56.5,7.0,0,0,11.199999999999989,80399.5,0.03967696629213483
9582,L56761,L,299.4,310.6,1418.0,53.1,10.0,0,0,11.200000000000045,75295.8,0.03742071881606766
9583,M24442,M,299.3,310.5,1404.0,47.5,12.0,0,0,11.199999999999989,66690.0,0.033807829181494664
9584,L56763,L,299.3,310.5,1281.0,59.8,15.0,0,0,11.199999999999989,76603.8,0.046645865834633385
9585,L56764,L,299.3,310.5,1529.0,41.3,17.0,0,0,11.199999999999989,63147.7,0.02699346405228758
9586,M24445,M,299.3,310.5,1563.0,42.1,19.0,0,0,11.199999999999989,65802.3,0.026918158567774936
9587,L56766,L,299.4,310.6,1348.0,54.5,22.0,0,0,11.200000000000045,73466.0,0.04040029651593773
9588,M24447,M,299.3,310.5,1462.0,40.5,24.0,0,0,11.199999999999989,59211.0,0.027682843472317156
9589,H39002,H,299.3,310.4,1510.0,45.5,27.0,0,0,11.099999999999966,68705.0,0.030112508272667107
9590,L56769,L,299.2,310.4,1472.0,43.3,32.0,0,0,11.199999999999989,63737.6,0.02939579090291921
9591,M24450,M,299.2,310.4,1325.0,52.0,34.0,0,0,11.199999999999989,68900.0,0.0392156862745098
9592,L56771,L,299.2,310.4,1570.0,37.3,37.0,0,0,11.199999999999989,58560.99999999999,0.02374283895607893
9593,L56772,L,299.2,310.4,1379.0,46.8,39.0,0,0,11.199999999999989,64537.2,0.033913043478260865
9594,L56773,L,299.1,310.2,1352.0,52.8,41.0,0,0,11.099999999999966,71385.59999999999,0.03902439024390244
9595,L56774,L,299.1,310.3,1727.0,28.7,43.0,0,0,11.199999999999989,49564.9,0.016608796296296295
9596,H39009,H,299.0,310.1,1432.0,50.0,45.0,0,0,11.100000000000023,71600.0,0.034891835310537335
9597,L56776,L,298.9,310.1,1466.0,43.4,50.0,0,0,11.200000000000045,63624.4,0.02958418541240627
9598,L56777,L,298.9,310.1,1510.0,38.0,52.0,0,0,11.200000000000045,57380.0,0.02514890800794176
9599,L56778,L,299.0,310.2,1490.0,41.1,54.0,0,0,11.199999999999989,61239.0,0.027565392354124748
9600,L56779,L,299.0,310.1,1463.0,37.4,56.0,0,0,11.100000000000023,54716.2,0.025546448087431693
9601,M24460,M,298.9,310.0,1561.0,45.3,58.0,0,0,11.100000000000023,70713.29999999999,0.02900128040973111
9602,L56781,L,298.9,310.1,2109.0,18.0,61.0,0,0,11.200000000000045,37962.0,0.008530805687203791
9603,L56782,L,298.9,310.2,1705.0,32.5,63.0,0,0,11.300000000000011,55412.5,0.019050410316529893
9604,M24463,M,298.9,310.1,1549.0,40.2,65.0,0,0,11.200000000000045,62269.8,0.025935483870967745
9605,H39018,H,299.0,310.2,1637.0,38.0,68.0,0,0,11.199999999999989,62206.0,0.0231990231990232
9606,M24465,M,298.9,310.1,1484.0,37.9,73.0,0,0,11.200000000000045,56243.6,0.025521885521885522
9607,L56786,L,298.9,310.1,1401.0,44.4,76.0,0,0,11.200000000000045,62204.4,0.03166904422253923
9608,L56787,L,298.9,310.1,1571.0,36.8,78.0,0,0,11.200000000000045,57812.799999999996,0.023409669211195926
9609,M24468,M,298.9,310.1,1513.0,41.5,80.0,0,0,11.200000000000045,62789.5,0.0274108322324967
9610,L56789,L,299.0,310.1,1470.0,40.3,83.0,0,0,11.100000000000023,59240.99999999999,0.027396329027872195
9611,L56790,L,299.0,310.1,1505.0,41.3,85.0,0,0,11.100000000000023,62156.49999999999,0.02742363877822045
9612,L56791,L,299.0,310.2,1432.0,42.2,87.0,0,0,11.199999999999989,60430.4,0.029448709002093513
9613,M24472,M,299.0,310.2,1625.0,31.8,89.0,0,0,11.199999999999989,51675.0,0.01955719557195572
9614,L56793,L,299.0,310.2,1377.0,62.5,92.0,1,0,11.199999999999989,86062.5,0.045355587808417995
9615,M24474,M,299.1,310.3,1441.0,43.9,94.0,0,0,11.199999999999989,63259.9,0.03044382801664355
9616,M24475,M,299.0,310.2,1564.0,39.9,97.0,0,0,11.199999999999989,62403.6,0.02549520766773163
9617,L56796,L,298.9,310.1,1580.0,37.3,100.0,0,0,11.200000000000045,58933.99999999999,0.02359266287160025
9618,L56797,L,299.0,310.2,1516.0,35.3,102.0,0,0,11.199999999999989,53514.799999999996,0.023269611074489122
9619,L56798,L,299.0,310.1,1447.0,42.8,104.0,0,0,11.100000000000023,61931.6,0.029558011049723755
9620,M24479,M,298.9,310.0,1323.0,52.9,106.0,0,0,11.100000000000023,69986.7,0.03995468277945619
9621,L56800,L,298.9,310.0,1470.0,45.9,109.0,0,0,11.100000000000023,67473.0,0.031203263086335826
9622,M24481,M,299.0,310.0,2049.0,19.5,111.0,0,0,11.0,39955.5,0.00951219512195122
9623,L56802,L,298.9,310.0,1794.0,40.1,114.0,0,0,11.100000000000023,71939.40000000001,0.02233983286908078
9624,L56803,L,298.9,310.1,1356.0,47.8,116.0,0,0,11.200000000000045,64816.799999999996,0.03522476050110538
9625,H39038,H,299.0,310.1,1555.0,38.6,118.0,0,0,11.100000000000023,60023.0,0.02480719794344473
9626,M24485,M,299.0,310.1,1487.0,47.5,123.0,0,0,11.100000000000023,70632.5,0.03192204301075269
9627,M24486,M,299.0,310.0,1341.0,58.9,126.0,0,0,11.0,78984.9,0.04388971684053651
9628,M24487,M,298.9,310.0,1487.0,36.6,129.0,0,0,11.100000000000023,54424.200000000004,0.024596774193548387
9629,H39042,H,299.0,310.0,1569.0,34.3,132.0,0,0,11.0,53816.7,0.02184713375796178
9630,H39043,H,299.0,310.1,2053.0,19.7,137.0,0,0,11.100000000000023,40444.1,0.009591041869522882
9631,L56810,L,299.0,310.1,1583.0,35.8,142.0,0,0,11.100000000000023,56671.399999999994,0.0226010101010101
9632,L56811,L,299.0,310.0,1672.0,33.2,144.0,0,0,11.0,55510.4,0.01984459055588763
9633,M24492,M,299.0,310.0,1337.0,57.4,146.0,0,0,11.0,76743.8,0.04289985052316891
9634,H39047,H,299.1,310.1,1421.0,41.2,149.0,0,0,11.0,58545.200000000004,0.0289732770745429
9635,L56814,L,299.1,310.2,1425.0,52.7,154.0,0,0,11.099999999999966,75097.5,0.03695652173913044
9636,L56815,L,299.2,310.2,1609.0,33.2,156.0,0,0,11.0,53418.8,0.020621118012422363
9637,L56816,L,299.2,310.3,1507.0,41.3,158.0,0,0,11.100000000000023,62239.1,0.027387267904509283
9638,L56817,L,299.2,310.3,1463.0,38.9,160.0,0,0,11.100000000000023,56910.7,0.02657103825136612
9639,H39052,H,299.3,310.4,1393.0,44.9,162.0,0,0,11.099999999999966,62545.7,0.032209469153515066
9640,L56819,L,299.3,310.4,1725.0,26.8,167.0,0,0,11.099999999999966,46230.0,0.015527230590961762
9641,L56820,L,299.4,310.5,1514.0,36.1,169.0,0,0,11.100000000000023,54655.4,0.02382838283828383
9642,L56821,L,299.3,310.4,1365.0,53.9,171.0,0,0,11.099999999999966,73573.5,0.03945827232796486
9643,L56822,L,299.4,310.5,1372.0,46.3,173.0,0,0,11.100000000000023,63523.6,0.033721777130371444
9644,L56823,L,299.4,310.4,1509.0,40.6,175.0,0,0,11.0,61265.4,0.02688741721854305
9645,L56824,L,299.3,310.4,1629.0,32.6,177.0,0,0,11.099999999999966,53105.4,0.02
9646,L56825,L,299.4,310.5,1749.0,28.1,179.0,0,0,11.100000000000023,49146.9,0.016057142857142857
9647,L56826,L,299.4,310.4,1582.0,31.7,181.0,0,0,11.0,50149.4,0.020025268477574226
9648,L56827,L,299.2,310.2,1458.0,47.0,183.0,0,0,11.0,68526.0,0.03221384509938314
9649,L56828,L,299.1,310.1,1416.0,41.2,185.0,0,0,11.0,58339.200000000004,0.029075511644318985
9650,H39063,H,299.1,310.0,1657.0,33.1,187.0,0,0,10.899999999999977,54846.700000000004,0.019963811821471653
9651,M24510,M,299.1,310.0,1437.0,41.1,192.0,0,0,10.899999999999977,59060.700000000004,0.028581363004172463
9652,M24511,M,299.1,310.0,1580.0,36.0,195.0,0,0,10.899999999999977,56880.0,0.022770398481973434
9653,M24512,M,299.0,310.0,1488.0,46.3,198.0,0,0,11.0,68894.4,0.03109469442578912
9654,L56833,L,299.0,309.9,1373.0,55.7,201.0,1,0,10.899999999999977,76476.1,0.040538573508005826
9655,L56834,L,299.1,310.0,1367.0,56.3,203.0,1,0,10.899999999999977,76962.09999999999,0.04115497076023392
9656,H39069,H,299.1,310.0,1431.0,49.5,205.0,0,0,10.899999999999977,70834.5,0.03456703910614525
9657,L56836,L,299.0,310.1,1623.0,33.0,210.0,0,0,11.100000000000023,53559.0,0.020320197044334975
9658,L56837,L,299.0,310.0,1484.0,39.6,212.0,0,0,11.0,58766.4,0.02666666666666667
9659,L56838,L,299.0,309.9,1548.0,34.5,214.0,0,0,10.899999999999977,53406.0,0.022272433828276306
9660,L56839,L,298.9,309.8,1287.0,61.9,216.0,1,0,10.900000000000034,79665.3,0.04805900621118012
9661,M24520,M,298.9,309.8,1392.0,43.1,218.0,0,0,10.900000000000034,59995.200000000004,0.030940416367552046
9662,H39075,H,299.0,310.0,1458.0,44.9,221.0,0,0,11.0,65464.2,0.03077450308430432
9663,M24522,M,299.1,310.1,1570.0,30.9,226.0,0,0,11.0,48513.0,0.019669000636537235
9664,L56843,L,299.1,310.1,1435.0,48.8,229.0,1,0,11.0,70028.0,0.03398328690807799
9665,L56844,L,299.1,310.2,1317.0,54.8,231.0,1,0,11.099999999999966,72171.59999999999,0.04157814871016692
9666,L56845,L,299.2,310.3,1610.0,33.3,233.0,0,0,11.100000000000023,53612.99999999999,0.020670391061452513
9667,M24526,M,299.1,310.3,1838.0,24.0,235.0,0,0,11.199999999999989,44112.0,0.013050570962479609
9668,L56847,L,299.2,310.3,1352.0,48.9,238.0,1,0,11.100000000000023,66112.8,0.03614190687361419
9669,L56848,L,299.1,310.3,1619.0,35.2,240.0,0,0,11.199999999999989,56988.8,0.021728395061728398
9670,L56849,L,299.1,310.3,1619.0,31.1,242.0,0,0,11.199999999999989,50350.9,0.01919753086419753
9671,L56850,L,299.0,310.2,1690.0,30.7,244.0,0,0,11.199999999999989,51883.0,0.018154937906564163
9672,L56851,L,299.0,310.2,1412.0,44.1,246.0,0,0,11.199999999999989,62269.200000000004,0.031210191082802548
9673,H39086,H,299.0,310.2,1744.0,31.5,0.0,0,0,11.199999999999989,54936.0,0.01805157593123209
9674,M24533,M,299.0,310.1,1593.0,35.4,5.0,0,0,11.100000000000023,56392.2,0.02220828105395232
9675,L56854,L,299.1,310.2,1695.0,29.6,8.0,0,0,11.099999999999966,50172.0,0.017452830188679245
9676,M24535,M,299.0,310.2,1298.0,57.2,10.0,0,0,11.199999999999989,74245.6,0.04403387220939184
9677,L56856,L,299.0,310.1,1886.0,21.2,13.0,0,0,11.100000000000023,39983.2,0.011234764175940647
9678,L56857,L,299.0,310.1,2033.0,19.3,15.0,0,0,11.100000000000023,39236.9,0.009488692232055064
9679,M24538,M,299.1,310.2,1711.0,28.1,17.0,0,0,11.099999999999966,48079.100000000006,0.01641355140186916
9680,L56859,L,299.1,310.2,1598.0,33.4,20.0,0,0,11.099999999999966,53373.2,0.020888055034396495
9681,L56860,L,299.1,310.1,1894.0,24.2,22.0,0,0,11.0,45834.799999999996,0.012770448548812664
9682,M24541,M,299.1,310.1,1412.0,44.4,24.0,0,0,11.0,62692.799999999996,0.031422505307855626
9683,L56862,L,299.1,310.0,1394.0,46.6,27.0,0,0,10.899999999999977,64960.4,0.03340501792114695
9684,M24543,M,299.0,310.0,1338.0,56.4,29.0,0,0,11.0,75463.2,0.0421209858103062
9685,H39098,H,298.9,309.9,1376.0,51.0,32.0,0,0,11.0,70176.0,0.037037037037037035
9686,L56865,L,299.0,310.0,1360.0,48.1,37.0,0,0,11.0,65416.0,0.03534166054371785
9687,L56866,L,299.1,310.1,1486.0,40.7,39.0,0,0,11.0,60480.200000000004,0.027370544720914596
9688,M24547,M,299.1,310.1,1649.0,31.6,41.0,0,0,11.0,52108.4,0.019151515151515152
9689,L56868,L,299.1,310.1,1367.0,45.6,44.0,0,0,11.0,62335.200000000004,0.03333333333333333
9690,L56869,L,299.0,310.1,1362.0,59.5,46.0,0,0,11.100000000000023,81039.0,0.043653705062362436
9691,M24550,M,298.9,310.0,1520.0,35.6,48.0,0,0,11.100000000000023,54112.0,0.023405654174884945
9692,L56871,L,299.0,310.0,1582.0,31.9,51.0,0,0,11.0,50465.799999999996,0.020151610865445355
9693,M24552,M,299.0,310.0,1667.0,30.0,53.0,0,0,11.0,50010.0,0.017985611510791366
9694,L56873,L,298.9,310.0,1693.0,28.8,56.0,0,0,11.100000000000023,48758.4,0.017001180637544275
9695,L56874,L,298.9,310.0,1559.0,33.4,58.0,0,0,11.100000000000023,52070.6,0.021410256410256408
9696,L56875,L,298.9,309.9,1592.0,32.0,60.0,0,0,11.0,50944.0,0.020087884494664157
9697,L56876,L,298.9,309.9,1404.0,39.8,62.0,0,0,11.0,55879.2,0.028327402135231314
9698,M24557,M,298.8,309.8,1413.0,45.5,64.0,0,0,11.0,64291.5,0.03217821782178218
9699,L56878,L,298.8,309.8,1663.0,28.2,67.0,0,0,11.0,46896.6,0.016947115384615383
9700,L56879,L,298.8,309.8,1508.0,36.3,69.0,0,0,11.0,54740.399999999994,0.024055666003976142
9701,M24560,M,298.9,309.8,1353.0,53.7,71.0,0,0,10.900000000000034,72656.1,0.0396602658788774
9702,L56881,L,298.8,309.8,1485.0,42.4,74.0,0,0,11.0,62964.0,0.028532974427994615
9703,L56882,L,298.9,310.0,1633.0,31.2,76.0,0,0,11.100000000000023,50949.6,0.01909424724602203
9704,L56883,L,298.9,310.0,1422.0,43.6,78.0,0,0,11.100000000000023,61999.200000000004,0.030639494026704146
9705,L56884,L,298.9,310.1,1577.0,41.4,80.0,0,0,11.200000000000045,65287.799999999996,0.026235741444866918
9706,L56885,L,298.9,310.0,1482.0,41.1,82.0,0,0,11.100000000000023,60910.200000000004,0.027714093054619016
9707,M24566,M,299.0,310.1,1705.0,30.1,84.0,0,0,11.100000000000023,51320.5,0.017643610785463074
9708,L56887,L,299.0,310.1,1699.0,32.9,87.0,0,0,11.100000000000023,55897.1,0.019352941176470587
9709,L56888,L,299.0,310.1,1664.0,29.7,89.0,0,0,11.100000000000023,49420.799999999996,0.017837837837837836
9710,M24569,M,299.0,310.0,1486.0,34.6,91.0,0,0,11.0,51415.6,0.023268325487558843
9711,L56890,L,299.1,310.1,1336.0,61.3,94.0,0,0,11.0,81896.8,0.045848915482423334
9712,H39125,H,300.1,310.1,1429.0,42.9,96.0,0,0,10.0,61304.1,0.03
9713,M24572,M,299.1,310.2,1456.0,48.4,101.0,0,0,11.099999999999966,70470.4,0.033218943033630745
9714,L56893,L,299.1,310.2,1496.0,45.0,104.0,0,0,11.099999999999966,67320.0,0.03006012024048096
9715,L56894,L,299.1,310.1,1894.0,20.1,106.0,0,0,11.0,38069.4,0.010606860158311346
9716,L56895,L,299.1,310.1,1373.0,55.6,108.0,0,0,11.0,76338.8,0.04046579330422125
9717,H39130,H,299.0,310.0,1387.0,45.2,110.0,0,0,11.0,62692.4,0.03256484149855908
9718,L56897,L,298.9,309.9,1500.0,44.2,115.0,0,0,11.0,66300.0,0.029447035309793472
9719,L56898,L,298.9,309.9,1517.0,36.6,117.0,0,0,11.0,55522.200000000004,0.024110671936758893
9720,L56899,L,298.9,309.9,1309.0,56.2,119.0,0,0,11.0,73565.8,0.042900763358778626
9721,M24580,M,298.9,309.9,1357.0,54.5,121.0,0,0,11.0,73956.5,0.04013254786450663
9722,L56901,L,298.8,309.8,1490.0,40.6,124.0,0,0,11.0,60494.0,0.027230046948356807
9723,H39136,H,298.8,309.8,1911.0,21.6,126.0,0,0,11.0,41277.600000000006,0.011297071129707114
9724,L56903,L,298.8,309.8,1599.0,33.6,131.0,0,0,11.0,53726.4,0.021
9725,M24584,M,298.8,309.7,2098.0,19.0,133.0,0,0,10.899999999999977,39862.0,0.009051929490233444
9726,M24585,M,298.7,309.7,1629.0,27.9,136.0,0,0,11.0,45449.1,0.017116564417177915
9727,L56906,L,298.8,309.8,1557.0,37.2,139.0,0,0,11.0,57920.4,0.02387676508344031
9728,L56907,L,298.8,309.8,1461.0,39.4,141.0,0,0,11.0,57563.4,0.02694938440492476
9729,L56908,L,298.8,309.8,1563.0,33.7,143.0,0,0,11.0,52673.100000000006,0.021547314578005117
9730,L56909,L,298.7,309.8,1695.0,29.0,145.0,0,0,11.100000000000023,49155.0,0.017099056603773585
9731,L56910,L,298.8,310.0,1528.0,36.7,147.0,0,0,11.199999999999989,56077.600000000006,0.024002616088947028
9732,L56911,L,298.8,310.0,1389.0,49.6,149.0,0,0,11.199999999999989,68894.40000000001,0.035683453237410075
9733,L56912,L,298.9,310.0,2231.0,17.4,151.0,0,0,11.100000000000023,38819.399999999994,0.0077956989247311825
9734,M24593,M,298.9,310.1,1442.0,42.9,153.0,0,0,11.200000000000045,61861.799999999996,0.029729729729729728
9735,H39148,H,298.9,310.1,1458.0,44.3,156.0,0,0,11.200000000000045,64589.399999999994,0.03036326250856751
9736,L56915,L,299.0,310.1,1444.0,47.7,161.0,0,0,11.100000000000023,68878.8,0.03301038062283737
9737,M24596,M,298.9,310.0,1348.0,58.2,163.0,0,0,11.100000000000023,78453.6,0.04314306893995552
9738,L56917,L,298.9,310.0,1791.0,27.6,166.0,0,0,11.100000000000023,49431.600000000006,0.015401785714285715
9739,L56918,L,299.0,310.0,1509.0,38.0,168.0,0,0,11.0,57342.0,0.025165562913907286
9740,L56919,L,298.9,310.0,1515.0,42.9,170.0,0,0,11.100000000000023,64993.5,0.02829815303430079
9741,M24600,M,298.9,310.1,1655.0,31.5,172.0,0,0,11.200000000000045,52132.5,0.019021739130434784
9742,L56921,L,298.9,310.1,1495.0,42.9,175.0,0,0,11.200000000000045,64135.5,0.028676470588235293
9743,L56922,L,298.9,310.2,1623.0,37.2,177.0,0,0,11.300000000000011,60375.600000000006,0.0229064039408867
9744,L56923,L,298.9,310.2,1562.0,42.5,179.0,0,0,11.300000000000011,66385.0,0.027191298784388994
9745,L56924,L,298.8,310.1,1574.0,36.2,181.0,0,0,11.300000000000011,56978.8,0.022984126984126985
9746,L56925,L,298.8,310.0,1611.0,32.4,183.0,0,0,11.199999999999989,52196.399999999994,0.02009925558312655
9747,L56926,L,298.8,310.0,1403.0,45.6,185.0,0,0,11.199999999999989,63976.8,0.03247863247863248
9748,L56927,L,298.8,310.1,1481.0,47.4,187.0,0,0,11.300000000000011,70199.4,0.031983805668016195
9749,M24608,M,298.9,310.1,1441.0,41.2,189.0,0,0,11.200000000000045,59369.200000000004,0.028571428571428574
9750,H39163,H,298.8,310.1,1483.0,45.4,192.0,0,0,11.300000000000011,67328.2,0.03059299191374663
9751,L56930,L,298.7,310.0,1555.0,32.6,197.0,0,0,11.300000000000011,50693.0,0.020951156812339333
9752,L56931,L,298.6,309.9,1615.0,28.8,199.0,0,0,11.299999999999955,46512.0,0.017821782178217824
9753,L56932,L,298.6,310.1,1561.0,32.6,201.0,0,0,11.5,50888.600000000006,0.020870678617157492
9754,L56933,L,298.5,309.8,1593.0,35.1,203.0,0,0,11.300000000000011,55914.3,0.02202007528230866
9755,M24614,M,298.5,309.7,1552.0,34.0,205.0,0,0,11.199999999999989,52768.0,0.02189311010946555
9756,H39169,H,298.5,309.7,1561.0,35.3,208.0,0,0,11.199999999999989,55103.299999999996,0.02259923175416133
9757,L56936,L,298.6,309.8,1597.0,35.9,213.0,0,0,11.199999999999989,57332.299999999996,0.022465581977471838
9758,M24617,M,298.6,309.9,1517.0,34.0,215.0,0,0,11.299999999999955,51578.0,0.022397891963109356
9759,L56938,L,298.6,309.8,2271.0,16.2,218.0,1,1,11.199999999999989,36790.2,0.007130281690140845
9760,L56939,L,298.5,309.7,1613.0,36.7,0.0,0,0,11.199999999999989,59197.100000000006,0.02273853779429988
9761,M24620,M,298.5,309.6,1509.0,47.3,2.0,0,0,11.100000000000023,71375.7,0.03132450331125828
9762,L56941,L,298.6,309.7,1703.0,26.1,5.0,0,0,11.099999999999966,44448.3,0.015316901408450705
9763,L56942,L,298.6,309.7,1925.0,22.1,7.0,0,0,11.099999999999966,42542.5,0.011474558670820353
9764,M24623,M,298.6,309.6,1635.0,29.7,9.0,0,0,11.0,48559.5,0.01815403422982885
9765,L56944,L,298.5,309.5,1294.0,66.7,12.0,1,0,11.0,86309.8,0.05150579150579151
9766,L56945,L,298.6,309.6,1472.0,39.1,14.0,0,0,11.0,57555.200000000004,0.026544467073998643
9767,H39180,H,298.6,309.6,1449.0,42.5,16.0,0,0,11.0,61582.5,0.029310344827586206
9768,L56947,L,298.6,309.6,1563.0,35.0,21.0,0,0,11.0,54705.0,0.02237851662404092
9769,L56948,L,298.6,309.6,1611.0,35.7,23.0,0,0,11.0,57512.700000000004,0.022146401985111665
9770,L56949,L,298.6,309.6,1386.0,48.6,25.0,0,0,11.0,67359.6,0.03503965392934391
9771,H39184,M,298.6,309.5,1584.0,31.8,27.0,0,0,10.899999999999977,50371.200000000004,0.020063091482649842
9772,M24631,M,298.7,309.6,1424.0,50.4,32.0,0,0,10.900000000000034,71769.59999999999,0.03536842105263158
9773,L56952,L,298.5,309.5,1561.0,34.8,35.0,0,0,11.0,54322.799999999996,0.022279129321382842
9774,L56953,L,298.5,309.4,1560.0,37.9,37.0,0,0,10.899999999999977,59124.0,0.024279308135810376
9775,H39188,H,298.6,309.5,1375.0,41.0,39.0,0,0,10.899999999999977,56375.0,0.029796511627906978
9776,M24635,M,298.6,309.5,1684.0,27.8,44.0,0,0,10.899999999999977,46815.200000000004,0.016498516320474776
9777,M24636,M,298.6,309.6,1397.0,54.1,47.0,0,0,11.0,75577.7,0.03869814020028613
9778,L56957,L,298.6,309.6,1387.0,57.6,50.0,0,0,11.0,79891.2,0.0414985590778098
9779,H39192,H,298.7,309.7,1311.0,54.5,52.0,0,0,11.0,71449.5,0.041539634146341466
9780,L56959,L,298.8,309.8,1509.0,36.2,57.0,0,0,11.0,54625.8,0.023973509933774836
9781,M24640,M,298.8,309.8,1477.0,46.7,59.0,0,0,11.0,68975.90000000001,0.03159675236806495
9782,L56961,L,298.8,309.9,1441.0,41.6,62.0,0,0,11.099999999999966,59945.6,0.028848821081830792
9783,L56962,L,298.7,309.9,1404.0,47.1,64.0,0,0,11.199999999999989,66128.40000000001,0.033523131672597864
9784,H39197,H,298.8,309.9,1466.0,44.6,66.0,0,0,11.099999999999966,65383.6,0.03040218132242672
9785,M24644,M,298.7,309.8,1435.0,48.8,71.0,0,0,11.100000000000023,70028.0,0.03398328690807799
9786,H39199,H,298.7,309.7,1697.0,29.8,74.0,0,0,11.0,50570.6,0.017550058892815076
9787,M24646,M,298.7,309.6,1738.0,27.3,79.0,0,0,10.900000000000034,47447.4,0.01569867740080506
9788,H39201,M,298.6,309.5,1420.0,50.4,82.0,0,0,10.899999999999977,71568.0,0.0354679802955665
9789,M24648,M,298.5,309.5,1535.0,39.8,87.0,0,0,11.0,61092.99999999999,0.02591145833333333
9790,L56969,L,298.6,309.6,1715.0,28.4,90.0,0,0,11.0,48706.0,0.01655011655011655
9791,L56970,L,298.6,309.5,1483.0,43.2,92.0,0,0,10.899999999999977,64065.600000000006,0.029110512129380057
9792,M24651,M,298.5,309.4,1521.0,37.5,94.0,0,0,10.899999999999977,57037.5,0.024638633377135347
9793,H39206,H,298.5,309.4,1573.0,36.0,97.0,0,0,10.899999999999977,56628.0,0.022871664548919948
9794,H39207,H,298.5,309.4,1414.0,46.7,102.0,0,0,10.899999999999977,66033.8,0.0330035335689046
9795,L56974,L,298.5,309.3,1590.0,33.9,107.0,0,0,10.800000000000011,53901.0,0.0213073538654934
9796,L56975,L,298.5,309.3,1623.0,33.1,109.0,0,0,10.800000000000011,53721.3,0.02038177339901478
9797,H39210,H,298.4,309.3,1694.0,30.9,111.0,0,0,10.900000000000034,52344.6,0.01823008849557522
9798,M24657,M,298.4,309.2,1597.0,33.5,116.0,0,0,10.800000000000011,53499.5,0.020963704630788487
9799,L56978,L,298.5,309.3,1471.0,44.7,119.0,0,0,10.800000000000011,65753.7,0.030366847826086958
9800,M24659,M,298.5,309.3,1551.0,34.7,121.0,0,0,10.800000000000011,53819.700000000004,0.022358247422680413
9801,H39214,H,298.5,309.3,1421.0,50.3,124.0,0,0,10.800000000000011,71476.3,0.035372714486638535
9802,M24661,M,298.4,309.3,1496.0,45.6,129.0,0,0,10.900000000000034,68217.6,0.030460921843687375
9803,H39216,H,298.4,309.3,1984.0,19.2,132.0,0,0,10.900000000000034,38092.799999999996,0.009672544080604533
9804,L56983,L,298.4,309.2,1692.0,29.8,137.0,0,0,10.800000000000011,50421.6,0.017601890135853514
9805,L56984,L,298.4,309.1,1467.0,42.5,139.0,0,0,10.700000000000045,62347.5,0.028950953678474115
9806,L56985,L,298.4,309.2,1651.0,28.5,141.0,0,0,10.800000000000011,47053.5,0.01725181598062954
9807,L56986,L,298.3,309.1,1417.0,60.5,143.0,0,0,10.800000000000011,85728.5,0.04266572637517631
9808,L56987,L,298.2,309.0,1413.0,55.0,145.0,0,0,10.800000000000011,77715.0,0.038896746817538894
9809,M24668,L,298.2,309.0,1441.0,44.2,147.0,0,0,10.800000000000011,63692.200000000004,0.030651872399445217
9810,M24669,M,298.2,309.0,1353.0,50.3,150.0,0,0,10.800000000000011,68055.9,0.037149187592319055
9811,L56990,L,298.1,309.0,1502.0,40.9,153.0,0,0,10.899999999999977,61431.799999999996,0.02721224218230206
9812,L56991,L,298.2,309.0,1610.0,31.7,155.0,0,0,10.800000000000011,51037.0,0.0196772191185599
9813,M24672,M,298.2,309.1,1411.0,45.8,157.0,0,0,10.900000000000034,64623.799999999996,0.03243626062322946
9814,L56993,L,298.3,309.1,1387.0,52.3,160.0,0,0,10.800000000000011,72540.09999999999,0.03768011527377521
9815,H39228,H,298.3,309.1,1430.0,40.9,162.0,0,0,10.800000000000011,58487.0,0.028581411600279525
9816,M24675,M,298.4,309.1,1576.0,38.8,167.0,0,0,10.700000000000045,61148.799999999996,0.024603677869372224
9817,M24676,M,298.5,309.2,1721.0,29.4,170.0,0,0,10.699999999999989,50597.399999999994,0.017073170731707315
9818,M24677,M,298.5,309.3,1465.0,42.4,173.0,0,0,10.800000000000011,62116.0,0.028922237380627557
9819,M24678,M,298.6,309.4,1407.0,45.1,176.0,0,0,10.799999999999955,63455.700000000004,0.032031250000000004
9820,M24679,L,298.6,309.4,1464.0,36.9,179.0,0,0,10.799999999999955,54021.6,0.025187713310580204
9821,M24680,M,298.6,309.5,1568.0,36.7,182.0,0,0,10.899999999999977,57545.600000000006,0.023390694710006377
9822,L57001,L,298.6,309.4,1667.0,35.6,185.0,0,0,10.799999999999955,59345.200000000004,0.021342925659472423
9823,L57002,L,298.5,309.4,1360.0,60.9,187.0,1,0,10.899999999999977,82824.0,0.04474650991917707
9824,M24683,M,298.5,309.3,1488.0,43.7,189.0,0,0,10.800000000000011,65025.600000000006,0.029348556077904635
9825,L57004,L,298.4,309.3,1504.0,39.3,192.0,0,0,10.900000000000034,59107.2,0.02611295681063123
9826,L57005,L,298.4,309.2,1610.0,32.4,194.0,0,0,10.800000000000011,52164.0,0.02011173184357542
9827,L57006,L,298.4,309.2,1345.0,52.7,196.0,0,0,10.800000000000011,70881.5,0.03915304606240713
9828,M24687,M,298.3,309.3,1376.0,57.0,198.0,0,0,11.0,78432.0,0.04139433551198257
9829,L57008,L,298.4,309.4,1385.0,50.0,201.0,0,0,11.0,69250.0,0.03607503607503607
9830,M24689,M,298.4,309.4,1429.0,41.8,203.0,0,0,11.0,59732.2,0.02923076923076923
9831,L57010,L,298.3,309.3,1337.0,56.1,206.0,1,0,11.0,75005.7,0.04192825112107623
9832,L57011,L,298.4,309.3,1542.0,35.4,208.0,0,0,10.900000000000034,54586.799999999996,0.02294232015554115
9833,L57012,L,298.4,309.2,2118.0,17.7,210.0,0,0,10.800000000000011,37488.6,0.008352996696554978
9834,L57013,L,298.3,309.1,1386.0,45.3,212.0,0,0,10.800000000000011,62785.799999999996,0.032660418168709446
9835,M24694,M,298.3,309.1,1632.0,32.7,0.0,0,0,10.800000000000011,53366.4,0.020024494794856094
9836,L57015,L,298.4,309.3,1545.0,36.9,3.0,0,0,10.900000000000034,57010.5,0.02386804657179819
9837,M24696,M,298.4,309.3,1390.0,53.6,5.0,0,0,10.900000000000034,74504.0,0.0385334291876348
9838,M24697,M,298.4,309.3,1355.0,50.6,8.0,0,0,10.900000000000034,68563.0,0.03731563421828909
9839,L57018,L,298.4,309.2,1425.0,45.5,11.0,0,0,10.800000000000011,64837.5,0.03190743338008415
9840,M24699,M,298.4,309.2,1491.0,51.2,13.0,0,0,10.800000000000011,76339.2,0.03431635388739947
9841,H39254,H,298.3,309.2,1486.0,42.4,16.0,0,0,10.899999999999977,63006.4,0.0285137861466039
9842,M24701,M,298.3,309.2,1359.0,51.4,21.0,0,0,10.899999999999977,69852.59999999999,0.037794117647058825
9843,L57022,L,298.4,309.3,1395.0,47.6,24.0,0,0,10.900000000000034,66402.0,0.034097421203438394
9844,L57023,L,298.3,309.2,1383.0,52.1,26.0,0,0,10.899999999999977,72054.3,0.03764450867052023
9845,H39258,H,298.3,309.1,1484.0,37.0,28.0,0,0,10.800000000000011,54908.0,0.024915824915824916
9846,L57025,L,298.3,309.1,1421.0,47.4,33.0,0,0,10.800000000000011,67355.4,0.03333333333333333
9847,L57026,L,298.3,309.0,1339.0,58.8,35.0,0,0,10.699999999999989,78733.2,0.043880597014925374
9848,L57027,L,298.4,309.1,1362.0,46.1,37.0,0,0,10.700000000000045,62788.200000000004,0.03382245047688921
9849,H39262,H,298.5,309.2,1568.0,40.6,39.0,0,0,10.699999999999989,63660.8,0.025876354365838114
9850,L57029,L,298.6,309.4,2312.0,15.5,44.0,0,0,10.799999999999955,35836.0,0.006701253782965845
9851,M24710,M,298.5,309.3,1498.0,34.6,46.0,0,0,10.800000000000011,51830.8,0.023082054703135426
9852,M24711,M,298.5,309.3,1761.0,27.2,49.0,0,0,10.800000000000011,47899.2,0.015437003405221339
9853,L57032,L,298.6,309.4,1316.0,51.4,52.0,0,0,10.799999999999955,67642.4,0.03902809415337889
9854,L57033,L,298.6,309.4,1525.0,37.8,54.0,0,0,10.799999999999955,57644.99999999999,0.02477064220183486
9855,H39268,H,298.6,309.4,1362.0,45.3,56.0,0,0,10.799999999999955,61698.6,0.03323550990462216
9856,L57035,L,298.7,309.6,1516.0,38.5,61.0,0,0,10.900000000000034,58366.0,0.025379037574159526
9857,L57036,L,298.6,309.5,1450.0,44.2,63.0,0,0,10.899999999999977,64090.00000000001,0.03046175051688491
9858,M24717,M,298.6,309.5,1366.0,55.0,65.0,0,0,10.899999999999977,75130.0,0.04023408924652524
9859,L57038,L,298.5,309.5,1547.0,33.1,68.0,0,0,11.0,51205.700000000004,0.021382428940568476
9860,M24719,M,298.6,309.5,1580.0,33.9,70.0,0,0,10.899999999999977,53562.0,0.02144212523719165
9861,H39274,H,298.7,309.6,1755.0,26.9,73.0,0,0,10.900000000000034,47209.5,0.01531890660592255
9862,M24721,M,298.7,309.6,1800.0,24.8,78.0,0,0,10.900000000000034,44640.0,0.01377012770682954
9863,M24722,M,298.8,309.7,1439.0,45.8,81.0,0,0,10.899999999999977,65906.2,0.03180555555555555
9864,L57043,L,298.9,309.8,1411.0,56.3,84.0,0,0,10.900000000000034,79439.3,0.039872521246458924
9865,M24724,M,298.9,309.9,1645.0,31.4,86.0,0,0,11.0,51653.0,0.019076549210206562
9866,M24725,M,298.9,309.8,2450.0,13.9,89.0,0,0,10.900000000000034,34055.0,0.005671154630762954
9867,L57046,L,299.0,309.9,1630.0,34.0,92.0,0,0,10.899999999999977,55420.0,0.020846106683016553
9868,L57047,L,299.0,309.9,1411.0,44.7,94.0,0,0,10.899999999999977,63071.700000000004,0.031657223796033994
9869,L57048,L,298.9,309.9,1526.0,35.4,96.0,0,0,11.0,54020.4,0.02318271119842829
9870,L57049,L,298.9,309.9,1590.0,31.3,98.0,0,0,11.0,49767.0,0.01967316153362665
9871,H39284,H,299.0,309.9,1884.0,25.6,100.0,0,0,10.899999999999977,48230.4,0.013580901856763927
9872,M24731,M,298.9,309.8,1947.0,21.7,105.0,0,0,10.900000000000034,42249.9,0.011139630390143736
9873,L57052,L,298.9,309.9,1373.0,52.1,108.0,0,0,11.0,71533.3,0.03791848617176128
9874,L57053,L,298.9,309.8,1616.0,36.5,110.0,0,0,10.900000000000034,58984.0,0.02257266542980829
9875,M24734,M,298.9,309.9,1449.0,44.1,112.0,0,0,11.0,63900.9,0.030413793103448276
9876,M24735,M,298.9,309.8,1363.0,50.6,115.0,0,0,10.900000000000034,68967.8,0.037096774193548385
9877,H39290,H,298.8,309.7,1461.0,55.1,118.0,0,0,10.899999999999977,80501.1,0.03768809849521204
9878,L57057,L,298.8,309.7,1374.0,58.6,123.0,0,0,10.899999999999977,80516.40000000001,0.04261818181818182
9879,L57058,L,298.7,309.7,1293.0,59.1,125.0,0,0,11.0,76416.3,0.045672333848531685
9880,M24739,M,298.8,309.8,1490.0,38.6,127.0,0,0,11.0,57514.0,0.025888665325285044
9881,L57060,L,298.8,309.8,1753.0,27.5,130.0,0,0,11.0,48207.5,0.015678449258836945
9882,L57061,L,298.8,309.8,1493.0,38.5,132.0,0,0,11.0,57480.5,0.025769745649263723
9883,L57062,L,298.8,309.8,1895.0,22.0,134.0,0,0,11.0,41690.0,0.011603375527426161
9884,H39297,H,298.7,309.6,1654.0,34.3,136.0,0,0,10.900000000000034,56732.2,0.020725075528700905
9885,L57064,L,298.7,309.5,1673.0,30.8,141.0,0,0,10.800000000000011,51528.4,0.018399044205495818
9886,L57065,L,298.8,309.6,1613.0,27.7,143.0,0,0,10.800000000000011,44680.1,0.017162329615861213
9887,L57066,L,298.8,309.6,1903.0,22.3,145.0,0,0,10.800000000000011,42436.9,0.01171218487394958
9888,L57067,L,298.8,309.5,1368.0,44.7,147.0,0,0,10.699999999999989,61149.600000000006,0.03265157048940833
9889,M24748,M,298.8,309.6,1575.0,34.4,149.0,0,0,10.800000000000011,54180.0,0.02182741116751269
9890,H39303,H,298.8,309.6,1516.0,40.2,152.0,0,0,10.800000000000011,60943.200000000004,0.02649967040210943
9891,L57070,L,298.8,309.5,1645.0,32.8,157.0,0,0,10.699999999999989,53955.99999999999,0.019927095990279465
9892,L57071,L,298.8,310.1,1374.0,48.1,159.0,0,0,11.300000000000011,66089.40000000001,0.03498181818181818
9893,H39306,H,298.9,309.7,1407.0,48.6,161.0,0,0,10.800000000000011,68380.2,0.03451704545454545
9894,M24753,M,298.9,309.6,1284.0,55.3,166.0,0,0,10.700000000000045,71005.2,0.04303501945525292
9895,L57074,L,298.9,309.5,1645.0,31.1,169.0,0,0,10.600000000000023,51159.5,0.018894289185905227
9896,L57075,L,298.8,309.4,1387.0,54.1,171.0,0,0,10.599999999999966,75036.7,0.038976945244956776
9897,M24756,M,298.8,309.3,1618.0,35.1,173.0,0,0,10.5,56791.8,0.021680049413218036
9898,L57077,L,298.8,309.3,1357.0,47.1,176.0,0,0,10.5,63914.700000000004,0.03468335787923417
9899,L57078,L,298.7,309.2,1396.0,44.8,178.0,0,0,10.5,62540.799999999996,0.032068718682891906
9900,L57079,L,298.7,309.2,1586.0,31.4,180.0,0,0,10.5,49800.399999999994,0.01978575929426591
9901,H39314,H,298.7,309.2,1449.0,42.3,182.0,0,0,10.5,61292.7,0.029172413793103445
9902,M24761,M,298.7,309.2,1423.0,48.9,187.0,0,0,10.5,69584.7,0.034339887640449436
9903,H39316,H,298.7,309.3,1402.0,45.3,190.0,0,0,10.600000000000023,63510.6,0.032287954383464004
9904,M24763,M,298.7,309.2,1437.0,45.7,195.0,0,0,10.5,65670.90000000001,0.031780250347705145
9905,L57084,L,298.6,309.1,1537.0,35.7,198.0,0,0,10.5,54870.9,0.023211963589076724
9906,M24765,M,298.7,309.1,1423.0,49.5,200.0,0,0,10.400000000000034,70438.5,0.03476123595505618
9907,M24766,M,298.6,309.1,1587.0,37.3,203.0,0,0,10.5,59195.1,0.02348866498740554
9908,M24767,M,298.6,309.1,1487.0,43.2,206.0,0,0,10.5,64238.4,0.02903225806451613
9909,L57088,L,298.6,309.0,1456.0,47.7,0.0,0,0,10.399999999999977,69451.2,0.03273850377487989
9910,L57089,L,298.7,309.1,1607.0,32.7,2.0,0,0,10.400000000000034,52548.9,0.02033582089552239
9911,L57090,L,298.6,309.0,1469.0,46.0,4.0,0,0,10.399999999999977,67574.0,0.031292517006802724
9912,M24771,M,298.6,309.0,1481.0,40.8,6.0,0,0,10.399999999999977,60424.799999999996,0.027530364372469633
9913,L57092,L,298.6,308.9,1327.0,58.8,9.0,0,0,10.299999999999955,78027.59999999999,0.04427710843373494
9914,L57093,L,298.5,308.8,1589.0,30.6,11.0,0,0,10.300000000000011,48623.4,0.019245283018867926
9915,L57094,L,298.5,308.8,1670.0,29.6,13.0,0,0,10.300000000000011,49432.0,0.017713943746259727
9916,M24775,M,298.5,308.7,1662.0,28.3,15.0,0,0,10.199999999999989,47034.6,0.017017438364401685
9917,M24776,M,298.5,308.8,1553.0,34.9,18.0,0,0,10.300000000000011,54199.7,0.022458172458172457
9918,M24777,M,298.5,308.8,1557.0,36.0,21.0,0,0,10.300000000000011,56052.0,0.023106546854942234
9919,L57098,L,298.4,308.8,1352.0,56.7,24.0,0,0,10.400000000000034,76658.40000000001,0.04190687361419069
9920,L57099,L,298.5,308.8,1305.0,58.7,26.0,0,0,10.300000000000011,76603.5,0.044946401225114854
9921,H39334,H,298.5,308.7,1450.0,43.9,28.0,0,0,10.199999999999989,63655.0,0.03025499655410062
9922,M24781,M,298.5,308.7,1347.0,48.5,33.0,0,0,10.199999999999989,65329.5,0.035979228486646884
9923,H39336,H,298.6,308.8,1566.0,39.1,36.0,0,0,10.199999999999989,61230.600000000006,0.024952137843012125
9924,M24783,M,298.5,308.7,1615.0,33.3,41.0,0,0,10.199999999999989,53779.49999999999,0.020606435643564354
9925,M24784,M,298.5,308.6,1384.0,54.4,44.0,0,0,10.100000000000023,75289.59999999999,0.03927797833935018
9926,M24785,M,298.5,308.7,1367.0,47.3,47.0,0,0,10.199999999999989,64659.1,0.034576023391812864
9927,M24786,M,298.5,308.6,1897.0,20.2,50.0,0,0,10.100000000000023,38319.4,0.010642781875658588
9928,L57107,L,298.5,308.6,1522.0,36.9,53.0,0,0,10.100000000000023,56161.799999999996,0.0242284963887065
9929,M24788,M,298.4,308.5,1576.0,27.4,55.0,0,0,10.100000000000023,43182.399999999994,0.01737476220672162
9930,H39343,H,298.4,308.4,1479.0,39.2,58.0,0,0,10.0,57976.8,0.02648648648648649
9931,L57110,L,298.3,308.3,1452.0,45.5,63.0,0,0,10.0,66066.0,0.03131452167928424
9932,L57111,L,298.3,308.3,1432.0,46.9,65.0,0,0,10.0,67160.8,0.032728541521284016
9933,L57112,L,298.3,308.2,1663.0,28.4,67.0,0,0,9.899999999999977,47229.2,0.01706730769230769
9934,L57113,L,298.3,308.3,1597.0,32.4,69.0,0,0,10.0,51742.799999999996,0.02027534418022528
9935,L57114,L,298.3,308.2,1472.0,44.3,71.0,0,0,9.899999999999977,65209.6,0.030074677528852678
9936,L57115,L,298.4,308.3,1452.0,48.5,73.0,0,0,9.900000000000034,70422.0,0.033379215416379907
9937,H39350,L,298.3,308.2,1534.0,33.2,75.0,0,0,9.899999999999977,50928.8,0.021628664495114008
9938,L57117,L,298.3,308.1,1505.0,46.1,80.0,0,0,9.800000000000011,69380.5,0.03061088977423639
9939,L57118,L,298.3,308.1,1528.0,33.9,82.0,0,0,9.800000000000011,51799.2,0.022171353826030082
9940,H39353,H,298.3,308.1,2636.0,12.8,84.0,0,0,9.800000000000011,33740.8,0.004854000758437619
9941,M24800,M,298.3,308.1,1722.0,28.6,89.0,0,0,9.800000000000011,49249.200000000004,0.016598955310504933
9942,L57121,L,298.4,308.1,1395.0,44.0,92.0,0,0,9.700000000000045,61380.0,0.03151862464183381
9943,L57122,L,298.4,308.1,1375.0,50.8,94.0,0,0,9.700000000000045,69850.0,0.03691860465116279
9944,M24803,H,298.3,308.0,1766.0,26.0,96.0,0,0,9.699999999999989,45916.0,0.014714204867006225
9945,L57124,L,298.3,307.9,1399.0,47.8,99.0,0,0,9.599999999999966,66872.2,0.03414285714285714
9946,L57125,L,298.3,308.0,1578.0,37.8,101.0,0,0,9.699999999999989,59648.399999999994,0.02393920202659911
9947,L57126,L,298.3,307.9,1502.0,42.0,103.0,0,0,9.599999999999966,63084.0,0.027944111776447105
9948,M24807,M,298.2,307.9,1529.0,36.6,105.0,0,0,9.699999999999989,55961.4,0.02392156862745098
9949,L57128,L,298.2,307.8,1804.0,25.1,108.0,0,0,9.600000000000023,45280.4,0.013905817174515236
9950,M24809,M,298.2,307.8,1411.0,53.4,110.0,0,0,9.600000000000023,75347.4,0.03781869688385269
9951,L57130,L,298.1,307.8,1413.0,54.1,113.0,0,0,9.699999999999989,76443.3,0.03826025459688826
9952,L57131,L,298.2,307.8,1355.0,59.4,115.0,0,0,9.600000000000023,80487.0,0.04380530973451327
9953,L57132,L,298.2,307.8,1429.0,46.9,117.0,0,0,9.600000000000023,67020.09999999999,0.032797202797202794
9954,L57133,L,298.1,307.8,1565.0,35.3,119.0,0,0,9.699999999999989,55244.49999999999,0.022541507024265644
9955,M24814,M,298.1,307.9,1446.0,42.8,121.0,0,0,9.799999999999955,61888.799999999996,0.02957843814789219
9956,M24815,M,298.2,307.9,1462.0,38.8,124.0,0,0,9.699999999999989,56725.6,0.02652084757347915
9957,M24816,M,298.2,307.8,1578.0,34.5,127.0,0,0,9.600000000000023,54441.0,0.021849271690943636
9958,L57137,L,298.1,307.8,1606.0,33.0,130.0,0,0,9.699999999999989,52998.0,0.020535158680771624
9959,M24818,M,298.1,307.8,1525.0,35.9,132.0,0,0,9.699999999999989,54747.5,0.023525557011795543
9960,L57139,L,298.1,307.8,1379.0,49.1,135.0,0,0,9.699999999999989,67708.90000000001,0.035579710144927536
9961,L57140,L,298.2,307.8,1575.0,35.0,137.0,0,0,9.600000000000023,55125.0,0.022208121827411168
9962,L57141,L,298.2,307.9,1399.0,54.9,139.0,0,0,9.699999999999989,76805.09999999999,0.039214285714285715
9963,L57142,L,298.2,307.9,1429.0,49.4,141.0,0,0,9.699999999999989,70592.59999999999,0.034545454545454546
9964,L57143,L,298.3,307.9,1435.0,39.9,143.0,0,0,9.599999999999966,57256.5,0.02778551532033426
9965,L57144,L,298.3,307.9,1766.0,26.5,145.0,0,0,9.599999999999966,46799.0,0.014997170345217883
9966,L57145,L,298.3,307.9,1703.0,28.9,147.0,0,0,9.599999999999966,49216.7,0.016960093896713616
9967,L57146,L,298.3,307.9,1507.0,41.2,149.0,0,0,9.599999999999966,62088.4,0.027320954907161805
9968,M24827,M,298.3,307.9,1609.0,32.4,151.0,0,0,9.599999999999966,52131.6,0.020124223602484472
9969,L57148,L,298.4,308.0,1605.0,32.4,154.0,0,0,9.600000000000023,52002.0,0.02017434620174346
9970,L57149,L,298.4,308.1,1491.0,50.0,156.0,0,0,9.700000000000045,74550.0,0.03351206434316354
9971,H39384,H,298.4,308.1,1891.0,24.7,158.0,0,0,9.700000000000045,46707.7,0.013054968287526426
9972,H39385,H,298.5,308.2,1563.0,44.6,163.0,0,0,9.699999999999989,69709.8,0.028516624040920716
9973,L57152,L,298.6,308.2,1390.0,51.4,168.0,0,0,9.599999999999966,71446.0,0.03695183321351546
9974,L57153,L,298.5,308.2,1444.0,40.5,170.0,0,0,9.699999999999989,58482.0,0.028027681660899653
9975,L57154,L,298.6,308.2,1361.0,68.2,172.0,1,0,9.599999999999966,92820.2,0.050073421439060205
9976,M24835,M,298.6,308.3,1589.0,34.1,174.0,0,0,9.699999999999989,54184.9,0.021446540880503146
9977,L57156,L,298.6,308.2,1705.0,26.3,177.0,0,0,9.599999999999966,44841.5,0.015416178194607269
9978,L57157,L,298.6,308.3,1422.0,40.4,179.0,0,0,9.699999999999989,57448.799999999996,0.028390723822909344
9979,H39392,H,298.6,308.3,1377.0,52.1,181.0,0,0,9.699999999999989,71741.7,0.03780841799709724
9980,L57159,L,298.5,308.3,1334.0,49.8,186.0,0,0,9.800000000000011,66433.2,0.037303370786516854
9981,L57160,L,298.6,308.4,1559.0,36.6,188.0,0,0,9.799999999999955,57059.4,0.02346153846153846
9982,L57161,L,298.7,308.5,1353.0,47.0,190.0,0,0,9.800000000000011,63591.0,0.03471196454948301
9983,M24842,M,298.7,308.4,1507.0,45.7,192.0,0,0,9.699999999999989,68869.90000000001,0.03030503978779841
9984,L57163,L,298.7,308.4,1694.0,28.7,195.0,0,0,9.699999999999989,48617.799999999996,0.016932153392330382
9985,H39398,H,298.7,308.4,1432.0,42.8,197.0,0,0,9.699999999999989,61289.6,0.029867411025819957
9986,H39399,H,298.7,308.5,1572.0,35.6,202.0,0,0,9.800000000000011,55963.200000000004,0.02263191354100445
9987,M24846,M,298.8,308.6,1507.0,42.3,207.0,0,0,9.800000000000011,63746.1,0.028050397877984082
9988,M24847,M,298.8,308.6,1500.0,37.1,210.0,0,0,9.800000000000011,55650.0,0.024716855429713525
9989,L57168,L,298.9,308.6,1771.0,24.1,213.0,0,0,9.700000000000045,42681.100000000006,0.013600451467268624
9990,M24849,M,298.8,308.5,1577.0,33.2,0.0,0,0,9.699999999999989,52356.4,0.021039290240811154
9991,L57170,L,298.8,308.5,1527.0,36.2,3.0,0,0,9.699999999999989,55277.4,0.023691099476439794
9992,M24851,M,298.9,308.4,1827.0,26.1,5.0,0,0,9.5,47684.700000000004,0.01427789934354486
9993,L57172,L,298.8,308.4,1484.0,39.2,8.0,0,0,9.599999999999966,58172.8,0.0263973063973064
9994,L57173,L,298.8,308.4,1401.0,47.3,10.0,0,0,9.599999999999966,66267.3,0.03373751783166904
9995,L57174,L,298.8,308.3,1634.0,27.9,12.0,0,0,9.5,45588.6,0.017064220183486238
9996,M24855,M,298.8,308.4,1604.0,29.5,14.0,0,0,9.599999999999966,47318.0,0.01838006230529595
9997,H39410,H,298.9,308.4,1632.0,31.8,17.0,0,0,9.5,51897.6,0.019473361910593998
9998,M24857,M,299.0,308.6,1645.0,33.4,22.0,0,0,9.600000000000023,54943.0,0.02029161603888214
9999,H39412,H,299.0,308.7,1408.0,48.5,25.0,0,0,9.699999999999989,68288.0,0.03442157558552165
10000,M24859,M,299.0,308.7,1500.0,40.2,30.0,0,0,9.699999999999989,60300.00000000001,0.026782145236508997
